-4.499,-1.8867545342045096e-16,-4.422394240645395e-20
-4.489,-1.7691032260853571e-16,-3.8540476909965514e-20
-4.479,-1.648169345639563e-16,-3.270867910805621e-20
-4.468999999999999,-1.5267892890968077e-16,-2.7006911432721468e-20
-4.459,-1.4073210944020757e-16,-2.163037477603317e-20
-4.449,-1.2917332230222338e-16,-1.6707984913340274e-20
-4.439,-1.181588373263048e-16,-1.2310197195655058e-20
-4.428999999999999,-1.0780821710530251e-16,-8.462187317284968e-21
-4.419,-9.821140649418796e-17,-5.157070049762139e-21
-4.409,-8.942746426760025e-17,-2.3636625419185245e-21
-4.399,-8.149509729343434e-17,-3.793075472953122e-23
-4.388999999999999,-7.443182095692651e-17,1.8723584555339403e-21
-4.379,-6.824052790272138e-17,3.421379764439145e-21
-4.369,-6.291320289972123e-17,4.661832008706526e-21
-4.359,-5.843167649218813e-17,5.643180023511258e-21
-4.348999999999999,-5.477326355373565e-17,6.409508334975869e-21
-4.3389999999999995,-5.191108483319328e-17,6.999554279706487e-21
-4.329,-4.9817685046846615e-17,7.445896980051623e-21
-4.319,-4.846557669718354e-17,7.775646795911562e-21
-4.308999999999999,-4.7828632036111607e-17,8.010786213623614e-21
-4.2989999999999995,-4.78839461598389e-17,8.168408145064365e-21
-4.289,-4.8611665575288166e-17,8.261474445809033e-21
-4.279,-4.9995961214913204e-17,8.299296148407027e-21
-4.268999999999999,-5.202561635168415e-17,8.287895757796713e-21
-4.2589999999999995,-5.469462870942914e-17,8.230286343982803e-21
-4.249,-5.800126850000655e-17,8.127100409328215e-21
-4.239,-6.194908426806361e-17,7.976651280865164e-21
-4.228999999999999,-6.654728719175769e-17,7.774889085545766e-21
-4.218999999999999,-7.180940694293757e-17,7.516021539598232e-21
-4.209,-7.775534745916733e-17,7.191835401930636e-21
-4.199,-8.440878106367751e-17,6.7926230133522e-21
-4.189,-9.179974738829185e-17,6.306253333971307e-21
-4.178999999999999,-9.996211051278776e-17,5.718919960038495e-21
-4.169,-1.0893650038684278e-16,5.014053026011778e-21
-4.159,-1.1876752056898783e-16,4.1732780555206105e-21
-4.149,-1.2950503358874058e-16,3.175971271007287e-21
-4.138999999999999,-1.4120401088531895e-16,1.9988924515507617e-21
-4.129,-1.5392501947327583e-16,6.163909202262212e-22
-4.119,-1.677336174812762e-16,-9.993682736961705e-22
-4.109,-1.827010723269253e-16,-2.8788866075107395e-21
-4.098999999999999,-1.989020010112035e-16,-5.0536599523927226e-21
-4.0889999999999995,-2.164200111736898e-16,-7.557763464376616e-21
-4.079,-2.35341288613768e-16,-1.0425798980902566e-20
-4.069,-2.5575934318511757e-16,-1.369271649843807e-20
-4.058999999999999,-2.7777262219658013e-16,-1.7391742181978767e-20
-4.0489999999999995,-3.0148735709335027e-16,-2.155515546245983e-20
-4.039,-3.270117201612671e-16,-2.6206553605558893e-20
-4.029,-3.54466395015103e-16,-3.136728336407608e-20
-4.019,-3.8397386684980694e-16,-3.704282157839529e-20
-4.0089999999999995,-4.156685974901256e-16,-4.322925206530397e-20
-3.9989999999999997,-4.49688183720492e-16,-4.989515811739643e-20
-3.989,-4.861791179186565e-16,-5.698670190902285e-20
-3.9789999999999996,-5.253001306939933e-16,-6.44148581267572e-20
-3.9689999999999994,-5.672156260484401e-16,-7.20430644213458e-20
-3.9589999999999996,-6.1209824580378e-16,-7.967463921510857e-20
-3.949,-6.601340813694578e-16,-8.704501072782498e-20
-3.9389999999999996,-7.115189725887263e-16,-9.379449756470224e-20
-3.9289999999999994,-7.664623869934497e-16,-9.945378297245449e-20
-3.9189999999999996,-8.251845473718173e-16,-1.0340948990865378e-19
-3.909,-8.879172256527715e-16,-1.0487574509258645e-19
-3.8989999999999996,-9.549155253560344e-16,-1.028666881745828e-19
-3.889,-1.0264411994276719e-15,-9.612293667203086e-20
-3.8789999999999996,-1.1027769516579867e-15,-8.307961026882233e-20
-3.8689999999999998,-1.1842272292744866e-15,-6.179476676766975e-20
-3.8589999999999995,-1.2711162628120824e-15,-2.987827425094967e-20
-3.8489999999999998,-1.3637757556374306e-15,1.5658516070931743e-20
-3.8389999999999995,-1.4625833438879163e-15,7.843621897555884e-20
-3.8289999999999997,-1.5679217646688024e-15,1.6291074656282968e-19
-3.8189999999999995,-1.6802160270033882e-15,2.744901410541306e-19
-3.8089999999999997,-1.799912468763231e-15,4.197903739344197e-19
-3.7989999999999995,-1.927472207361844e-15,6.068264311360752e-19
-3.7889999999999997,-2.022384848139524e-15,9.594665608244271e-19
-3.779,-2.165735109076589e-15,1.2790922772916082e-18
-3.7689999999999997,-2.3186218490347343e-15,1.6785260982426159e-18
-3.7589999999999995,-2.4816605867198896e-15,2.175174210823993e-18
-3.7489999999999997,-2.6555277589548622e-15,2.7900349955510075e-18
-3.739,-2.8409285429641516e-15,3.54836542368864e-18
-3.7289999999999996,-3.0386290718567147e-15,4.480500573518774e-18
-3.7189999999999994,-3.2494436544536652e-15,5.622822304073935e-18
-3.7089999999999996,-3.474217676296135e-15,7.019096987133549e-18
-3.699,-3.713892236746798e-15,8.721594113906053e-18
-3.6889999999999996,-3.969443955638306e-15,1.0793221739328384e-17
-3.6789999999999994,-4.2419243628725046e-15,1.3309331157518025e-17
-3.6689999999999996,-4.532435629059197e-15,1.6360005090142478e-17
-3.659,-4.842160116934503e-15,2.0053009622606824e-17
-3.6489999999999996,-5.172380290838872e-15,2.451781724866167e-17
-3.639,-5.524407170366547e-15,2.9909012179114564e-17
-3.6289999999999996,-5.8996700473667695e-15,3.641147145222022e-17
-3.6189999999999998,-6.299663791404521e-15,4.4246493256344966e-17
-3.6089999999999995,-6.726016031172676e-15,5.367844027596011e-17
-3.5989999999999998,-7.180386580050554e-15,6.502345876983432e-17
-3.5889999999999995,-7.66462418736637e-15,7.866040865130453e-17
-3.5789999999999997,-8.180629837695564e-15,9.504041178918306e-17
-3.5689999999999995,-8.730375117462796e-15,1.147039002001823e-16
-3.5589999999999997,-9.316012873619797e-15,1.3829652797952107e-16
-3.5489999999999995,-9.939828871168266e-15,1.6659025298111262e-16
-3.5389999999999997,-1.0604144757028726e-14,2.0050496616886615e-16
-3.529,-1.1311548495705378e-14,2.4114453645131847e-16
-3.5189999999999997,-1.2064655446269951e-14,2.898234348855164e-16
-3.5089999999999995,-1.2866212481679201e-14,3.481145606056732e-16
-3.4989999999999997,-1.3719274719467079e-14,4.1789667637427513e-16
-3.489,-1.4626838993892327e-14,5.014110519458747e-16
-3.4789999999999996,-1.5592137164179978e-14,6.013425922872091e-16
-3.4689999999999994,-1.66186029397191e-14,7.208944108562523e-16
-3.4589999999999996,-1.7709853152202598e-14,8.638972531895471e-16
-3.449,-1.8869424622882755e-14,1.0349240688099701e-15
-3.4389999999999996,-2.0101137614875652e-14,1.2394422901627206e-15
-3.4289999999999994,-2.140892697664682e-14,1.483981157708157e-15
-3.4189999999999996,-2.279719254427486e-14,1.776357151867727e-15
-3.409,-2.426988790287431e-14,2.1258925954565657e-15
-3.3989999999999996,-2.583114411908629e-14,2.5437613444556023e-15
-3.3889999999999993,-2.7485225919531195e-14,3.043275423878191e-15
-3.3789999999999996,-2.923661387440789e-14,3.640405594656673e-15
-3.3689999999999998,-3.1089202715395616e-14,4.354185977827801e-15
-3.3589999999999995,-3.3046849038562425e-14,5.207425577614671e-15
-3.3489999999999993,-3.511363825948541e-14,6.22742870952154e-15
-3.3389999999999995,-3.7292020469044376e-14,7.446748463127175e-15
-3.3289999999999997,-3.958484248634862e-14,8.904431631240623e-15
-3.319,-4.199318093421807e-14,1.0647111668607662e-14
-3.3089999999999997,-4.451801505460107e-14,1.2730727887138725e-14
-3.2989999999999995,-4.715692329714068e-14,1.5222026231614546e-14
-3.2889999999999997,-4.990643036413308e-14,1.8201105843710225e-14
-3.279,-5.2759764475525946e-14,2.1763750782812393e-14
-3.2689999999999997,-5.570593877564584e-14,2.6024485560684838e-14
-3.2589999999999995,-5.872927281438372e-14,3.112061727037394e-14
-3.2489999999999997,-6.180844658386002e-14,3.721727234169128e-14
-3.239,-6.491184643861369e-14,4.451037382231856e-14
-3.2289999999999996,-6.799939248026399e-14,5.323728065673715e-14
-3.2189999999999994,-7.101701560511619e-14,6.367993084641073e-14
-3.2089999999999996,-7.389178502488741e-14,7.617737016019439e-14
-3.199,-7.653340506243281e-14,9.113708277412883e-14
-3.1889999999999996,-7.88189456755705e-14,1.0904558230712864e-13
-3.1789999999999994,-8.059400179041471e-14,1.3048734520972181e-13
-3.1689999999999996,-8.166130500006186e-14,1.561637445299836e-13
-3.159,-8.176316390902226e-14,1.8691539333987568e-13
-3.1489999999999996,-8.057684911225733e-14,2.2375113666215447e-13
-3.1389999999999993,-7.768951880599198e-14,2.6788270516733126e-13
-3.1289999999999996,-7.257525649337888e-14,3.2076138133323356e-13
-3.1189999999999998,-6.456936012325649e-14,3.8413449395764765e-13
-3.1089999999999995,-5.282498378135162e-14,4.600943448385501e-13
-3.0989999999999993,-3.6281917337146453e-14,5.511579826166673e-13
-3.0889999999999995,-1.3587194942396142e-14,6.603460840603753e-13
-3.0789999999999997,1.6956205834477443e-14,7.912845271291649e-13
-3.069,-5.592066039247507e-17,-7.987250138308675e-21
-3.0589999999999997,-6.472741757174674e-17,-9.142821050148471e-21
-3.0489999999999995,-7.498490548941344e-17,-1.0251601933261644e-20
-3.0389999999999997,-8.692446551984694e-17,-1.1147706320224016e-20
-3.029,-1.0080409055704272e-16,-1.154655560559411e-20
-3.0189999999999997,-1.169160415026446e-16,-1.0977228354165315e-20
-3.0089999999999995,-1.355845286074125e-16,-8.675687560925663e-21
-2.9989999999999997,-1.571690876949227e-16,-3.421988436891839e-21
-2.989,-1.8205848283015596e-16,6.710493025813634e-21
-2.9789999999999996,-2.1066661209923908e-16,2.4741806572215713e-20
-2.9689999999999994,-2.43424213199337e-16,5.537321019164287e-20
-2.9589999999999996,-2.807565302133972e-16,1.0589123692587887e-19
-2.949,-3.2307397877232813e-16,1.875433871046147e-19
-2.9389999999999996,-3.707127969751416e-16,3.1764930733397916e-19
-2.9289999999999994,-4.238906163322099e-16,5.2281760461808455e-19
-2.9189999999999996,-4.826345753974483e-16,8.4384753287649545e-19
-2.909,-5.466601439377097e-16,1.3432409060457455e-18
-2.8989999999999996,-6.152131431209249e-16,2.1165700056947368e-18
-2.8889999999999993,-6.8684163105252705e-16,3.3099593146412505e-18
-2.8789999999999996,-7.591658559896931e-16,5.146509373489363e-18
-2.8689999999999998,-8.2833277233358e-16,7.9668649005757e-18
-2.8589999999999995,-8.88616964274799e-16,1.2290655971336984e-17
-2.8489999999999993,-9.314262979018076e-16,1.8909860284924106e-17
-2.8389999999999995,-9.445351442215113e-16,2.903240331151025e-17
-2.8289999999999997,-9.103389031948156e-16,4.449655429821796e-17
-2.819,-8.041179919753129e-16,6.810268006249117e-17
-2.8089999999999997,-5.910776920200398e-16,1.0410751451451339e-16
-2.7989999999999995,-2.22840761043036e-16,1.589832956252167e-16
-2.7889999999999997,3.6800521736980394e-16,2.425552143521707e-16
-2.779,1.2749200836698707e-15,3.697200770080991e-16
-2.7689999999999997,2.627612877965999e-15,5.630340720559901e-16
-2.7589999999999995,4.606636067598228e-15,8.565756681043501e-16
-2.7489999999999997,7.463415459758054e-15,1.3017099462638171e-15
-2.739,1.1550525298422558e-14,1.9755940984959163e-15
-2.7289999999999996,1.7363327299884554e-14,2.9938087230746933e-15
-2.7189999999999994,2.5605063539272777e-14,4.528458338324791e-15
-2.7089999999999996,3.7280908589053855e-14,6.8341665657440325e-15
-2.699,5.3840751274547726e-14,1.0285257983065196e-14
-2.6889999999999996,7.739841563424222e-14,1.5425413944707132e-14
-2.6789999999999994,1.1106696748672468e-13,2.303378815862875e-14
-2.6689999999999996,1.5949094792802354e-13,3.420492397203625e-14
-2.659,2.296714575762876e-13,5.0435906206334915e-14
-2.6489999999999996,3.3227227860353586e-13,7.368444067117851e-14
-2.6389999999999993,4.837528732577026e-13,1.0634515960787596e-13
-2.6289999999999996,7.09700861418857e-13,1.5095270187435716e-13
-2.6189999999999998,1.0503349174432956e-12,2.0932303055341062e-13
-2.6089999999999995,1.0342531087968507e-16,9.845895894146918e-22
-2.5989999999999993,1.6241546672289984e-16,4.312077488083749e-21
-2.5889999999999995,2.5978117901182415e-16,1.0476247658155183e-20
-2.5789999999999997,4.2276024051868684e-16,1.7597051196902234e-20
-2.569,6.988126485507208e-16,8.838828994348064e-21
-2.5589999999999997,1.1708795379707838e-15,-9.339615375615667e-20
-2.5489999999999995,1.9843047807242937e-15,-5.877234768333358e-19
-2.5389999999999997,3.3941249192210542e-15,-2.5294120261330005e-18
-2.529,5.84791063250772e-15,-9.466529453853814e-18
-2.5189999999999997,1.0130167676740804e-14,-3.2923623111445584e-17
-2.5089999999999995,1.761038533957487e-14,-1.0930763670760128e-16
-2.4989999999999997,3.0660241878744316e-14,-3.506834580926919e-16
-2.4889999999999994,5.33131255311288e-14,-1.0922496226719859e-15
-2.4789999999999996,9.21631558517726e-14,-3.3006278055976715e-15
-2.4689999999999994,1.570534880857279e-13,-9.621015363628894e-15
-2.4589999999999996,2.5916260424367784e-13,-2.668110888870098e-14
-2.449,3.972354669903013e-13,-6.831897038258984e-14
-2.4389999999999996,4.99569188947854e-13,-1.4966601666318692e-13
-2.429,3.7845699854040615e-17,2.7485015566376974e-21
-2.4189999999999996,-1.90224767915204e-16,-1.494433658974268e-20
-2.409,-1.3171028311898108e-15,-6.869104916348612e-19
-2.3989999999999996,-5.860078155478134e-15,-1.3220246287087902e-17
-2.389,-2.2210115356785605e-14,-1.673628905965436e-16
-2.3789999999999996,-7.599174877718407e-14,-1.0710438228441089e-15
-2.3689999999999998,-1.2366786259484385e-15,-2.300782166028158e-19
-2.3589999999999995,-6.897322080228157e-7,-2.8456812247127053e-7
-2.3489999999999998,-7.180006675267547e-16,-2.455935658042905e-19
-2.3389999999999995,-6.573558977781828e-17,6.049783093148271e-19
-2.3289999999999997,-3.3925919490968704e-7,1.343344336024484e-7
-2.3189999999999995,-6.835848927448058e-7,-1.004194413317773e-7
-2.3089999999999997,-6.739782096070981e-7,-1.9007405646236607e-8
-2.2989999999999995,-6.668999384946344e-7,2.160768347653502e-8
-2.2889999999999997,0.00011440121418989133,8.976448291165012e-15
-2.2789999999999995,0.00011401924729628413,-1.0518733433581237e-17
-2.2689999999999997,0.00011363684247974929,1.496434181566808e-14
-2.2589999999999995,0.00011325399481855279,-4.642695598825418e-18
-2.2489999999999997,0.00011287070079517942,-2.5592685595765234e-15
-2.2389999999999994,0.00011248695803537996,2.3821479205392936e-15
-2.2289999999999996,0.00011210276113727069,-1.921396395719673e-17
-2.2189999999999994,0.00011171810642542539,4.535752315791755e-19
-2.2089999999999996,0.00011133298891320198,-2.117648345682682e-13
-2.1989999999999994,0.00011094740819421216,-3.197986258170423e-14
-2.1889999999999996,0.00011056135644746734,1.880966007523414e-15
-2.179,0.00011017483083695863,1.221292460960193e-17
-2.1689999999999996,0.00010978782735694551,-9.774244910104748e-18
-2.159,0.00010940034179060303,1.6170347048113614e-18
-2.1489999999999996,0.00010901236988431901,-8.389742209158592e-20
-2.139,0.00010862390385149641,9.247629067409418e-13
-2.1289999999999996,0.00010823494903834514,-4.4667119683748176e-13
-2.1189999999999998,0.00010784549406158047,-1.0309093892934493e-13
-2.1089999999999995,0.00010745553362214547,1.410923582928131e-13
-2.0989999999999998,0.000107065064446929,-4.113564071447947e-14
-2.0889999999999995,0.00010667408263687712,-6.917439628980527e-14
-2.0789999999999997,0.0001062825836496329,1.0159170065385027e-13
-2.0689999999999995,0.00010589056323672595,2.31768855246484e-14
-2.0589999999999997,0.00010549801734567326,-2.293302750319926e-13
-2.0489999999999995,0.0001051049408975259,6.135531963213802e-14
-2.0389999999999997,0.00010471132747143402,7.790543248089654e-13
-2.0289999999999995,0.00010431717082177881,-1.2281091838079904e-20
-2.0189999999999997,0.00010392247060124485,1.7512083753680413e-19
-2.0089999999999995,0.00010352721987423858,3.4985580824254934e-19
-1.9989999999999997,0.00010313141367849494,-5.942413078622585e-19
-1.9889999999999994,0.00010273504699669408,4.629115997660159e-18
-1.9789999999999996,0.000102338114750159,5.901286490593822e-18
-1.9689999999999994,0.00010194061179880529,-3.938327253082796e-17
-1.9589999999999996,0.00010154253295711461,1.1488845130342626e-16
-1.9489999999999994,0.00010114387301482728,-7.218116859648718e-17
-1.9389999999999996,0.00010074462671941196,-7.737850829099623e-16
-1.9289999999999998,0.00010034478867460555,2.184030004497432e-15
-1.9189999999999996,0.00009994435328437437,-6.374131559686106e-15
-1.9089999999999998,0.0000995433149826005,8.806678723591028e-15
-1.8989999999999996,0.00009914166851583465,1.8162685501920928e-14
-1.8889999999999998,0.00009873940961874543,-1.715544852397247e-13
-1.8789999999999996,0.00009833653173737793,8.180729011795458e-13
-1.8689999999999998,0.00009793302499895167,1.4181073349993651e-19
-1.8589999999999995,0.00009752888940420497,-3.1255780427245892e-19
-1.8489999999999998,0.00009712411700777166,1.883784593433289e-17
-1.8389999999999995,0.00009671870183609997,7.314130717047348e-17
-1.8289999999999997,0.00009631263801657472,-1.2061250795942595e-15
-1.8189999999999995,0.00009590591953253826,1.8997616933867065e-15
-1.8089999999999997,0.00009549854007846418,1.0844684839428754e-15
-1.7989999999999995,0.00009509049347745322,-3.640183139565747e-17
-1.7889999999999997,0.0000946817736811907,5.202192501760901e-19
-1.7789999999999995,0.00009427237456805117,1.4305425560157937e-14
-1.7689999999999997,0.00009386228887215614,-1.1459747988431945e-19
-1.7589999999999995,0.00009345151100367301,5.945716566570483e-19
-1.7489999999999997,-0.00009701469407860087,5.020300339899827e-20
-1.7389999999999994,-4.911833280238028e-7,1.7313836508978814e-6
-1.7289999999999996,-7.006569250988144e-14,4.605019898387678e-15
-1.7189999999999994,-2.501089518367688e-7,1.340885540127728e-8
-1.7089999999999996,-7.410905505201673e-14,-1.0451257916585908e-15
-1.6989999999999994,-2.4768548767072754e-7,4.705977398157025e-8
-1.6889999999999996,-1.9401708075204017e-7,2.6485469554649964e-6
-1.6789999999999998,2.9480597298611826e-15,1.710512203177761e-17
-1.6689999999999996,-5.5267127825912295e-17,6.959774514582784e-18
-1.6589999999999998,1.2429550769831342e-12,6.346661734312051e-13
-1.6489999999999996,2.7006742800962437e-13,-1.598848659954297e-14
-1.6389999999999998,6.8937944842420975e-15,4.95476366136503e-17
-1.6289999999999996,-3.3298338762992216e-17,-9.349225685584207e-21
-1.6189999999999998,-3.6801082910920936e-15,-2.245359623075588e-18
-1.6089999999999995,-1.8139815533583782e-7,-2.6138289957715328e-6
-1.5989999999999998,1.2857002242333375e-13,6.218434089559278e-13
-1.5889999999999995,-7.38677230254636e-14,7.43334744201021e-15
-1.5789999999999997,-2.287114759928514e-7,-2.30735611983446e-8
-1.5689999999999995,-8.30286851754015e-16,-1.9252984489263763e-19
-1.5589999999999997,-9.175093250769805e-16,-3.150577609761669e-19
-1.5489999999999995,-1.0256863251077415e-7,-3.938010510703807e-6
-1.5389999999999997,-2.8655476209382297e-13,-1.588507454607235e-14
-1.5289999999999995,-1.9749420536663573e-13,-6.042224454022743e-15
-1.5189999999999997,-2.139734031578053e-15,-1.1430311348656536e-18
-1.5089999999999995,1.1152575276489038e-15,2.1280243149100567e-18
-1.4989999999999997,-0.00008029838920561419,-1.0122900990611811e-17
-1.4889999999999994,9.680416290137781e-15,6.633504709598401e-17
-1.4789999999999996,-1.2890267675950153e-13,1.1322617251177501e-14
-1.4689999999999994,-1.1017827216392772e-13,1.3046424909596779e-14
-1.4589999999999996,-1.7251701154469163e-7,2.155249554784435e-6
-1.4489999999999994,-1.5969083644719838e-14,7.39184201819852e-16
-1.4389999999999996,2.285436703476348e-13,-4.016323366761886e-15
-1.4289999999999994,4.817608091592059e-13,3.5632176096571087e-13
-1.4189999999999996,0.0000790217699418776,-3.644824350785732e-20
-1.4089999999999998,0.00007858206552193843,8.784204148754544e-18
-1.3989999999999996,0.0000781413805315377,1.7304113571392247e-14
-1.3889999999999998,0.000077699706153848,-2.4730818955329316e-15
-1.3789999999999996,0.00007725703127247225,-1.1922639681741091e-15
-1.3689999999999998,0.00007681334679856653,3.781489976446943e-20
-1.3589999999999995,0.00007636864226596621,1.8187545368382445e-15
-1.3489999999999998,0.0000759229072935586,-3.045440877876712e-20
-1.3389999999999995,0.00007547613184820315,1.0188739324790782e-17
-1.3289999999999997,-1.1925456160418695e-13,-1.959719143942104e-16
-1.3189999999999995,-3.3973534913111105e-17,1.227483049887605e-19
-1.3089999999999997,-5.045246328285296e-13,6.162115794426659e-14
-1.2989999999999995,-8.108145129971756e-14,-4.277907005202834e-16
-1.2889999999999997,3.77858921463325e-14,-2.081455080140593e-16
-1.2789999999999995,4.464542456888663e-15,1.5815006225424064e-17
-1.2689999999999997,1.4454128719456562e-16,3.218490327124403e-18
-1.2589999999999995,7.184039779933329e-14,-4.825422060545309e-16
-1.2489999999999997,8.879275450902538e-15,-9.239694701694008e-18
-1.2389999999999994,-3.2598939780755266e-12,4.866647269735263e-13
-1.2289999999999996,-4.3415369606299246e-8,3.683685292949799e-6
-1.2189999999999994,-1.2261930250857288e-7,2.3228631976367244e-6
-1.2089999999999996,-1.1772940577330527e-15,-3.0432532476894186e-19
-1.1989999999999994,-9.68864148713026e-16,3.9169093515055064e-16
-1.1889999999999996,5.482549375275024e-15,-3.2164850959167325e-18
-1.1789999999999994,-2.5562549869529628e-15,1.0372183010909128e-17
-1.1689999999999996,-1.1161362723844597e-12,-1.657718930962891e-13
-1.1589999999999998,5.4121799750085235e-14,-3.785401791564253e-16
-1.1489999999999996,-1.2263154351200638e-14,-2.206453239509706e-17
-1.1389999999999998,2.73362717217831e-15,-5.152893639890959e-19
-1.1289999999999996,1.385253397916372e-13,3.4855014467787697e-13
-1.1189999999999998,-5.143816374717497e-13,-2.850068875647253e-14
-1.1089999999999995,-6.873019357803578e-8,-2.899115031899648e-6
-1.0989999999999998,-1.2137069846520668e-13,1.6890946878162697e-14
-1.0889999999999995,-1.4532764472464595e-13,3.316032646467839e-15
-1.0789999999999997,-2.9302447814434395e-12,-1.6023932105499373e-12
-1.0689999999999995,9.478754129980726e-14,1.5998431375562256e-14
-1.0589999999999997,-3.855031381330425e-13,1.0711045415639294e-14
-1.0489999999999995,-6.541430410598623e-13,-5.2188233450388066e-14
-1.0389999999999997,-5.821339601441282e-13,-2.8683245144895396e-14
-1.0289999999999995,-1.05245602269818e-12,-7.383970968248132e-14
-1.0189999999999997,-1.0284522059186067e-12,-6.521293002090994e-14
-1.0089999999999995,-1.2285055440990004e-12,-1.1212805652766262e-13
-0.9989999999999997,-8.066215207227094e-13,-4.535650000177767e-14
-0.9889999999999994,-1.3105072760258618e-12,-1.2595734457060425e-13
-0.9789999999999996,-2.039084538876466e-12,-2.888870405864345e-13
-0.9689999999999994,-3.1970053371418046e-12,-6.101936215831264e-13
-0.9589999999999996,-5.064319378335919e-12,-1.2135819886117405e-12
-0.9489999999999994,-1.869267051187564e-15,1.169103728025038e-18
-0.9389999999999996,-2.138133508080046e-15,4.288759852266215e-19
-0.9289999999999994,-3.733451193655549e-15,1.0451726280675928e-18
-0.9189999999999996,-6.902034036314335e-15,2.6015082389281868e-18
-0.9089999999999998,-1.3510679293435729e-14,5.958098713939146e-18
-0.8989999999999996,-2.782870039501989e-14,7.837354821806013e-18
-0.8889999999999998,-5.968269518815987e-14,-4.0843297310415314e-17
-0.8789999999999996,-1.3163667912760473e-13,-5.416210676722704e-16
-0.8689999999999998,-2.9458476645719617e-13,-4.309558836190237e-15
-0.8589999999999995,-4.730951377265373e-13,-2.0977978420718403e-14
-0.8489999999999998,-1.1276815257734966e-12,-1.1360142851136944e-13
-0.8389999999999995,-2.8659005836829877e-12,-5.90662492338549e-13
-0.8289999999999997,-2.1915809535526026e-15,1.7884775451467596e-18
-0.8189999999999995,-9.125829447818408e-15,2.086689478507529e-17
-0.8089999999999997,-6.523486393354732e-14,7.343529037842439e-17
-0.7989999999999995,-5.232690442192744e-13,-2.1443184381301474e-14
-0.7889999999999997,7.778114535189147e-13,1.9507227318395364e-13
-0.7789999999999995,1.3546786027181737e-15,2.800119739241184e-17
-0.7689999999999997,-8.149630980141726e-15,-7.771963809777086e-18
-0.7589999999999995,2.0709586016187854e-7,4.436854392713396e-6
-0.7489999999999997,4.526396255336286e-14,6.742575786803356e-17
-0.7389999999999994,-9.272921372235938e-15,-7.088572930451166e-18
-0.7289999999999996,1.4242389889475271e-12,-1.5171470261940176e-13
-0.7189999999999994,-1.0411793459085937e-7,-1.948377559675302e-8
-0.7089999999999996,-2.2387364503628053e-12,-4.569023712080009e-13
-0.6989999999999994,-5.765360717972124e-14,-2.105493149009565e-16
-0.6889999999999996,1.017045938789411e-15,3.395313739449253e-17
-0.6789999999999994,2.711736940285299e-14,1.0680070847722309e-16
-0.6689999999999996,-2.4081268462417977e-15,-1.466625052412134e-18
-0.6589999999999998,-6.633725596091545e-15,-3.7191398944150564e-18
-0.6489999999999996,-1.316339267972541e-12,-4.6510005495559355e-14
-0.6389999999999998,-3.753946110742892e-12,-1.1268182113028596e-12
-0.6289999999999996,-8.396646624478847e-14,2.451680975239495e-14
-0.6189999999999998,-2.1209995478845551e-13,-2.344676039007149e-15
-0.6089999999999995,5.936746464304132e-14,-1.566422343879754e-16
-0.5989999999999998,-4.3287316095163195e-15,-3.1209526393784745e-18
-0.5889999999999995,-3.635672947295544e-12,-1.4363805646656957e-12
-0.5789999999999997,2.3158692721861697e-12,-6.025951214063925e-13
-0.5689999999999995,3.2156136559699135e-15,-4.605751457814032e-22
-0.5589999999999997,6.968207351517105e-13,4.762293918319363e-14
-0.5489999999999995,4.093650853616952e-12,-4.001511808904508e-13
-0.5389999999999997,8.16466381832462e-12,-2.24500899454539e-12
-0.5289999999999995,1.5451593107955385e-14,-6.699844529455434e-18
-0.5189999999999997,4.494080199268745e-14,-8.413899713925352e-17
-0.5089999999999995,1.507846180241764e-13,-1.0156978684216707e-15
-0.49899999999999967,5.457772163622716e-13,-1.1621385036555463e-14
-0.4889999999999999,1.878966673833562e-12,-1.0531060212121504e-13
-0.4789999999999992,1.0912300235921075e-16,-3.80223827336351e-19
-0.4689999999999994,-2.0410208792093628e-13,-1.8800475661418295e-15
-0.45899999999999963,2.0408221610833524e-14,-3.0116960577123084e-18
-0.44899999999999984,-3.830618822179022e-12,-7.503139873523415e-13
-0.43899999999999917,3.244819172400314e-14,6.364467297130299e-16
-0.4289999999999994,0.00002870300392121529,-1.8093871463217425e-19
-0.4189999999999996,0.00002809715570737122,2.626145114099755e-13
-0.4089999999999998,0.000027488647627749848,-1.6065153505399563e-16
-0.399,0.00008437948805729823,-0.00004293999894270058
-0.38899999999999935,0.000026263562018333405,-4.117981616388134e-15
-0.37899999999999956,2.2049319813923918e-7,2.9179395705821096e-6
-0.3689999999999998,-3.0806487178017865e-15,-4.342454918174554e-18
-0.359,-5.807971799152944e-12,-4.840304606535174e-13
-0.3489999999999993,-1.1696532562199517e-13,1.320584608566111e-15
-0.3389999999999995,-4.970609120947242e-8,3.665438426922453e-8
-0.32899999999999974,-8.680400299933352e-13,2.4880133068477334e-12
-0.31899999999999995,-3.2871645418037085e-12,2.3283414431476655e-15
-0.3089999999999993,-5.837069490539712e-8,-8.98425262870941e-8
-0.2989999999999995,-5.776217638120146e-13,1.564078693960106e-14
-0.2889999999999997,-6.293218588791472e-15,8.910003569968756e-16
-0.2789999999999999,-1.4163905581831093e-13,4.296629124065214e-16
-0.26899999999999924,-2.026890365233993e-12,5.863986608241446e-13
-0.25899999999999945,-3.638540139690653e-13,-2.9702607385949055e-15
-0.24899999999999967,-4.575817775642873e-13,2.984058989497155e-14
-0.23899999999999988,-4.949764898741674e-12,2.1865129628893345e-12
-0.2289999999999992,-1.6969087485176213e-11,7.944023806945736e-13
-0.21899999999999942,-1.5914047257091266e-12,-2.7782724456333186e-14
-0.20899999999999963,-4.799109183753257e-12,3.485660774517391e-12
-0.19899999999999984,-0.00004696421864122778,-3.644503055095006e-17
-0.18899999999999917,-2.620666565300242e-12,-1.110867896969556e-13
-0.17899999999999938,-1.7571893230899556e-11,-7.492135272939452e-12
-0.1689999999999996,-3.572738343817968e-12,-1.9207151262723362e-13
-0.1589999999999998,-2.3025944471645785e-8,-1.468673144637257e-9
-0.14899999999999913,-0.00003506059669688376,1.288439761053972e-13
-0.13899999999999935,-3.112622659496936e-11,-1.9046894031183913e-11
-0.12899999999999956,1.9753545824913566e-6,4.702961805939129e-6
-0.11899999999999977,-2.6759563696358438e-12,5.954460881155368e-12
-0.10899999999999999,0.00003475665098673043,-2.5139128323181886e-17
-0.09899999999999931,1.7541001121000782e-11,-7.291047007087876e-13
-0.08899999999999952,1.3067679683768083,1.5531912459265322e-17
-0.07899999999999974,1.3089440107032568,5.503093674821778e-26
-0.06899999999999995,1.3111463904410137,0.
-0.058999999999999275,1.313374947436399,-1.1344767542785994e-16
-0.04899999999999949,1.3156295237346445,3.497207133310894e-18
-0.0389999999999997,1.3179099635400497,5.19853236487526e-19
-0.028999999999999915,1.3202161131773182,7.78263219078173e-21
-0.01899999999999924,1.3225478210539496,-2.44276774644566e-24
-0.008999999999999453,1.324904937623687,-7.573064690121713e-28
0.001000000000000334,1.32728731535099,1.7159365499045027e-19
0.01100000000000012,1.3296948086764961,1.0743654440386004e-25
0.021000000000000796,1.3321272739834231,2.216637246488976e-21
0.031000000000000583,1.334584569564901,8.651647462814627e-19
0.04100000000000037,1.3370665555921935,1.6627071466144704e-17
0.051000000000000156,1.3395730940837853,3.549874073494553e-30
0.06100000000000083,1.3421040488753047,3.097080535672176e-24
0.07100000000000062,1.344659285590249,4.771798158665278e-22
0.0810000000000004,1.3472386716115088,-1.655775703953521e-19
0.09100000000000019,1.3498420760536385,-1.9535369016709695e-17
0.10100000000000087,1.3524693697358732,-1.9721522630525295e-31
0.11100000000000065,1.3551204251558564,4.1020767071492614e-29
0.12100000000000044,1.3577951164640563,5.856503360360792e-27
0.13100000000000023,1.3604933194388709,2.1034180581986378e-17
0.14100000000000001,0.00014436358604585553,-2.2696821285156845e-12
0.1510000000000007,-0.000011651264684131011,-1.4574165761255276e-15
0.16100000000000048,-1.1362585584328746e-11,1.1402305484396153e-12
0.17100000000000026,-0.00005656011458152308,-3.5491711557664034e-18
0.18100000000000005,1.3743327725069328,-5.766135429403022e-19
0.19100000000000072,1.377169525013525,4.9406141411587756e-17
0.2010000000000005,1.3800289632574396,-1.262177448353619e-29
0.2110000000000003,2.2637389861446925e-8,1.079243475641658e-8
0.22100000000000009,-1.2771561197198218e-13,-2.7422688077911103e-15
0.23100000000000076,1.6622916381863684e-11,5.981012423130236e-12
0.24100000000000055,-0.000019044078046352776,-6.298860592457523e-16
0.25100000000000033,0.000011391558935650039,2.774775992898239e-12
0.2610000000000001,-9.380977122781998e-15,-1.2318552134078384e-16
0.2710000000000008,0.00006234429683544103,-5.329748012282035e-14
0.2810000000000006,7.716078983164773e-12,8.477370305579983e-14
0.29100000000000037,1.701218679884904e-11,-4.617163691391189e-13
0.30100000000000016,-2.8160467025662814e-12,-3.62163019170661e-14
0.31100000000000083,1.998664925102742e-14,-1.85046326744741e-16
0.3210000000000006,8.3433901899695e-14,-6.409349805811474e-17
0.3310000000000004,-0.00024351022193298024,1.2616907389569765e-14
0.3410000000000002,-0.00011520089768989636,-1.022064401307827e-14
0.35100000000000087,-0.00011872322802064721,-1.5174290478672818e-14
0.36100000000000065,-0.000029457819295965407,7.36027581428564e-15
0.37100000000000044,-0.000030355331368240525,-4.337774549989884e-13
0.3810000000000002,-6.566101020995965e-13,-1.1849403691639587e-12
0.391,0.0222110304419724,8.902462004187113e-17
0.4010000000000007,-2.018992270832319e-13,1.2489963503148e-15
0.4110000000000005,2.2737205111737754e-11,4.3674857397694604e-12
0.42100000000000026,1.8050515028771486e-12,7.804388982884478e-14
0.43100000000000005,1.6678071390911048e-13,6.991911836017969e-16
0.4410000000000007,2.714315356719299e-15,-2.537212341894315e-17
0.4510000000000005,7.696746749329997e-13,-1.1828290361585856e-12
0.4610000000000003,-2.8091763430379817e-15,-4.923262354062205e-18
0.4710000000000001,-9.00442715813905e-15,6.093577039768897e-19
0.48100000000000076,-9.225938048452309e-12,1.3241911266797616e-12
0.49100000000000055,-1.5402308304681052e-12,7.213948867148065e-14
0.5010000000000003,-6.561427643990613e-13,1.3723859381919128e-14
0.5110000000000001,1.400215682112589e-12,-4.551909693767789e-14
0.5210000000000008,4.6382469017257465e-12,1.4545450900995226e-13
0.5310000000000006,1.6137085977538524e-13,-2.0757482115920337e-14
0.5410000000000004,-1.5501219638768835e-12,-2.8775368478989213e-13
0.5510000000000002,-2.444260332652955e-12,-5.15483454594139e-13
0.5610000000000008,-1.2447819918326359e-11,3.3926406222534396e-13
0.5710000000000006,-7.70080993414192e-12,3.1160260147184428e-12
0.5810000000000004,-7.661817750412214e-13,-7.264775396773007e-13
0.5910000000000002,5.066478808985131e-14,-7.68052706024167e-15
0.6010000000000009,1.1152019767304282e-12,1.9044016273338432e-14
0.6110000000000007,-8.975517021086457e-12,-1.40614832671672e-12
0.6210000000000004,4.489338543196028e-14,-3.5330605803208326e-17
0.6310000000000002,1.460490750573748e-14,-1.2223194302637578e-16
0.641,8.000637585882926e-15,-1.2850263611461385e-16
0.6510000000000007,1.5984675659621554e-11,7.947453255430277e-12
0.6610000000000005,6.759544095336397e-15,-6.197152610742446e-17
0.6710000000000003,-8.573574911786569e-12,1.36332041731426e-12
0.681,1.4504190047779765e-11,3.5814946885940475e-12
0.6910000000000007,5.041460159151106e-14,-1.2939878719450009e-14
0.7010000000000005,1.3545980691261707e-12,6.807947249617916e-14
0.7110000000000003,2.26430803366499e-13,-1.1373606385756618e-15
0.7210000000000001,-3.407831552451687e-14,2.4435805975273495e-17
0.7310000000000008,-1.3427045050274997e-13,-2.8568131465054923e-14
0.7410000000000005,-1.2624218475555581e-14,3.575335224277102e-18
0.7510000000000003,1.7948247021872054e-15,-3.2082287713164715e-17
0.7610000000000001,-6.704178466938623e-14,1.3636777911913335e-16
0.7710000000000008,0.00003388806339719059,2.7714870849193628e-15
0.7810000000000006,-1.8332711266720896e-14,2.0690923129068627e-18
0.7910000000000004,-1.199679418233693e-13,6.867707011034071e-16
0.8010000000000002,-0.0000735044884244676,2.600028964897098e-13
0.8110000000000008,-1.1199005597947499e-12,-6.535324260812399e-14
0.8210000000000006,-1.485632644834771e-14,-7.780150090920275e-17
0.8310000000000004,-1.8509933071710132e-13,3.994857079745804e-16
0.8410000000000002,1.2142635812904266e-7,1.456794673547246e-7
0.8510000000000009,-2.875261471628211e-12,2.6995912794222095e-13
0.8610000000000007,-1.5861028391656678e-14,1.630664563176505e-17
0.8710000000000004,-3.6553375784637973e-13,-5.596339398749599e-14
0.8810000000000002,-1.5063872781661494e-15,7.841272914642561e-19
0.891,-4.5388689185800996e-13,-6.560393695126128e-15
0.9010000000000007,-1.932543167963768e-12,1.686179872198283e-13
0.9110000000000005,-4.052765414820855e-13,8.181022250678894e-15
0.9210000000000003,-6.510143527500157e-12,-3.9201282108148315e-13
0.931,0.000040561080677147946,5.763770673163544e-15
0.9410000000000007,-4.50480522642924e-14,1.0850913154529097e-16
0.9510000000000005,-1.9015541644319446e-13,-1.4546281341118153e-15
0.9610000000000003,3.1796115699713317e-13,-2.5643482674412356e-14
0.9710000000000001,-2.3880737270817774e-13,-1.0357374048840672e-13
0.9810000000000008,0.000042625539121416204,3.0403578016886017e-15
0.9910000000000005,-0.0003592845057266455,-3.016743557027063e-20
1.0010000000000003,3.4783979145957633e-12,4.4364037366326253e-13
1.0110000000000001,3.7026826483022635e-14,-9.835260095334238e-17
1.0210000000000008,1.7284157669315422e-12,-9.679617849282301e-14
1.0310000000000006,-3.0030219808098127e-13,-5.258342645918227e-15
1.0410000000000004,-7.355689528150427e-13,-3.5125119166274566e-13
1.0510000000000002,-4.3001609411992037e-14,1.0112482231713403e-16
1.0610000000000008,-1.3335642714012153e-15,-5.5985259996928584e-18
1.0710000000000006,2.531119293460439e-14,-2.342423451441107e-17
1.0810000000000004,-3.1235533763190605e-14,-9.661318111743254e-17
1.0910000000000002,0.00004713437594189257,-9.352161206356359e-17
1.1010000000000009,0.00004754209023378846,-9.810564604549686e-15
1.1110000000000007,0.0000479494483941467,4.764145566721755e-14
1.1210000000000004,-1.5483957403612296e-12,1.3271777432518197e-13
1.1310000000000002,-8.866423174277989e-15,5.6533251223055825e-18
1.141,-1.0765137046582866e-11,4.981571644895261e-12
1.1510000000000007,-9.127661893220682e-13,-3.848317275772164e-15
1.1610000000000005,-3.110512382001404e-13,-9.79931702647148e-16
1.1710000000000003,-4.9799838367433e-13,-5.752300462864023e-14
1.181,1.3904148063905404e-13,-1.0060788295887447e-12
1.1910000000000007,-1.3271981592765527e-14,1.0677958153474606e-17
1.2010000000000005,-0.00028384963784582957,-0.00013190463960137972
1.2110000000000003,-0.0004478779719248274,-3.0150842735118566e-18
1.221,-7.050922460495008e-13,1.1400942926873372e-14
1.2310000000000008,-1.1513497675744047e-12,-1.1060701668761175e-12
1.2410000000000005,-5.302495914087332e-13,1.4888127302901802e-14
1.2510000000000003,-5.1120315328068786e-14,3.2725053035190596e-18
1.2610000000000001,1.5016649033829775e-14,-2.8925157942763115e-18
1.2710000000000008,9.083733748124518e-14,-1.448118519000043e-14
1.2810000000000006,-4.014945334144907e-15,1.6770993990940695e-18
1.2910000000000004,-3.224380764537176e-12,1.196639247150127e-12
1.3010000000000002,-2.7474207987457624e-12,3.294366747448204e-13
1.3110000000000008,4.5655328436891175e-14,-6.389436016760567e-16
1.3210000000000006,-7.746196842973093e-14,1.4905999553461508e-16
1.3310000000000004,6.208581578752372e-12,-1.0640844825996579e-12
1.3410000000000002,-9.408755877364531e-14,4.2899876962261515e-16
1.3510000000000009,-3.4458571485372405e-14,-7.261600620809779e-17
1.3610000000000007,-9.541822129580407e-13,-6.38394878747001e-13
1.3710000000000004,1.9049109506395083e-12,1.5181888836653896e-13
1.3810000000000002,-1.0237594069992458e-12,4.235154295861474e-14
1.391,3.859092429071398e-13,-3.591554926442638e-15
1.4010000000000007,-4.2648975835474067e-14,-1.2514215709625892e-16
1.4110000000000005,1.4453405888809194e-14,-2.360894258050771e-16
1.4210000000000003,5.2731197459986215e-12,-3.4452606145244734e-14
1.431,-3.492661932549319e-12,-2.414925491708947e-13
1.4410000000000007,3.778748551726457e-12,2.6779430058181743e-13
1.4510000000000005,-3.0461050878935484e-12,-7.409395555204839e-13
1.4610000000000003,-4.551134784258206e-12,1.3526561596428425e-12
1.471,-9.895346038281636e-14,-3.814592440082083e-12
1.4810000000000008,2.0819053953444875e-14,1.6391879916667015e-17
1.4910000000000005,-1.9542031710425265e-15,-9.617279252776005e-18
1.5010000000000003,-7.372252321516725e-14,-1.511966396918934e-17
1.5110000000000001,-3.299867366147141e-12,6.596493546938303e-13
1.5210000000000008,-7.376458853195535e-12,2.4200636793824305e-12
1.5310000000000006,2.587176695572467e-14,-3.406323991228385e-16
1.5410000000000004,1.627250786153153e-14,-2.7334406179101942e-16
1.5510000000000002,-3.579634138473845e-14,-3.712868694328434e-14
1.5610000000000008,-1.898232566597447e-12,-1.8691197922386208e-13
1.5710000000000006,1.3103511106702735e-12,-4.518892767540898e-13
1.5810000000000004,-3.5260384936387845e-12,-1.2714459398600471e-12
1.5910000000000002,-2.454453762250586e-13,-9.913105508893194e-13
1.6010000000000009,6.002584775566e-15,-8.2282697135962125e-19
1.6110000000000007,1.9186106718533e-12,6.587384053505107e-14
1.6210000000000004,1.1996376344044876e-12,7.589497740048545e-15
1.6310000000000002,3.7772543402502923e-13,-1.1269437306478335e-12
1.641000000000001,-5.036680953367751e-13,7.345434970696313e-15
1.6510000000000007,5.724705132171496e-13,-2.1496389539545182e-13
1.6610000000000005,-2.1595329059773564e-13,-9.755764819080948e-15
1.6710000000000003,-2.78784308618599e-13,1.3211451885376584e-15
1.681,-0.00006195682311721938,-0.00007781321527322539
1.6910000000000007,-9.866053284568022e-12,4.872592085961697e-12
1.7010000000000005,-0.00019116135923271104,2.808944526511419e-19
1.7110000000000003,-0.00019263873343687937,6.36219812551386e-16
1.721,-0.0001941190822456321,2.7445368701066493e-17
1.7310000000000008,-4.31078718037245e-12,-1.1147874338043393e-12
1.7410000000000005,-5.901243541980241e-12,-2.025214889161238e-12
1.7510000000000003,-7.263787108092419e-6,0.00003222604868436841
1.7610000000000001,1.117875652810771e-12,-9.531742823821072e-14
1.7710000000000008,2.949205986829831e-14,-1.226213586225288e-15
1.7810000000000006,-1.7261747629616686e-14,1.6407012181078475e-17
1.7910000000000004,-1.3023880903097118e-12,-2.0874787085442955e-12
1.8010000000000002,-8.096703102627188e-8,7.104106797489757e-6
1.8110000000000008,-1.596124796544122e-14,1.3877655610781639e-17
1.8210000000000006,-7.797003952679237e-15,3.3191881089587807e-18
1.8310000000000004,-2.8365776272138304e-13,-5.662412487671186e-12
1.8410000000000002,-1.1881594531936476e-12,-2.418549622377193e-12
1.8510000000000009,-1.9483825886933657e-12,-9.840243014784102e-13
1.8610000000000007,-2.1617371661224594e-12,-5.715067494151478e-13
1.8710000000000004,-1.5198767898436615e-12,-1.6007751508354682e-13
1.8810000000000002,8.477000945855401e-8,5.3815491897881604e-6
1.891000000000001,-1.3960099316941394e-12,-1.0245508201217276e-13
1.9010000000000007,-6.505685402539505e-13,-1.3850485835795593e-12
1.9110000000000005,1.88311100752873e-12,-2.5797811641215277e-12
1.9210000000000003,3.8748572705091673e-13,-1.6693070563256745e-12
1.931,-2.985383917460279e-13,-2.021796759036995e-12
1.9410000000000007,8.903569851195813e-12,-3.015753411998582e-12
1.9510000000000005,6.746654646506734e-12,-2.5903156513393287e-12
1.9610000000000003,5.764595658935059e-13,-3.650485655796309e-13
1.971,1.523838038171145e-12,-9.135079436222475e-13
1.9810000000000008,1.2079384220348642e-13,-2.5770660905072125e-13
1.9910000000000005,-1.1735262949885885e-14,3.09166322765468e-18
2.0010000000000003,7.586855100166322e-12,-2.287429788211082e-12
2.011,4.940410153359029e-12,-2.106284282327348e-12
2.021000000000001,3.5914721690484273e-12,-1.6893842709853276e-12
2.0310000000000006,2.7108187352857353e-12,-1.119894715897105e-12
2.0410000000000004,1.9109452047563783e-12,-5.997500605108477e-13
2.051,-6.188640317405845e-13,-1.3052831418928732e-12
2.061000000000001,9.592857455795236e-12,2.0690978685006248e-13
2.0710000000000006,6.1559006413216395e-12,-2.6776398993876103e-14
2.0810000000000004,4.016187425460508e-12,-1.3253022244001148e-13
2.091,3.010771328602094e-7,2.628991894028182e-7
2.101000000000001,-2.113758699495169e-12,-1.2431983840605641e-12
2.1110000000000007,-1.986378655865744e-12,-1.115546619714764e-12
2.1210000000000004,-1.9005282132876508e-12,-8.982557260321908e-13
2.1310000000000002,-1.903781551719949e-12,-6.372355564550453e-13
2.141000000000001,-2.1644710898532418e-12,-1.0765153277194937e-12
2.1510000000000007,-2.585598408421713e-12,-3.816702863092829e-13
2.1610000000000005,5.065769934834404e-14,8.127491531341103e-17
2.1710000000000003,3.997085067459645e-14,5.2268300717821486e-17
2.181,-1.6856323143939415e-11,7.034583665399688e-12
2.1910000000000007,-8.275143562280768e-12,1.8052485169447288e-12
2.2010000000000005,-3.0749541327686653e-12,3.1893719921596107e-13
2.2110000000000003,-6.354235567239963e-13,-2.1289310639385863e-15
2.221,4.449393833418511e-13,4.424052655727587e-15
2.2310000000000008,-2.8373916137832136e-14,8.21479732521654e-18
2.2410000000000005,-4.133295613620943e-15,-5.143951138825729e-16
2.2510000000000003,2.4901053232361386e-13,-9.585753279908911e-14
2.261,1.355570646631494e-14,4.267678372411128e-18
2.271000000000001,-2.618699209453083e-12,2.1269637300613447e-13
2.2810000000000006,-3.5437049015298685e-12,3.272351606111009e-13
2.2910000000000004,-3.952089415894037e-13,-6.267517075687339e-12
2.301,5.339083121219776e-13,7.778864481991333e-15
2.311000000000001,1.3599374230973123e-11,-1.3024671077766648e-12
2.3210000000000006,3.0538973311723816e-12,2.469644613243705e-13
2.3310000000000004,-0.00001783483974679895,0.00005685961741515279
2.341,-0.000012618678533848935,0.00004863502455264536
2.351000000000001,4.8108719066650174e-12,-4.8363793369845054e-14
2.3610000000000007,-3.852614161651114e-12,-4.687341722460163e-12
2.3710000000000004,3.913138494427234e-12,-8.10569187645748e-13
2.3810000000000002,1.8389998423750242e-11,5.0066847205161275e-12
2.391000000000001,1.9075003217723028e-13,1.3567813877799629e-16
2.4010000000000007,7.345294509724891e-13,-7.412087351371486e-12
2.4110000000000005,-5.951514202186618e-14,5.661449134358546e-17
2.4210000000000003,3.2001683841237476e-12,2.1008759373648884e-13
2.431,6.150598651091614e-13,7.684198766967163e-15
2.4410000000000007,-4.623000915735524e-12,4.1818433162810274e-13
2.4510000000000005,-1.0312497089354193e-14,2.968537781217074e-18
2.4610000000000003,-0.0003103526471162774,-4.311498967947658e-16
2.471,-9.14979314600373e-13,1.5107265271461734e-14
2.4810000000000008,-8.775999275104004e-12,1.449446769525176e-12
2.4910000000000005,2.918891495245514e-11,2.2526382399443674e-13
2.5010000000000003,3.3014754398707998e-12,1.0816741121112341e-13
2.511,1.0450266933489954e-11,1.6802943003289783e-12
2.521000000000001,6.840822041374949e-15,-1.8755907396131513e-16
2.5310000000000006,0.00010293223847770356,2.5005110023943603e-14
2.5410000000000004,-0.0010230739256690356,-5.830855131050486e-18
2.551,-0.0010275715265986667,5.21991941692221e-14
2.561000000000001,-0.0010320709012613092,9.832274595000851e-16
2.5710000000000006,-3.185150321795893e-11,2.1358393154492433e-12
2.5810000000000004,8.409232277575805e-12,-1.1812287120893911e-13
2.591,-1.0559784506101454e-11,2.3017414647798853e-13
2.601000000000001,8.008794364885364e-13,-3.0449430076453673e-17
2.6110000000000007,-6.3768064543504705e-12,-2.4726926283449745e-12
2.6210000000000004,-9.696805515290935e-12,4.627424222759197e-13
2.6310000000000002,-1.590902161747422e-14,-9.126819091272147e-15
2.641000000000001,1.8828178173690244e-12,-1.6525763966916553e-13
2.6510000000000007,3.067191467441324e-12,-1.8509225539202575e-13
2.6610000000000005,9.125983035171564e-15,-1.165680902067776e-16
2.6710000000000003,0.0025941618919800243,-1.4485604446441282e-19
2.681,-0.0003468142213344609,-5.862467300007062e-16
2.6910000000000007,-1.3213170700431827e-10,4.205597458084082e-11
2.7010000000000005,4.0964397394596125e-11,-7.316110724451266e-12
2.7110000000000003,-2.098042213214322e-9,7.971331044631223e-10
2.721,-2.978257569566658e-7,-1.5707864434161025e-10
2.7310000000000008,-1.5147839284191232e-11,-3.1939485396844734e-13
2.7410000000000005,-4.5464708662791824e-12,-3.9703346151147025e-14
2.7510000000000003,4.048141083438879e-12,-3.464320600925124e-14
2.761,-4.6694036650432794e-12,8.036465367174323e-11
2.771000000000001,-2.1095087211223434e-6,5.756182820293139e-13
2.7810000000000006,-2.471402746678022e-6,-2.45741901143784e-14
2.7910000000000004,-1.1521894993546587e-11,-7.179484796569664e-13
2.801,-3.194631046467901e-6,-1.0382142645841946e-14
2.811000000000001,-0.002289718619826668,8.059749465862382e-17
2.8210000000000006,-0.0022983874772289333,-3.651075412887631e-13
2.8310000000000004,-0.0023070580503937884,-5.0027857759371685e-19
2.841,-0.0023157303267585584,7.044233717356738e-17
2.851000000000001,-0.0011632678506421931,7.516139183996005e-14
2.8610000000000007,-0.00037709582563299517,-4.5174059280191207e-17
2.8710000000000004,-5.720609113866708e-6,5.806973213460143e-17
2.8810000000000002,-2.766435689249303e-13,-9.151467660598343e-16
2.891000000000001,-1.2205614864768905e-12,-2.2921978279824036e-14
2.9010000000000007,-2.3508782845256253e-14,6.290865055971189e-15
2.9110000000000005,-1.2962199167063764e-12,-2.7719016726503617e-14
2.9210000000000003,-1.3105535293493434e-12,1.5699225226232262e-13
2.931,-7.879028826352392e-6,-2.0382319222328092e-13
2.9410000000000007,-8.238170369408937e-6,-1.1818560069145333e-13
2.9510000000000005,-0.00039236689691727835,1.4313357794476547e-16
2.9610000000000003,-0.0012133594115955105,-7.151564574134503e-15
2.971,-6.613253571517465e-12,6.111788860018975e-13
2.9810000000000008,-7.301025736603089e-14,-1.1697381968483045e-16
2.9910000000000005,6.659182805166091e-13,-9.701664140868245e-15
3.0010000000000003,-0.000010389317931663765,1.0918843720252252e-17
3.011,1.873418388991279e-11,2.184564130701888e-12
3.021000000000001,7.251888752241621e-13,-1.1595980602251718e-14
3.0310000000000006,7.090104730225358e-13,-1.219761574386806e-14
3.0410000000000004,5.100371126822609e-14,5.526834714118775e-16
3.051,2.981441227241666e-14,-2.7298901552217613e-17
3.061000000000001,-2.0731057153149616e-14,-3.0055827955511066e-18
3.0710000000000006,4.0203997350390064e-13,-7.601541414616665e-16
3.0810000000000004,4.781053562513282e-13,-7.834211944002136e-15
3.091,6.014203822365378e-13,-5.861582308387733e-15
3.101000000000001,-9.953923892343082e-13,3.546355274421769e-13
3.1110000000000007,7.305930929613814e-14,5.874538999383251e-16
3.1210000000000004,-3.9505946702624247e-13,9.108506457418663e-15
3.1310000000000002,-0.000015028724072732855,7.873400048702268e-17
3.141000000000001,-2.8962081050394714e-13,-3.233328227256144e-15
3.1510000000000007,-7.265783535825235e-13,7.81603778509096e-13
3.1610000000000005,2.167300718784147e-13,2.7630254882469045e-13
3.1710000000000003,-2.2856439760755022e-14,3.1493721474996507e-19
3.181,6.286624137993425e-16,8.369726512748688e-18
3.1910000000000007,-0.000017160178636633082,-2.643227930642669e-17
3.2010000000000005,-0.0004351761689202488,9.376940426533862e-19
3.2110000000000003,-0.004238815397838733,1.7711827916228658e-14
3.221,-0.0042525561756767884,-5.877937350316652e-15
3.2310000000000008,-0.004266298396914985,1.2991423636217411e-14
3.2410000000000005,-0.004280042052458169,-3.062213579737124e-17
3.2510000000000003,-0.004293787134455426,1.3707609310218068e-16
3.261,4.27185058210209e-12,1.0449838923820043e-12
3.271000000000001,-1.1816533990884024e-14,2.7890067979327006e-18
3.2810000000000006,-0.004335030852723431,-8.330978643677671e-15
3.2910000000000004,-0.004348781554976207,5.649069891847861e-16
3.301,-0.004362533641445945,1.0938734425794189e-16
3.311000000000001,-0.004376287103964571,-2.7522006453291364e-21
3.3210000000000006,-0.004390041933863566,1.5531718072483116e-13
3.3310000000000004,-0.004403798124622015,-1.4468964111008e-21
3.341,-0.004417555666627178,-1.5528938914599843e-20
3.351000000000001,-0.004431314552432813,-8.224613419788466e-19
3.3610000000000007,-0.004445074774122996,-1.2226563399417425e-20
3.3710000000000004,-0.00445883632365924,2.0049389678310825e-14
3.3810000000000002,-0.004472599193696778,-1.5309427486129634e-14
3.391000000000001,-0.0044863633761865985,-6.118982551346142e-19
3.4010000000000007,-0.0045001288633824054,1.734669718930514e-18
3.4110000000000005,-0.004513895647721941,9.842023889164539e-19
3.4210000000000003,-0.0045276637216214045,2.549592435690172e-19
3.431000000000001,-0.004541433077544239,-1.0991989244208542e-15
3.4410000000000007,-0.004555203708252722,2.4165175447499793e-14
3.4510000000000005,-0.004568975605689165,3.409003736914545e-18
3.4610000000000003,-0.0045827487630953866,-1.2740371705809371e-20
3.471,-0.004596523172951856,-8.364320198397742e-21
3.4810000000000008,-0.004610298827909505,1.0587405962736264e-15
3.4910000000000005,-0.004624075721003508,-4.169120098064956e-15
3.5010000000000003,-1.6029430062828234e-12,7.279940608957692e-13
3.511,-2.872872260733029e-14,5.817855801931695e-18
3.521,-2.943111118238897e-14,-2.0308839964909042e-17
3.5309999999999997,1.4980536356344066e-12,2.5779058184880605e-13
3.5410000000000013,2.299919009810562e-13,-3.778686745968992e-15
3.551000000000001,-1.0044374887627561e-14,4.872771255934317e-19
3.561000000000001,2.150958112345484e-12,-5.980575135755426e-13
3.5710000000000006,-2.2844860475353385e-14,-4.6511215145151805e-17
3.5810000000000004,-6.634494941345577e-15,7.567424007230456e-17
3.591,-0.0005028852275377381,-1.7821931434365677e-19
3.601,-0.00003156662988520963,-9.02556608367708e-17
3.6109999999999998,-6.118072919053443e-13,2.404791263538185e-14
3.6210000000000013,-0.00003226266946992968,7.330155119298244e-14
3.631000000000001,1.5862736378674612e-12,2.7342234535376124e-13
3.641000000000001,8.07704376434582e-15,1.725097350278119e-14
3.6510000000000007,-1.4639562953500042e-12,1.99386284332514e-12
3.6610000000000005,-0.000033652978063799685,-1.7095808251618553e-14
3.6710000000000003,-0.0005168874359915328,5.147677856432717e-14
3.681,-0.000518640071461355,2.7403605084769014e-15
3.691,-7.351469724835385e-15,2.4178029579912527e-16
3.7009999999999996,1.4655432228836431e-15,3.1479396972648044e-19
3.711000000000001,0.00014568627529948776,3.03908028085228e-12
3.721000000000001,-0.00003573409891400815,-8.142730976295941e-13
3.7310000000000008,-0.0005274108108211336,2.4881175148499582e-15
3.7410000000000005,7.163457982827624e-14,-3.3952084380648056e-16
3.7510000000000003,-0.0031108016684966546,2.938723747444238e-15
3.761,-0.003119592079961404,4.641096692434812e-16
3.771,-0.0031283834443393225,-3.344694083392104e-15
3.7809999999999997,-0.003137175755748579,1.5260319047847685e-15
3.7910000000000013,-0.003145969008802735,-1.6691378256355605e-16
3.801000000000001,-0.0031547631978990995,-1.0208400865113891e-17
3.811000000000001,-0.0031635583177559673,2.0481955596864618e-14
3.8210000000000006,-0.0031723543623966236,8.738022095354766e-18
3.8310000000000004,-0.003181151327017593,-3.770013830955921e-19
3.841,-0.0031899492060940417,7.26132479591991e-21
3.851,-0.0031987479941238436,2.3029679715687574e-14
3.8609999999999998,-0.0032075476863325323,-5.029775203815507e-15
3.8710000000000013,-0.003216348277156653,-1.3793560235645298e-20
3.881000000000001,-0.003225149761363618,-1.4067446348090393e-16
3.891000000000001,-0.003233952133559203,6.431369859176688e-14
3.9010000000000007,-0.003242755389538433,-2.6047571204348563e-18
3.9110000000000005,-0.0032515595233036623,9.534091382659575e-17
3.9210000000000003,-0.0032603645301446465,1.3477546813681962e-17
3.931,-0.003269170405020814,1.663815014165787e-18
3.941,-0.003277977142960993,3.1244242025104666e-19
3.9509999999999996,-0.0032867847390265896,7.964465714907779e-20
3.961000000000001,-0.0032955931883123213,2.029294844886166e-19
3.971000000000001,-0.0033044024859478437,6.090646607046086e-19
3.9810000000000008,-0.0033132126270963825,2.4353921258903454e-18
3.9910000000000005,-0.0033220236069550152,1.036811558612262e-17
4.001,-0.003330835420754345,4.024832735902318e-17
4.011,-0.0033396480637587966,1.2528767417324432e-16
4.021,-0.0033484615312883038,-7.470647295315427e-20
4.031,-0.0033572758186360004,-1.8902360290008876e-18
4.041000000000001,-0.0033660909211963093,7.4964384021031445e-22
4.051000000000001,-0.003374906834345895,-2.4309549772194204e-21
4.061000000000001,-0.003383723553520031,-1.3621900063701372e-20
4.071000000000001,-0.0033925410741788764,-1.3316676274172665e-20
4.081,-0.003401359391814189,-2.5878255596687148e-21
4.091,-0.003410178501949053,6.943979293990931e-22
4.101,-0.0034189984000122303,-6.267624933505316e-14
4.111,-0.00342781908189927,-7.85244932203624e-15
4.121000000000001,-0.00343664054305559,-1.2454880612360275e-15
4.131000000000001,-0.0034454627790455735,-4.0881972872623996e-17
4.141000000000001,-0.00345428578563191,8.506467476662997e-16
4.151000000000001,-0.003463109558483362,-1.754636221616919e-16
4.1610000000000005,-0.003471934093293731,-9.022903534526555e-18
4.171,-0.003480759385945047,-7.766068108395448e-17
4.181,-0.00348958543240143,-4.709918707679736e-15
4.191,-0.003498412227783207,-2.5712756971957094e-16
4.201000000000001,-0.0035072397686764607,-3.360017994006507e-19
4.211000000000001,-0.0035160680506527444,-1.2333722952499316e-14
4.221000000000001,-0.0035248970696993395,1.6441651111882227e-15
4.231000000000001,-0.003533726821758295,7.334091665732927e-16
4.2410000000000005,-0.003542557302756948,1.6515551803140917e-16
4.251,-0.0035513885086965965,2.27126468582686e-17
4.261,-0.0035602204355752107,-2.9675495023496206e-16
4.271,-0.0035690530794585586,3.8868554366959676e-17
4.281,-0.003577886436430401,-9.626162715343665e-21
4.291000000000001,-0.0035867205018767384,2.611529308561221e-13
4.301000000000001,-0.003595555274007225,3.5970915684822284e-17
4.311000000000001,-0.003604390746784131,-8.68112563254332e-15
4.321000000000001,-0.003613226917389719,1.861065983068093e-15
4.331,-0.0036220637818472137,7.059715715346772e-20
4.341,-0.0036309013363060886,-1.5438070822099227e-17
4.351,-0.0036397395771036217,-1.3105619899139489e-16
4.361,-0.0036485785005146553,-7.439360083414309e-16
4.371000000000001,-0.0036574181027886304,-1.383441570210973e-15
4.381000000000001,-0.003666258380392844,9.485099755540858e-18
4.391000000000001,-0.0036750993298423754,-2.0258008608776215e-14
4.401000000000001,-0.003683940946638005,-6.0552428779468156e-15
4.4110000000000005,-0.003692783228312071,-8.406787158292138e-20
4.421,1.2016488828359878e-12,-5.876232313149312e-13
4.431,1.9449599356100532e-13,1.1477361195431362e-13
4.441,1.611691594519866e-13,-2.829969546097202e-15
4.451000000000001,-0.0006548555127563377,4.73129344546532e-21
4.461000000000001,2.658402022264137e-15,-1.7859720712129893e-18
4.471000000000001,-0.00006135923768587896,-1.2895063930158578e-12
4.481000000000001,-2.1090487057835756e-16,6.238513906100141e-20
4.4910000000000005,-1.1415011956455413e-14,2.8652185658745974e-18