-4.499,93971.25429981008,9.068147944405278e-9
-4.489,87639.8908567926,-0.0015772551122216092
-4.479,91775.2770888606,5.682840405576623e-9
-4.468999999999999,91419.26346088991,-3.3719771322248804e-8
-4.459,90183.55523117476,0.024357960861848264
-4.449,89296.19603325787,-0.3915660288819226
-4.439,90920.8051046311,-0.00041293775837027364
-4.428999999999999,88809.74528966974,-0.047884321840820004
-4.419,87817.40845986072,-0.2011314067388802
-4.409,87402.82921551945,-0.824098193941402
-4.399,87935.28988857911,-24.1048073001459
-4.388999999999999,87359.55443813147,-0.012265489958106224
-4.379,89516.42262780709,-2.718040213342851e-7
-4.369,90086.62175473305,5.0948895149570755e-9
-4.359,88490.01154795158,-106.52656425067565
-4.348999999999999,88546.57360085787,4.933093725527497e-8
-4.3389999999999995,86427.99542721803,-0.0031739659023400308
-4.329,81911.94687992161,40.33645128338476
-4.319,87740.3937476319,3.192086886763996
-4.308999999999999,17644.816940704965,-0.010463783322267273
-4.2989999999999995,17442.380644408946,-0.004454799250818247
-4.289,17449.819234339117,-0.040920122695635025
-4.279,17231.45565170424,-0.14380227211508384
-4.268999999999999,17580.614254756845,-0.16802839699831612
-4.2589999999999995,17385.265165422785,-1.152406451192732
-4.249,17301.93767754707,-0.0024807580432097097
-4.239,17691.586700870026,-7.877756874311381e-9
-4.228999999999999,17405.299098478747,-0.32830835194743413
-4.218999999999999,17176.57101689901,-0.00452742585698823
-4.209,17566.380979402413,-1.8339420423458354e-9
-4.199,17369.81455505939,-0.00007764682556544113
-4.189,17275.058255785534,-0.038379114664606445
-4.178999999999999,17141.691975240723,-2.914072111832008e-7
-4.169,17073.23613694601,-0.08457433404117351
-4.159,17117.4567192063,-5.35070027292727
-4.149,17131.973942848967,-7.587160800530924e-8
-4.138999999999999,17052.17429898301,-0.000020320240550185154
-4.129,16964.803269675187,-0.001239089231997757
-4.119,16533.58841026013,-0.6661412589849827
-4.109,17030.35815544173,-10.139732558629241
-4.098999999999999,16713.691110227453,-0.008649598928332617
-4.0889999999999995,16847.38652948417,-0.002550580872489783
-4.079,16712.603674633025,-0.1582456379169821
-4.069,16888.446984579172,-10.13633320735984
-4.058999999999999,16304.913992219628,-1.0545412334275501
-4.0489999999999995,16384.282097934214,-0.038664410049734005
-4.039,16340.648905893788,-2.413932557326241
-4.029,16717.154914062,-1.2212617446279134e-6
-4.019,16531.059300922116,-0.6106613877914815
-4.0089999999999995,16527.14521400367,-0.0006269914830249602
-3.9989999999999997,16351.553363394198,-0.600983764335175
-3.989,16170.222947884391,-1.0637712475949055
-3.9789999999999996,16487.562709800488,-1.4463568484319887e-7
-3.9689999999999994,16138.009101026275,-2.149211773837215
-3.9589999999999996,16264.049757205417,-0.5617626902319994
-3.949,16040.047043323928,-2.033568214628393
-3.9389999999999996,16191.77455193679,-1.1345518721453929
-3.9289999999999994,16103.86787460427,-19.321333994104087
-3.9189999999999996,16186.229627924557,4.875023923402697
-3.909,15921.505883410473,1.0608179778074174
-3.8989999999999996,15976.187136464003,0.5845118482284237
-3.889,15679.752518809215,4.285524850683823
-3.8789999999999996,15637.981217859537,0.15730852274087337
-3.8689999999999998,15637.889488890998,0.009316918786751158
-3.8589999999999995,15868.603896891282,2.442979577547094
-3.8489999999999998,15904.36816464361,0.008886346929540049
-3.8389999999999995,15826.055745078736,1.1272805181327614
-3.8289999999999997,15777.277128211303,4.732406860149201
-3.8189999999999995,15713.27172648562,0.1469220031723224
-3.8089999999999997,15360.816505581317,0.0005771525322064825
-3.7989999999999995,15728.589301005091,2.7180951968542997e-7
-3.7889999999999997,15582.243172177765,4.709988683267653
-3.779,15545.991317880831,0.5931427347927254
-3.7689999999999997,15563.260918546062,2.231472919489227
-3.7589999999999995,15279.033621441755,0.2936105019985029
-3.7489999999999997,15308.148588520931,1.2135711242281415
-3.739,15206.650055089305,2.141487719206709
-3.7289999999999996,15368.140467935067,0.004647197193231407
-3.7189999999999994,15335.908215894799,4.779871711389079
-3.7089999999999996,14949.663822206321,0.26453658100494726
-3.699,15123.83111839339,2.0449703400626964
-3.6889999999999996,15001.917191689987,0.018385566731777145
-3.6789999999999994,14984.20662864494,0.06808629232521377
-3.6689999999999996,15054.626173411181,0.01645014131743853
-3.659,14970.644825914076,2.183029080123732
-3.6489999999999996,14999.60638533477,4.66330640006519
-3.639,15187.469855527976,-8.618146650695093e-9
-3.6289999999999996,6133.638982992278,-0.05598631600238034
-3.6189999999999998,15103.999227293052,-8.482349654844576e-9
-3.6089999999999995,72650.41548171133,0.17505406048988748
-3.5989999999999998,72535.46229502992,0.6695256983412863
-3.5889999999999995,71832.30969046555,-0.00003775484285535984
-3.5789999999999997,14514.580256178011,0.0000700128377393114
-3.5689999999999995,14571.817701111986,-0.007628621919240713
-3.5589999999999997,14269.772261199181,-0.4738284442991181
-3.5489999999999995,69367.51866854826,2.2669712528463393
-3.5389999999999997,71702.80346613798,-1.3671169178344895
-3.529,13660.166649133786,-0.49612056526726994
-3.5189999999999997,69491.37049823356,9.143607958690843
-3.5089999999999995,73354.09470882147,-9.522753079458598e-9
-3.4989999999999997,69887.51859806142,-0.14584603085667813
-3.489,70575.62466713194,-20.829636127119606
-3.4789999999999996,71916.58619453995,4.1175947005092464e-7
-3.4689999999999994,14236.806483420849,-0.3057792137495179
-3.4589999999999996,-90886.745238082,1.4940743960208676
-3.449,14242.515683762413,-1.0121353304769309e-6
-3.4389999999999996,14239.251342710944,-0.00003257183706169891
-3.4289999999999994,13998.846476835175,-0.00365039396472705
-3.4189999999999996,69801.36708974901,-5.293927121978104
-3.409,68101.32840827278,9.230776696694644
-3.3989999999999996,71054.59373082448,-6.607850671979299e-10
-3.3889999999999993,68519.66431331134,6.266635869612264e-7
-3.3789999999999996,67822.28869428695,-0.313250165400456
-3.3689999999999998,64832.06965467463,-0.12734886281561636
-3.3589999999999995,65320.444721939064,8.498901481165529
-3.3489999999999993,66360.43369927832,-0.13987679446528795
-3.3389999999999995,68324.6833465865,2.414498620133379e-6
-3.3289999999999997,66902.59161599875,0.07971204524128969
-3.319,66452.61703182408,5.219024692371365
-3.3089999999999997,66946.2362612879,0.1456785077358974
-3.2989999999999995,65784.28578264327,2.1662302364020727
-3.2889999999999997,63958.69285994928,8.57069998762698
-3.279,66397.51710891913,-9.442520089496263
-3.2689999999999997,64858.225200858426,-1.0471593450210017
-3.2589999999999995,65728.55560256224,-0.06889813912670492
-3.2489999999999997,65621.7601154996,-0.06977568106490348
-3.239,65468.31124214564,-0.009501473774042257
-3.2289999999999996,65171.81263203972,-4.8632083046834875
-3.2189999999999994,65753.01445577535,-0.3167953688433591
-3.2089999999999996,63898.71974776309,-16.978270553206393
-3.199,65402.12789194428,-39.7738970877367
-3.1889999999999996,64791.11865695746,0.15397179266428251
-3.1789999999999994,64133.892040798164,19.474970974737666
-3.1689999999999996,63792.06419560651,9.74164747219794
-3.159,63596.42273362859,0.294109392762525
-3.1489999999999996,65828.45380001019,-1.3766949422624735e-8
-3.1389999999999993,62734.7208213002,0.01649169579406689
-3.1289999999999996,63144.51513661799,0.00014844538530806262
-3.1189999999999998,63723.69380741404,-0.004610102339169236
-3.1089999999999995,63562.0370654571,-0.07186641880096489
-3.0989999999999993,115894.20043952865,54265.58676325862
-3.0889999999999995,110293.11170095003,71810.81598073583
-3.0789999999999997,149415.51221996758,110829.54491581548
-3.069,207173.86733472155,253830.65559075974
-3.0589999999999997,34545.25584969882,79203.54983350396
-3.0489999999999995,1428.2389998288054,-1.3191070112821288e-8
-3.0389999999999997,28879.469859704604,152562.81723562325
-3.029,1415.0328195278908,0.00001706006446934128
-3.0189999999999997,1402.5027270484975,0.018883171644018572
-3.0089999999999995,1400.4183293782846,0.03831286567049301
-2.9989999999999997,1400.089390415379,0.04000861372129641
-2.989,1393.7308713256975,0.04312801780040254
-2.9789999999999996,1392.1503823053124,0.1244361617285788
-2.9689999999999994,1383.0351883064814,-0.037185875499622933
-2.9589999999999996,1381.4397867843659,-0.0005661263119525882
-2.949,1377.0589730359216,-0.0005488006026858011
-2.9389999999999996,1372.4283424915461,0.03557604898806595
-2.9289999999999994,346.825010720998,-0.015223354780617232
-2.9189999999999996,1084.3082940585648,0.00010547417387387755
-2.909,-5642.75721720276,0.0034144040215044634
-2.8989999999999996,-5616.536464695771,-0.023923952234146555
-2.8889999999999993,-14156.225555896826,0.14000403279835516
-2.8789999999999996,-14098.163194566137,0.000014074760647581178
-2.8689999999999998,-5552.731291620999,-0.02836946490260428
-2.8589999999999995,-14045.833167246703,-1.3113171438416297e-8
-2.8489999999999993,-5525.369433085856,6.338807795059207e-7
-2.8389999999999995,-13901.635528284316,-0.22683514888401668
-2.8289999999999997,-52218.25139244775,-118028.95641363993
-2.819,-40224.34320341497,-126267.31844191582
-2.8089999999999997,-62087.42779657162,-191655.88390836876
-2.7989999999999995,-35445.30123258025,-227563.20677386867
-2.7889999999999997,-30504.45969038507,-243677.98923822818
-2.779,-57948.375066762506,-193611.38876917955
-2.7689999999999997,-51851.545099103845,-195600.03698084844
-2.7589999999999995,-72595.62920767463,-0.004977618692112542
-2.7489999999999997,100867.33465813447,-40123.433515068136
-2.739,55205.44898611779,-16.696317149474126
-2.7289999999999996,54601.31617397237,7.629413785664386
-2.7189999999999994,55072.71985639583,34.29718385889322
-2.7089999999999996,54790.897644102864,0.0037962448379258683
-2.699,54754.28120834292,16.71699454561589
-2.6889999999999996,52155.15833955851,8.05741597799048
-2.6789999999999994,54394.103856670634,3.875247097126267
-2.6689999999999996,53442.11544415381,0.9029229026452179
-2.659,53135.415484325844,0.4716330787600632
-2.6489999999999996,54793.79415749059,1.4060980771314787e-6
-2.6389999999999993,51834.293130400445,6.994715233794874
-2.6289999999999996,52526.03929787752,-7.961352741479393
-2.6189999999999998,53743.00251482625,16.20941690500606
-2.6089999999999995,97389.75145966178,-50635.25574139293
-2.5989999999999993,97975.9706989008,-45806.221282110884
-2.5889999999999995,23128.753650997016,126590.17848077104
-2.5789999999999997,12515.11719915505,-9056.420054428732
-2.569,92915.06332693905,-35950.31390635051
-2.5589999999999997,52763.84557741288,-1.002398158206077
-2.5489999999999995,52800.30037266571,-64.03050486386041
-2.5389999999999997,52005.6351257412,4.4584656602195496e-7
-2.529,348213.51953309646,220348.31683710177
-2.5189999999999997,343286.27465887467,224686.10366828612
-2.5089999999999995,321619.13332374615,241043.82003387593
-2.4989999999999997,296783.2060748913,258256.99149810662
-2.4889999999999994,247321.4062609193,288583.7675293157
-2.4789999999999996,169013.6033222576,329321.24964417797
-2.4689999999999994,-25196.567763410407,492255.211279308
-2.4589999999999996,-63928.82057613963,219802.1942437576
-2.449,-54703.26257507849,145970.82330812459
-2.4389999999999996,-64284.94677003348,5.60525715121189e-7
-2.429,-63878.524355809015,0.018079209678755967
-2.4189999999999996,-39248.07119881684,-223327.80426544827
-2.409,25570.639334874675,-155513.2676678246
-2.3989999999999996,-40566.84946298623,-65702.29908007642
-2.389,-61394.10272487707,-264415.288353931
-2.3789999999999996,-21778.74294600389,-248384.1100159417
-2.3689999999999998,3274.4120631594083,-403898.94712294015
-2.3589999999999995,162190.54276252387,-339891.6672688309
-2.3489999999999998,297530.4817657267,-267503.1552857565
-2.3389999999999995,395523.49905738153,-185369.9572240632
-2.3289999999999997,493071.4231788706,4769.925253485764
-2.3189999999999995,229916.91581079326,-310040.8709505598
-2.3089999999999997,431209.3852174676,3.347642590075518e-6
-2.2989999999999995,405003.4080214985,175990.3319537426
-2.2889999999999997,315840.8179501969,258269.73390233543
-2.2789999999999995,207601.9788458734,324140.1436998262
-2.2689999999999997,88043.93644326214,369937.0991348874
-2.2589999999999995,-31798.7600759646,400519.4961828892
-2.2489999999999997,-28241.78683922529,248481.27038280634
-2.2389999999999994,7674.010980099249,156611.31929583423
-2.2289999999999996,20066.535813857194,157161.40302790396
-2.2189999999999994,-16880.420734230738,408176.1541754955
-2.2089999999999996,106287.29631240199,367950.2755558074
-2.1989999999999994,241871.73525115728,311132.02800817
-2.1889999999999996,351725.3886453807,234623.13156034972
-2.179,424017.3742391163,154812.71631489444
-2.1689999999999996,437592.21230988164,134581.50787202604
-2.159,472276.2605966616,65456.56706571069
-2.1489999999999996,489245.07376918587,10524.691563168999
-2.139,481548.47541620437,-3.7780454436620662e-6
-2.1289999999999996,473485.4106182529,-0.000045909418708380695
-2.1189999999999998,490475.59489391756,3224.9829575829217
-2.1089999999999995,42803.290527565594,0.0063679299373577605
-2.0989999999999998,18779.469939849703,-105262.55639732548
-2.0889999999999995,41890.93415244701,-0.000011569774211676357
-2.0789999999999997,42949.042634227706,-0.003144130140386189
-2.0689999999999995,42384.00971721714,0.09620641052240042
-2.0589999999999997,41624.58017235957,-0.0007608504974396251
-2.0489999999999995,41215.65661539995,-3.0810687022218435
-2.0389999999999997,-37272.587711560234,226592.31049110173
-2.0289999999999995,81525.16665316065,39070.42772614271
-2.0189999999999997,79811.00630647602,42560.18887092347
-2.0089999999999995,81163.78054624422,44868.36286836869
-1.9989999999999997,82626.45451634351,48463.78491425223
-1.9889999999999994,87380.32061305353,53011.17430663373
-1.9789999999999996,382865.38730657456,212490.82466202328
-1.9689999999999994,357701.5623519,238963.45279366686
-1.9589999999999996,395033.861556436,199056.25743678428
-1.9489999999999994,359845.2736865738,237723.9014286706
-1.9389999999999996,320291.4285340877,273233.8978247416
-1.9289999999999998,280507.325287368,302877.5584630848
-1.9189999999999996,239907.01925033578,328210.69718570466
-1.9089999999999998,198032.8590710813,349908.86198917596
-1.8989999999999996,159724.06769259373,366225.249338043
-1.8889999999999998,113638.18024302041,381453.4466528913
-1.8789999999999996,64149.91926053303,392679.68711239676
-1.8689999999999998,-28374.183168086078,512759.1302928718
-1.8589999999999995,-20821.907098319185,446800.2748877959
-1.8489999999999998,7416.0985315339885,301794.681216384
-1.8389999999999995,16797.078232304793,168294.0038993985
-1.8289999999999997,-22157.797298687234,234170.37790807048
-1.8189999999999995,-23733.802771752784,199762.21965616674
-1.8089999999999997,-31603.498722963323,264781.61228255706
-1.7989999999999995,-26514.654333295097,214497.62791680568
-1.7889999999999997,-23651.857725754628,163127.9574810675
-1.7789999999999995,-33535.6709989523,161098.75938399945
-1.7689999999999997,-43283.89383309117,158445.32398472726
-1.7589999999999995,-52853.280695812085,155176.03867256027
-1.7489999999999997,-62200.30675233872,151303.0581570107
-1.7389999999999994,-36795.00339912572,85284.57401269335
-1.7289999999999996,-40427.77508239053,104988.83422090615
-1.7189999999999994,-30795.505395564618,121217.4312309707
-1.7089999999999996,-36848.281886793055,205451.70600107117
-1.6989999999999994,-60186.16800538984,202456.6949544488
-1.6889999999999996,152100.95468752368,379079.6874591386
-1.6789999999999998,-56159.06719559349,167849.3497866534
-1.6689999999999996,-51670.498652570815,158768.11100618102
-1.6589999999999998,290886.71651765576,308815.1027605843
-1.6489999999999996,346730.0507789471,262772.44955881557
-1.6389999999999998,-20935.20024156839,177819.4119624289
-1.6289999999999996,-43245.04975114782,175561.1680993273
-1.6189999999999998,-42511.379821443115,0.7010858502526478
-1.6089999999999995,-42447.36628376977,0.00019309001045561466
-1.5989999999999998,-14004.985961351109,12050.82324025946
-1.5889999999999995,-41601.09840464003,-1.398848883184912
-1.5789999999999997,-41532.184549209975,2.9874437084624175
-1.5689999999999995,14388.743044873288,192080.46272095517
-1.5589999999999997,-18422.067663667654,225177.3986129766
-1.5489999999999995,-11754.947338723534,9315.814311417715
-1.5389999999999997,-11488.900494743028,9013.292114331372
-1.5289999999999995,-58515.713943040944,527786.9359113257
-1.5189999999999997,-32772.44835858765,323691.9814558608
-1.5089999999999995,13847.539284072973,197766.57660032876
-1.4989999999999997,-21055.575149378834,239596.4543343735
-1.4889999999999994,-34107.63827379917,239169.19153049387
-1.4789999999999996,-26027.460425500758,146908.89439822637
-1.4689999999999994,-38640.36580437617,144332.52349865076
-1.4589999999999996,-51302.78621628966,140555.05882137813
-1.4489999999999994,-21632.624632681076,155677.2819376698
-1.4389999999999996,-1110.351986602402,185232.52856091844
-1.4289999999999994,-25962.72308436047,191719.35764608814
-1.4189999999999996,-7599.582335167433,276260.31693177903
-1.4089999999999998,-89801.11262295039,577955.123542927
-1.3989999999999996,-97983.01140220463,466044.2128476409
-1.3889999999999998,-287092.60931635497,812882.1823461135
-1.3789999999999996,-464319.73805072944,740118.9095373133
-1.3689999999999998,-623903.9686800514,625044.6394069066
-1.3589999999999995,-854845.6000581308,732323.73733058
-1.3489999999999998,-1.054058490320996e6,478007.3213720368
-1.3389999999999995,-888421.2685615129,100387.02850278054
-1.3289999999999997,-1.1576119057085e6,-158481.0055962627
-1.3189999999999995,-1.0542622118524255e6,-455888.7598247805
-1.3089999999999997,-873165.2138744981,-692754.340357358
-1.2989999999999995,-644067.7552836847,-580871.2394973263
-1.2889999999999997,-510993.74496543035,-685824.826555411
-1.2789999999999995,-366166.35600311356,-758096.8524309135
-1.2689999999999997,-156951.34182450897,-441029.7310714131
-1.2589999999999995,-77935.68298589202,-448844.90890359366
-1.2489999999999997,-85784.76970606396,-553159.6536549202
-1.2389999999999994,-14001.453815699277,-265316.00966807245
-1.2289999999999996,-50958.52990116777,-396740.3353618517
-1.2189999999999994,-10720.426511432206,-179036.46238627154
-1.2089999999999996,-26356.827409366586,-144952.1422403066
-1.1989999999999994,-33456.724953173856,-135023.27339945812
-1.1889999999999996,-43039.35478247454,-131264.85623022213
-1.1789999999999994,-31739.80992114405,-133458.81957129258
-1.1689999999999996,-20142.27362416602,-134919.96879409472
-1.1589999999999998,-9465.361114257335,-172804.09949301125
-1.1489999999999996,2440.80929274827,-178126.98320470194
-1.1389999999999998,-41227.382075427166,-287110.71234407654
-1.1289999999999996,-29689.692379854798,2.2358501207125654
-1.1189999999999998,-29422.0450332396,1.1487236282612847
-1.1089999999999995,-29219.681697530545,0.00206727090798464
-1.0989999999999998,178389.097246825,394666.0366533743
-1.0889999999999995,167615.4217500376,399181.41584110854
-1.0789999999999997,183611.45614956724,393347.2024425434
-1.0689999999999995,189446.71530732384,391297.64646935306
-1.0589999999999997,198788.65091998066,387596.4517892602
-1.0489999999999995,209039.77930893982,383220.83542626136
-1.0389999999999997,229778.5882970746,373056.54159513843
-1.0289999999999995,227205.62062079247,374811.00506209093
-1.0189999999999997,216747.98497318014,380589.28529816965
-1.0089999999999995,184932.36237112657,395497.943005761
-0.9989999999999997,110023.048307996,419906.41723330325
-0.9889999999999994,49592.95680037052,430300.6835317491
-0.9789999999999996,-55409.6263680302,445332.9011829328
-0.9689999999999994,-44485.88638895611,280730.96683311876
-0.9589999999999996,-31204.202293901377,141253.7984037883
-0.9489999999999994,-39723.27363114166,126167.86547002001
-0.9389999999999996,-17820.81918096994,171733.10251047602
-0.9289999999999994,-49919.64698269914,160444.44221269272
-0.9189999999999996,-71384.00867422749,358593.02839186485
-0.9089999999999998,-54691.636716376284,191676.21968610462
-0.8989999999999996,-25438.83707177483,132638.91303358006
-0.8889999999999998,-33689.60946872498,181330.6442818598
-0.8789999999999996,-368086.19917295553,721441.6938044454
-0.8689999999999998,-781821.0367240689,295795.8926887797
-0.8589999999999995,-801110.6340689972,-232965.99738751265
-0.8489999999999998,-502836.47773746884,-635797.721600306
-0.8389999999999995,-173294.79977673327,413576.05520573386
-0.8289999999999997,-71825.17740772518,426581.5218510704
-0.8189999999999995,-27976.79035223021,140567.8703358447
-0.8089999999999997,-78675.90190178948,-375266.0296476846
-0.7989999999999995,-31132.41999512926,174979.29271923724
-0.7889999999999997,-90717.15805914566,422867.3613358696
-0.7789999999999995,-364305.1641553401,698426.9367924923
-0.7689999999999997,-536512.2631063933,593917.3161018514
-0.7589999999999995,-629759.9863890484,503308.7162616233
-0.7489999999999997,-675830.964079058,443340.69395833893
-0.7389999999999994,-693173.3417861606,415539.0812902942
-0.7289999999999996,-690953.5523053629,416231.5081322654
-0.7189999999999994,-602623.5174098401,-473259.5931956415
-0.7089999999999996,-26259.14362916945,-127663.13113806804
-0.6989999999999994,-72113.84404527019,-351859.29167572927
-0.6889999999999996,-2971.414354384477,-571544.0318763566
-0.6789999999999994,-6389.377182939924,-99748.89578393397
-0.6689999999999996,428993.63155633037,-175843.9868682554
-0.6589999999999998,252087.54960230642,1.1111252030800147e-7
-0.6489999999999996,471611.9300291062,23767.894515031425
-0.6389999999999998,109486.95786345155,433192.4280148963
-0.6289999999999996,-18933.744273314293,72148.02923105763
-0.6189999999999998,-741278.655929596,80502.65522357466
-0.6089999999999995,143728.90221016234,-424931.80592334806
-0.5989999999999998,-15780.23137761688,-1.1756727722650099e-6
-0.5889999999999995,121350.19440470579,-532260.3688710437
-0.5789999999999997,273688.7430835459,-361933.3980975217
-0.5689999999999995,-40193.284594640296,118029.31213058122
-0.5589999999999997,338622.11491029605,307519.65475955623
-0.5489999999999995,-80644.59247050075,551155.9071316364
-0.5389999999999997,464309.7953441885,68848.90498372348
-0.5289999999999995,372657.8290689951,-269636.23579715006
-0.5189999999999997,13104.383666073836,-449474.81768527726
-0.5089999999999995,335358.6515403653,5.932400074067787e-7
-0.49899999999999967,-247.72487835321274,0.00006006794173295905
-0.4889999999999999,-12916.356025983468,-7.165507472705072e-9
-0.4789999999999992,-519226.270005128,182172.836900304
-0.4689999999999994,-18826.192787222062,88048.10211037192
-0.45899999999999963,205007.06329167992,405903.2175461044
-0.44899999999999984,438618.94848990557,156676.3173877408
-0.43899999999999917,-9255.756298602795,20093.82048811377
-0.4289999999999994,-28489.150758075175,451674.10533607035
-0.4189999999999996,-88747.54535644554,200415.8747135263
-0.4089999999999998,-25089.98996465274,134698.5560029606
-0.399,-140768.92502515233,304840.9265286143
-0.38899999999999935,-10213.350710242643,-0.0813295724067748
-0.37899999999999956,-815750.5838846943,69389.19703585865
-0.3689999999999998,-266331.86214511615,650637.7773639952
-0.359,-14354.199847749527,67275.9431657042
-0.3489999999999993,-97018.57076215721,-437189.7870907285
-0.3389999999999995,370986.59529972443,-276404.32818851917
-0.32899999999999974,331255.22184834286,321196.80098859867
-0.31899999999999995,-8865.396500377923,35287.1682438594
-0.3089999999999993,-26082.322480828843,-455998.22636190057
-0.2989999999999995,259570.21210564108,380067.86857974704
-0.2889999999999997,-92815.98063444227,380861.6282135064
-0.2789999999999999,-117937.23746320623,329320.1067429941
-0.26899999999999924,446008.171843383,-137877.95028115073
-0.25899999999999945,-88399.39077656345,449751.18408682616
-0.24899999999999967,28502.090749397677,458143.5606455969
-0.23899999999999988,-82825.4958497525,-314452.14055811305
-0.2289999999999992,258127.34336271364,1.8396854231395986e-7
-0.21899999999999942,468155.17322516284,-25076.775020573335
-0.20899999999999963,-5483.496532595367,-0.11034001236300614
-0.19899999999999984,-192144.6947771267,-485255.48256384884
-0.18899999999999917,-59326.408046141696,277088.3995190906
-0.17899999999999938,-158780.64340974347,432953.0829629733
-0.1689999999999996,-10802.932384938544,39208.849565469245
-0.1589999999999998,37824.70064902211,460511.75362750667
-0.14899999999999913,268396.7260079314,1.3784841677655046e-6
-0.13899999999999935,326778.23759588174,1.761905154224741e-6
-0.12899999999999956,351246.6222018114,-2.8836104579137537e-6
-0.11899999999999977,298028.11623179686,-8.082258281705789e-7
-0.10899999999999999,218066.30692486232,-410098.80958335917
-0.09899999999999931,419123.4240545164,205000.12411373254
-0.08899999999999952,438269.496849087,161136.50940355597
-0.07899999999999974,-42523.64977439055,-462615.7792251736
-0.06899999999999995,-408504.4490858533,166784.18018111528
-0.058999999999999275,27.53485535511713,0.002064963973455184
-0.04899999999999949,18.271351129931933,0.000030352489380182154
-0.0389999999999997,355264.68326265865,0.000014105032329013023
-0.028999999999999915,-229525.7594001687,405869.65201953874
-0.01899999999999924,365850.73504785134,-1.1072097290937585e-6
-0.008999999999999453,298522.39575773897,6.039514041352735e-7
0.001000000000000334,-0.12215411066822178,1.6763783014021236
0.01100000000000012,-0.12249669610824784,1.669164087826377
0.021000000000000796,-0.12270707069474746,1.6619905893258127
0.031000000000000583,-0.12280896304982494,1.6548366061429922
0.04100000000000037,-0.12281153836658038,1.6476955107017395
0.051000000000000156,-0.12272334245260334,1.6405611755639813
0.06100000000000083,-0.12255233160212839,1.6334279228187583
0.07100000000000062,-0.12230590252936259,1.6262904787109729
0.0810000000000004,-0.12199092308524082,1.6191439336511793
0.09100000000000019,-0.12161376246059911,1.6119837072278123
0.10100000000000087,-0.12118032135078971,1.6048055169038886
0.11100000000000065,-0.12069606078389049,1.5976053502731493
0.12100000000000044,-0.12016603044521382,1.5903794400725078
0.13100000000000023,-0.11959489548870683,1.5831242418564118
0.14100000000000001,-0.11898696240834322,1.5758364136715441
0.1510000000000007,-0.1183462035439889,1.5685127976464064
0.16100000000000048,-0.1176762802659496,1.5611504031801755
0.17100000000000026,-0.11698056491000883,1.5537463915114686
0.18100000000000005,-0.11626216140860139,1.546298061470568
0.19100000000000072,-0.11552392467289485,1.5388028363001587
0.2010000000000005,-0.11476847875465414,1.5312582513902016
0.2110000000000003,-0.11399823383087379,1.5236619428315266
0.22100000000000009,-0.1132154020724136,1.5160116366611018
0.23100000000000076,-0.112422012408533,1.508305138800703
0.24100000000000055,-0.11161992433819638,1.5005403255194825
0.25100000000000033,-0.11081084066376197,1.4927151344010194
0.2610000000000001,-0.10999631942670399,1.484827555791067
0.2710000000000008,-0.10917778492453158,1.4768756246763262
0.2810000000000006,-0.10835653793995567,1.4688574128492187
0.29100000000000037,-0.10753376521168773,1.460771021494612
0.30100000000000016,-0.10671054820680903,1.4526145740251613
0.31100000000000083,-0.10588787123510549,1.444386209180568
0.3210000000000006,-0.10506662895261583,1.4360840743725536
0.3310000000000004,-0.10424763329761097,1.4277063192268455
0.3410000000000002,-0.10343161989892485,1.4192510893034072
0.35100000000000087,-0.10261925399512936,1.4107165199662552
0.36100000000000065,-0.10181113590049219,1.4021007303763848
0.37100000000000044,-0.10100780605146503,1.3934018175814626
0.3810000000000002,-0.10020974966517403,1.3846178506759583
0.391,-0.0994174010394037,1.3757468650050675
0.4010000000000007,-0.09863114752147414,1.3667868563852688
0.4110000000000005,-0.09785133317154633,1.3577357753137114
0.42100000000000026,-0.09707826214404662,1.3485915211376245
0.43100000000000005,-0.09631220180918869,1.33935193615384
0.4410000000000007,-0.09555338563497777,1.330014799607081
0.4510000000000005,-0.0948020158485053,1.3205778215540402
0.4610000000000003,-0.09405826589395873,1.3110386365582556
0.4710000000000001,-0.09332228270343737,1.3013947971785806
0.48100000000000076,-0.0925941887953808,1.2916437672113328
0.49100000000000055,-0.09187408421429688,1.2817829146431994
0.5010000000000003,-0.09116204832438281,1.2718095042684245
0.5110000000000001,-0.09045814146860653,1.2617206899197473
0.5210000000000008,-0.08976240650395395,1.251513506257936
0.5310000000000006,-0.08907487022258921,1.241184860059318
0.5410000000000004,-0.08839554466798705,1.230731520934621
0.5510000000000002,-0.08772442835426988,1.2201501114052367
0.5610000000000008,-0.08706150739637687,1.2094370962548855
0.5710000000000006,-0.0864067565580079,1.1985887710651422
0.5810000000000004,-0.08576014022376816,1.1876012498323185
0.5910000000000002,-0.0851216133013558,1.1764704515505353
0.6010000000000009,-0.08449112205919806,1.1651920856310292
0.6110000000000007,-0.0838686049044502,1.1537616360105811
0.6210000000000004,-0.08325399310589282,1.1421743437819054
0.6310000000000002,-0.08264721146589053,1.130425188155391
0.641,-0.08204817894519228,1.11850886553409
0.6510000000000007,-0.08145680924408266,1.106419766451401
0.6610000000000005,-0.08087301134307814,1.0941519500826604
0.6710000000000003,-0.08029669000611363,1.0816991159964806
0.681,-0.07972774624889918,1.0690545727577025
0.6910000000000007,-0.0791660777749386,1.0562112029293524
0.7010000000000005,-0.07861157938147585,1.0431614239437164
0.7110000000000003,-0.07806414333745723,1.0298971442193714
0.7210000000000001,-0.07752365973543311,1.0164097137884167
0.7310000000000008,-0.07699001681916376,1.002689868560838
0.7410000000000005,-0.07646310128856305,0.988727667185357
0.7510000000000003,-0.07594279858346911,0.9745124192598372
0.7610000000000001,-0.07542899314764194,0.9600326033894273
0.7710000000000008,-0.07492156867424175,0.9452757732732717
0.7810000000000006,-0.07442040833399657,0.930228449603253
0.7910000000000004,-0.07392539498712843,0.9148759950568843
0.8010000000000002,-0.07343641138005855,0.8992024690294789
0.8110000000000008,-0.07295334032783553,0.8831904579347277
0.8210000000000006,-0.07247606488315234,0.8668208758485076
0.8310000000000004,-0.07200446849275106,0.8500727288964081
0.8410000000000002,-0.07153843514200296,0.8329228349758253
0.8510000000000009,-0.07107784948832441,0.8153454879956236
0.8610000000000007,-0.07062259698412075,0.7973120525756997
0.8710000000000004,-0.07017256398985817,0.7787904707328105
0.8810000000000002,-0.06972763787782557,0.7597446559798732
0.891,-0.06928770712716187,0.740133741717245
0.9010000000000007,-0.06885266141061339,0.7199111386172075
0.9110000000000005,-0.06842239167351866,0.6990233380458153
0.9210000000000003,-0.06799679020548124,0.6774083724541324
0.931,-0.06757575070511801,0.6549938041981055
0.9410000000000007,-0.06715916833831113,0.631694053091021
0.9510000000000005,-0.06674693979033397,0.6074067755756117
0.9610000000000003,-0.06633896331219652,0.5820078482346244
0.9710000000000001,-0.06593513876155396,0.555344235260941
0.9810000000000008,-0.0655353676385146,0.527223533726571
0.9910000000000005,-0.06513955311660738,0.4973980821719536
1.0010000000000003,-0.06474760006924786,0.4655397149364286
1.0110000000000001,-0.06435941509194508,0.4311973933440853
1.0210000000000008,-0.0639749065205062,0.39372092535390807
1.0310000000000006,-0.06359398444551251,0.3521101686225306
1.0410000000000004,-0.06321656072327278,0.304674950256513
1.0510000000000002,-0.0628425489834978,0.2480954553020349
1.0610000000000008,-0.06247186463389365,0.17365076139690938
1.0710000000000006,-0.025171395976385468,4.6827560431330663e-20
1.0810000000000004,0.1199329605639889,-3.840987945381301e-18
1.0910000000000002,0.19311895433389833,-6.815216538783484e-16
1.1010000000000009,0.24987601734996326,9.229041502361661e-26
1.1110000000000007,0.2980384767262595,2.0379274600863085e-21
1.1210000000000004,0.34069182517457663,-1.7106224314567324e-21
1.1310000000000002,0.37942993273560527,-3.4786033450262087e-17
1.141,0.4152033451431493,-1.5228170914386412e-26
1.1510000000000007,0.44863284090476413,1.7001530229323246e-26
1.1610000000000005,0.48015023472247387,-3.340837944289635e-18
1.1710000000000003,0.5100702059778887,1.6944732244147334e-27
1.181,0.5386304344004398,1.5478738381433572e-23
1.1910000000000007,0.5660156209851639,2.3160956177288907e-27
1.2010000000000005,0.5923726591196466,-9.531661167378925e-24
1.2110000000000003,0.6178206412031952,-5.665169376093887e-22
1.221,0.6424576991771378,-1.66850924475498e-20
1.2310000000000008,0.6663658232144211,-2.569008432618323e-19
1.2410000000000005,0.6896143440704898,-6.809459563862377e-19
1.2510000000000003,0.7122625058024565,6.648298261643597e-17
1.2610000000000001,0.7343614033433338,9.466330862652142e-29
1.2710000000000008,0.7559554666076035,8.399790918793334e-27
1.2810000000000006,0.7770836144198644,2.3996517648099002e-25
1.2910000000000004,0.7977801638060666,5.760779822677653e-24
1.3010000000000002,0.8180755551743113,-6.669143688708786e-23
1.3110000000000008,0.8379969369765905,-3.5991778800708664e-30
1.3210000000000006,0.8575686417489495,4.922492048579114e-28
1.3310000000000004,0.8768125772105738,1.9061908696015694e-24
1.3410000000000002,0.89574855023414,4.925165845285706e-22
1.3510000000000009,0.9143945372481748,3.617033344025938e-20
1.3610000000000007,0.9327669115098417,9.234751892021633e-19
1.3710000000000004,0.9508806353653894,9.695251197245723e-18
1.3810000000000002,0.9687494238700343,4.63671898560894e-17
1.391,0.9863858848129885,1.0242148524834241e-16
1.4010000000000007,1.003801639175499,6.760732765725352e-17
1.4110000000000005,1.0210074252618946,-1.996804166340686e-30
1.4210000000000003,1.0380131891283124,-3.8317729052032766e-17
1.431,1.054828163449391,2.8305789689319586e-19
1.4410000000000007,1.0714609365791277,6.570507570540666e-20
1.4510000000000005,1.087919513255485,2.341451046104985e-21
1.4610000000000003,1.1042113681517007,3.3441038084443593e-23
1.471,1.1203434932779426,2.251724567862856e-25
1.4810000000000008,1.13632244007465,3.5183196372857127e-28
1.4910000000000005,1.1521543569063069,8.226081778466847e-21
1.5010000000000003,1.1678450225551649,1.9580653529869444e-22
1.5110000000000001,1.1833998762242859,-3.4411400106737856e-23
1.5210000000000008,1.1988240444843614,-5.77365403265086e-24
1.5310000000000006,1.214122365536316,-5.669196227025115e-25
1.5410000000000004,1.2292994111093893,-1.0838948837736702e-27
1.5510000000000002,1.2443595062700228,-5.1103741848853796e-17
1.5610000000000008,1.2593067473807764,-3.1424849964830944e-20
1.5710000000000006,1.2741450184152023,1.0876536482148673e-23
1.5810000000000004,1.2888780058096179,5.749218277250734e-27
1.5910000000000002,1.303509212008698,-1.9572202232013339e-19
1.6010000000000009,1.3180419678426685,2.6514835095686883e-20
1.6110000000000007,1.3324794438569245,-1.5268959238859016e-20
1.6210000000000004,1.3468246607004561,2.9646747689965784e-20
1.6310000000000002,1.3610804986668936,1.0620039936537871e-28
1.641000000000001,1.3752497064711509,1.1737240527729973e-24
1.6510000000000007,1.3893349093352132,-6.768426566796281e-27
1.6610000000000005,1.4033386164483732,-2.998428746308857e-24
1.6710000000000003,1.4172632278600812,4.1801034587969094e-19
1.681,1.4311110408572756,1.8843562094870105e-22
1.6910000000000007,1.4448842558725095,-6.121860315928389e-21
1.7010000000000005,1.4585849819644352,-2.0717481611472169e-22
1.7110000000000003,1.4722152419078434,-2.3842834921987466e-23
1.721,1.4857769769266977,-6.407438767857353e-23
1.7310000000000008,1.499272051100485,-1.6789948899300833e-22
1.7410000000000005,1.512702255470553,-4.1180427469999553e-22
1.7510000000000003,1.5260693118716422,-9.698418032371488e-22
1.7610000000000001,1.5393748765102877,-2.236014598572884e-21
1.7710000000000008,1.5526205433104245,-5.166217908011022e-21
1.7810000000000006,1.5658078470443915,-1.1004074161672425e-20
1.7910000000000004,1.5789382662659135,-2.3086106833169228e-20
1.8010000000000002,1.592013226060181,-4.338308988778036e-20
1.8110000000000008,1.6050341006247197,-7.135285813276559e-20
1.8210000000000006,1.618002215693628,-7.954370395584224e-20
1.8310000000000004,1.6309188508160972,7.277241850663834e-29
1.8410000000000002,1.6437852415029204,8.04638123325432e-28
1.8510000000000009,1.6566025812424565,6.863089875422803e-27
1.8610000000000007,1.6693720234057428,4.8177313203657633e-26
1.8710000000000004,1.6820946830406378,2.8786481064600986e-25
1.8810000000000002,1.6947716385656713,1.2856791924419633e-24
1.891000000000001,1.7074039333699436,2.4534710112076985e-24
1.9010000000000007,1.7199925773252756,-1.497735101184958e-23
1.9110000000000005,1.7325385482164901,-1.707724068138529e-22
1.9210000000000003,1.7450427930951133,-8.428283817383448e-22
1.931,1.7575062295614479,-2.5684200357841593e-21
1.9410000000000007,1.7699297469796187,-5.1236762676013615e-21
1.9510000000000005,1.782314207629759,-6.93908568056237e-21
1.9610000000000003,1.794660447801199,-6.391181922322558e-21
1.971,1.8069692788307823,-4.1680403220325306e-21
1.9810000000000008,1.8192414880886885,-1.964579804207583e-21
1.9910000000000005,1.8314778399157954,-4.424301522036312e-22
2.0010000000000003,1.8436790765151534,-9.662725673615965e-25
2.011,1.8558459188002108,-3.349368554549318e-19
2.021000000000001,1.8679790672028047,-6.486792368906324e-22
2.0310000000000006,1.8800792024411115,-5.224404894225299e-25
2.0410000000000004,1.8921469862547067,-1.7749370367472766e-28
2.051,1.9041830621024887,2.790039591573286e-17
2.061000000000001,1.9161880558299016,6.298949345318335e-20
2.0710000000000006,1.928162576305467,-1.5318027851289603e-22
2.0810000000000004,1.9401072160286155,-4.915423854868333e-25
2.091,1.9520225517103391,-1.0444397296870511e-18
2.101000000000001,1.9639091448281656,-3.873385663144071e-20
2.1110000000000007,1.9757675421567569,-1.1061876638148836e-21
2.1210000000000004,1.987598276275516,-2.4599737494216164e-23
2.1310000000000002,1.999401866054288,-4.208604483790307e-25
2.141000000000001,2.011178817118394,-4.9729791465132584e-27
2.1510000000000007,2.0229296222939777,-1.371056757252786e-15
2.1610000000000005,2.0346547620347057,-4.1392522240075467e-17
2.1710000000000003,2.046354704830775,1.3132055534276463e-17
2.181,2.058029907601045,3.914015534061757e-18
2.1910000000000007,2.0696808160692,7.542999518288766e-19
2.2010000000000005,2.0813078651246864,1.26427784087465e-19
2.2110000000000003,2.0929114791691643,2.0432324019991584e-20
2.221,2.1044920724491916,3.3508860432324406e-21
2.2310000000000008,2.116050049375776,5.879186203720644e-22
2.2410000000000005,2.1275858048314182,1.144821198947658e-22
2.2510000000000003,2.139099724465257,2.5630482085639663e-23
2.261,2.1505921849768397,4.484465986902474e-24
2.271000000000001,2.1620635543890563,-3.9699014847576704e-24
2.2810000000000006,2.173514192310738,-1.7192270485318445e-23
2.2910000000000004,2.184944450189376,-7.387918404577618e-23
2.301,2.1963546715544333,-5.223419386073625e-22
2.311000000000001,2.2077451922516156,-6.1683439889447475e-21
2.3210000000000006,2.2191163406685632,-1.2132594086439107e-19
2.3310000000000004,2.23046843795231,-3.599664619113856e-18
2.341,2.2418017982185816,-1.407933148075683e-16
2.351000000000001,2.253116728754991,-9.553105562226453e-28
2.3610000000000007,2.264413530214172,-1.2654843532683054e-24
2.3710000000000004,2.2756924968028813,1.3428957358545894e-20
2.3810000000000002,2.28695391646306,5.975349988897768e-23
2.391000000000001,2.2981980710468455,3.446130235954459e-16
2.4010000000000007,2.3094252364855214,3.4785610476625737e-26
2.4110000000000005,2.3206356829526666,-5.812397831605523e-22
2.4210000000000003,2.331829675021711,2.593900874111522e-25
2.431,2.343007471818144,9.818328020972947e-18
2.4410000000000007,2.354169327166614,-1.4830585018155022e-27
2.4510000000000005,2.365315489733072,-1.0663036642404762e-22
2.4610000000000003,2.3764462031622133,-5.553114966673479e-19
2.471,2.387561706210362,4.126442184509063e-21
2.4810000000000008,2.398662232874006,8.419558466577091e-16
2.4910000000000005,2.409748012514122,-1.1637276073820366e-25
2.5010000000000003,2.4208192699765023,-4.534920773093941e-22
2.511,2.4318762257081747,5.3721427645550904e-27
2.521000000000001,2.442919095870126,2.1082989459704624e-19
2.5310000000000006,2.453948092446428,1.4779781480468087e-15
2.5410000000000004,2.4649634233498983,7.058096291193437e-26
2.551,2.4759652925245184,1.052643875023414e-22
2.561000000000001,2.4869539000445497,1.3563844020824297e-19
2.5710000000000006,2.497929442210657,9.71407105221499e-24
2.5810000000000004,2.508892111643036,6.649185836780624e-18
2.591,2.519842097371703,8.650757023564729e-17
2.601000000000001,2.530779584924005,1.622036071792814e-26
2.6110000000000007,2.541704756409537,-1.2957040368255119e-27
2.6210000000000004,2.552617790602439,-2.344494610316847e-27
2.6310000000000002,2.563518863021272,-2.1062586169401015e-27
2.641000000000001,2.5744081460065313,-3.853715573288946e-15
2.6510000000000007,2.58528580879575,-2.429587514258147e-15
2.6610000000000005,2.5961520175966277,-1.2523746034993517e-15
2.6710000000000003,2.607006935657784,-5.377801292284789e-16
2.681,2.6178507233375723,-1.9257571119972693e-16
2.6910000000000007,2.6286835381708875,-6.2446229257295295e-27
2.7010000000000005,2.6395055349340732,-3.4633206753203954e-15
2.7110000000000003,2.6503168657078278,-1.510477822851111e-15
2.721,2.6611176799386453,-6.307976230858325e-16
2.7310000000000008,2.671908124498153,-2.547917165407132e-16
2.7410000000000005,2.682688343740996,-1.0034559340346479e-16
2.7510000000000003,2.6934584795610435,-3.878236002101898e-17
2.761,2.7042186714460326,-1.479958014975917e-17
2.771000000000001,2.71496905653071,-1.1265345620495835e-18
2.7810000000000006,2.7257097696484887,-2.3509671774410395e-20
2.7910000000000004,2.7364409433817123,-4.573436370365941e-22
2.801,2.7471627081105394,-8.602900513782398e-24
2.811000000000001,2.7578751920604967,-1.6673995181475482e-25
2.8210000000000006,2.768578521348759,-3.6445373821210745e-27
2.8310000000000004,2.7792728200291847,-1.3470011237075695e-18
2.841,2.7899582101361537,-3.57328040100677e-19
2.851000000000001,2.8006348117272237,-1.0700559622941698e-19
2.8610000000000007,2.8113027429246786,-3.6037428780276836e-20
2.8710000000000004,2.8219621199559737,-1.3253388273531513e-20
2.8810000000000002,2.832613057193128,-4.885803680355546e-21
2.891000000000001,2.8432556671910865,-9.162111766372324e-22
2.9010000000000007,2.8538900607250843,7.607335332199411e-23
2.9110000000000005,2.8645163468270605,4.864078476269308e-24
2.9210000000000003,2.8751346328211276,7.243005287377242e-26
2.931,2.885745024358144,2.794134348190841e-15
2.9410000000000007,2.896347625449359,1.2793162656522723e-16
2.9510000000000005,2.906942538499335,9.823274645046545e-23
2.9610000000000003,2.9175298643378733,-5.183288201667732e-20
2.971,2.928109702251257,-1.7060095262926854e-24
2.9810000000000008,2.9386821500126805,3.2496148946941234e-16
2.9910000000000005,2.949247303911915,4.965563924686118e-20
3.0010000000000003,2.9598052587842516,4.101319400680249e-25
3.011,2.9703561080387346,-1.7569846123206225e-20
3.021000000000001,2.9808999436856967,-1.3744001696416359e-23
3.0310000000000006,2.991436856363622,7.857054616001278e-27
3.0410000000000004,3.0019669353653704,-2.1266265707018648e-16
3.051,3.0124902686637625,-2.05798416009767e-18
3.061000000000001,3.023006942936532,-2.004764949223748e-20
3.0710000000000006,3.0335170435907126,-2.0809731636817438e-22
3.0810000000000004,3.0440206547864284,-2.186798159919546e-24
3.091,3.054517859460114,4.229556629432977e-26
3.101000000000001,3.065008739347198,1.6698607641718378e-26
3.1110000000000007,3.0754933750042466,5.683255778415057e-17
3.1210000000000004,3.085971845830599,5.36639603500904e-17
3.1310000000000002,3.0964442300894857,1.622529109858577e-26
3.141000000000001,3.1069106049286654,6.182145142036025e-26
3.1510000000000007,3.1173710464005855,-1.036904017371465e-24
3.1610000000000005,3.1278256294820785,-1.2695000970379872e-22
3.1710000000000003,3.1382744280936077,-1.3331236955165264e-20
3.181,3.1487175151180744,-1.5622382236836012e-18
3.1910000000000007,3.1591549624191977,-1.931044111328657e-16
3.2010000000000005,3.169586840859488,2.0737575476449958e-26
3.2110000000000003,3.1800132203177913,4.177140924357748e-23
3.221,3.19043416970648,2.4950266911012873e-19
3.2310000000000008,3.2008497569882293,1.3525291588165643e-22
3.2410000000000005,3.2112600491924312,3.017267904959435e-17
3.2510000000000003,3.221665112431248,-9.397668409461705e-25
3.261,3.2320650119153527,3.979898475105558e-15
3.271000000000001,3.242459811969085,4.7175571548451243e-17
3.2810000000000006,3.252849576045861,-2.6236125312457664e-24
3.2910000000000004,3.263234366742487,-1.7894520774033432e-26
3.301,3.273614245813725,-1.0721242362191961e-15
3.311000000000001,3.2839892741862964,-2.1397016947033017e-19
3.3210000000000006,3.2943595119727087,-4.575544711575671e-24
3.3310000000000004,3.304725018484666,-2.623969026702731e-19
3.341,3.315085857469611,-5.963697566694568e-23
3.351000000000001,3.3254420710069956,-4.232712073053861e-26
3.3610000000000007,3.335793731754168,3.1144743241568184e-16
3.3710000000000004,3.346140890725508,5.187200248977225e-19
3.3810000000000002,3.3564836034211303,1.1166372813969011e-22
3.391000000000001,3.366821924615446,-4.562274012609117e-17
3.4010000000000007,3.377155908368769,-1.4515945707979024e-19
3.4110000000000005,3.3874856080386864,-2.4404882539739332e-23
3.4210000000000003,3.397811076291201,4.4923419741802e-25
3.431000000000001,3.408132365111635,1.8206630434128956e-15
3.4410000000000007,3.4184495258153738,-3.7583751842179764e-16
3.4510000000000005,3.4287626090582224,6.476040636530269e-22
3.4610000000000003,3.4390716648467974,3.633043489405387e-22
3.471,3.449376742548505,-1.896104149078976e-17
3.4810000000000008,3.459677890901424,2.86463729054852e-20
3.4910000000000005,3.4699751580239484,5.431523164790335e-23
3.5010000000000003,3.480268591424287,-5.9924327253671435e-15
3.511,3.490558238009635,-1.00579765415679e-26
3.521,3.5008441440954763,-3.077314836830958e-25
3.5309999999999997,3.5111263554142953,1.3232410843950198e-19
3.5410000000000013,3.5214049171244253,-6.791653661071864e-22
3.551000000000001,3.531679873818601,4.047834176922383e-19
3.561000000000001,3.541951269532365,7.73272192207787e-19
3.5710000000000006,3.552219147752324,1.1876220764688233e-18
3.5810000000000004,3.5624835514242243,2.3521395831747112e-18
3.591,3.572744522960889,8.563952873169826e-26
3.601,3.6776059790302944,-1.310949780198426e-16
3.6109999999999998,3.5932563366617702,-1.2595859456166592e-22
3.6210000000000013,3.603507261056345,-1.620976146920962e-20
3.631000000000001,3.6137549177912427,3.854409622904222e-21
3.641000000000001,3.623999346728531,4.339573896568646e-19
3.6510000000000007,3.6342405872419037,2.456980809632595e-19
3.6610000000000005,3.644478678223639,3.635765248855017e-25
3.6710000000000003,3.6547136580914112,7.282747721129042e-22
3.681,3.6649455647949885,-9.500819861428404e-25
3.691,3.6751744358228158,-1.5306335562858286e-17
3.7009999999999996,3.6854003082084126,-2.162629228832002e-22
3.711000000000001,3.6956232185368276,-8.742464136023533e-18
3.721000000000001,3.705843202950697,7.221254258130669e-18
3.7310000000000008,3.716060297156497,-2.8123238369927368e-24
3.7410000000000005,3.7798488538208854,-3.0655745544555777e-21
3.7510000000000003,3.814576176289067,-1.0776491055011916e-17
3.761,3.7466945891721144,-2.3848853236496705e-21
3.771,3.788326980083144,-5.144562901185752e-20
3.7809999999999997,3.8426830159155605,-8.339634835593223e-17
3.7910000000000013,3.777304114110117,6.647304737190902e-22
3.801000000000001,3.7875019412315902,2.0928982162137888e-22
3.811000000000001,3.79769714879096,9.683393829332755e-25
3.8210000000000006,3.8078897688263726,4.148588337900972e-19
3.8310000000000004,3.818079832995302,1.010323883022636e-16
3.841,3.8282673725791443,7.924990054981463e-23
3.851,3.8384524184892075,5.313499666265849e-16
3.8609999999999998,3.848635001269868,2.1268728200437763e-17
3.8710000000000013,3.858815151105413,6.93734449122234e-18
3.881000000000001,3.8689928978230563,6.17479728373002e-18
3.891000000000001,3.8791682708983286,6.258144075921636e-17
3.9010000000000007,3.889341299459497,1.1227209854221361e-17
3.9110000000000005,3.899512012291993,8.48392415359857e-20
3.9210000000000003,3.9096804378428662,1.2123567801122048e-23
3.931,3.9198466042250235,2.5784054951826095e-20
3.941,3.9300105392215436,-1.6623153096133988e-25
3.9509999999999996,3.9401722702898705,-1.1693945865517626e-15
3.961000000000001,3.9503318245657657,-1.816874168880081e-18
3.971000000000001,3.960489228867683,-3.351030638280924e-23
3.9810000000000008,3.970644509700563,-1.6249952793846572e-18
3.9910000000000005,3.980797693259403,-1.0109271534043187e-20
4.001,3.990948805433803,-3.1653962838636794e-19
4.011,4.0010978718113055,-5.593528426463406e-19
4.021,4.011244917681241,-3.361353626143387e-19
4.031,4.021389968038408,-9.331555675885977e-20
4.041000000000001,4.031533047586691,-1.4419241185788186e-20
4.051000000000001,4.041674180742618,-1.5826598525167664e-21
4.061000000000001,4.051813391638885,-1.5647809574995436e-22
4.071000000000001,4.061950704127797,-1.4885313032315635e-23
4.081,4.072086141784677,-1.3488890390555125e-24
4.091,4.082219727911214,-1.2051585821242442e-25
4.101,4.0923514855387655,-4.387488430486008e-18
4.111,4.102481437431085,-1.7841476855979124e-18
4.121000000000001,4.112609606089593,-5.471198462818786e-19
4.131000000000001,4.122736013753439,1.8541003208240818e-18
4.141000000000001,4.132860682404661,-2.0190737096950753e-25
4.151000000000001,4.142983633771214,-7.197450778911263e-23
4.1610000000000005,4.153104889327995,-3.575207219692897e-18
4.171,4.163224470302908,-3.4117321824715284e-18
4.181,4.1733423976776125,4.383209063285753e-23
4.191,4.183458692191053,-7.579333168201217e-22
4.201000000000001,4.193573374342253,-1.2331473670414857e-24
4.211000000000001,4.203686464393102,1.0279152944552699e-22
4.221000000000001,4.21379798237115,-1.5189231952505975e-19
4.231000000000001,4.223907948072368,9.443941059708212e-15
4.2410000000000005,4.234016381064019,8.724966254225878e-16
4.251,4.244123300686126,1.9964973113130232e-19
4.261,4.254228726055581,-5.0177745107087744e-14
4.271,4.264332676068495,-6.228997991705127e-16
4.281,4.274435169402608,-3.4666021485800736e-20
4.291000000000001,4.284536224518847,-3.3163772312994647e-15
4.301000000000001,4.2946358596646705,-2.5168222216954634e-23
4.311000000000001,4.304734092876634,4.822266567487458e-17
4.321000000000001,4.314830941982361,-8.527901929801226e-25
4.331,4.324926424603101,8.374358043209008e-24
4.341,4.335020558156047,-2.1190498867088222e-20
4.351,4.345113359856635,6.8045067036224426e-18
4.361,4.355204846720796,3.2166129591306014e-15
4.371000000000001,4.36529503556728,5.340673788866665e-18
4.381000000000001,4.375383943019734,7.831582865351543e-22
4.391000000000001,4.385471585509014,-9.891306009512805e-25
4.401000000000001,4.395557979275285,-1.952261016935137e-18
4.4110000000000005,4.405643140370163,-1.0426986437445977e-20
4.421,4.415727084658808,-9.24103218812102e-24
4.431,4.425809827822007,4.713917225238678e-26
4.441,4.435891385358212,-1.1773638077344743e-16
4.451000000000001,4.4459717725855965,4.1094838187289897e-19
4.461000000000001,4.4560510046439585,8.544499919186771e-15
4.471000000000001,4.466129096496883,-3.5363439432229215e-19
4.481000000000001,4.476206062933407,-1.5809731795489825e-23
4.4910000000000005,4.486281918570213,6.914582145465863e-16