-4.499,-2.481646152659192,-5.799699316733127e-22
-4.489,-2.4581507260574806,-7.295829937945738e-23
-4.479,-2.434545176485082,-8.651872998778518e-24
-4.468999999999999,-2.410827720100478,-9.869217904166617e-25
-4.459,-2.386996521115938,-8.830193428681918e-26
-4.449,-2.3630496896677466,-1.454028420503369e-26
-4.439,-2.3389852795730226,-6.310887241768094e-28
-4.428999999999999,-2.3148012859655993,-5.048709793414476e-29
-4.419,-2.2904956428029704,-3.076557530361946e-29
-4.409,-2.2660662202356283,7.888609052210118e-30
-4.399,-2.241510821829239,8.874685183736383e-31
-4.388999999999999,-2.216827181629676,-8.035033533402792e-17
-4.379,-2.1920129610597345,-2.0882885112047367e-17
-4.369,-2.1670657456356603,-5.2844226637797035e-18
-4.359,-2.141983041490474,-1.2526258645734984e-18
-4.348999999999999,-2.116762271690171,-2.886246673193129e-19
-4.3389999999999995,-2.0914007723271957,-6.225327685861701e-20
-4.329,-2.0658957883749123,-1.2772909428737577e-20
-4.319,-2.0402444692845734,-2.2994942482377934e-21
-4.308999999999999,-2.0144438643052043,-4.134481346087313e-22
-4.2989999999999995,-1.988490917504727,-6.424139899853968e-23
-4.289,-1.9623824624685764,-7.699686331740548e-24
-4.279,-1.9361152166500935,1.940597826843689e-26
-4.268999999999999,-1.9096857753441083,1.0097419586828951e-28
-4.2589999999999995,-1.8830906052527128,-4.190823558986625e-31
-4.249,-1.8563260376088533,-1.4524128333694763e-22
-4.239,-1.8293882608201217,-9.750876146608982e-24
-4.228999999999999,-1.8022733125910448,-3.802688216399783e-25
-4.218999999999999,-1.7749770714781525,-1.8326816550094546e-26
-4.209,-1.747495247826905,6.941975965944904e-29
-4.199,-1.7198233740343436,-1.0097419586828951e-28
-4.189,-1.6919567940751554,-6.1136720154628415e-30
-4.178999999999999,-1.6638906522220713,-4.683861624749758e-31
-4.169,-1.6356198808826345,-1.6795463518574268e-17
-4.159,-1.6071391874676464,-1.8283865843022584e-18
-4.149,-1.5784430401943095,-1.7340828245923848e-19
-4.138999999999999,-1.5495256527168204,-1.2822126675184482e-20
-4.129,-1.5203809674638749,-7.686882803704449e-22
-4.119,-1.4910026375475338,-2.3584139032172908e-23
-4.109,-1.4613840070908364,1.5231957446731473e-24
-4.098999999999999,-1.4315180898018844,2.0674466604032277e-25
-4.0889999999999995,-1.4013975455995324,5.275901734118127e-27
-4.079,-1.3710146550695632,1.3252863207712998e-28
-4.069,-1.3403612915001866,5.474694682233822e-28
-4.058999999999999,-1.3094288902103468,2.0904813988356813e-29
-4.0489999999999995,-1.2782084148435073,1.7256332301709633e-30
-4.039,-1.2466903202517108,4.1014984704194653e-17
-4.029,-1.2148645115386354,-5.522581694624358e-24
-4.019,-1.1827202987644374,-2.2222401026693156e-24
-4.0089999999999995,-1.1502463467370796,-5.616689645173604e-25
-3.9989999999999997,-1.1174306192226882,-2.4031858616652904e-25
-3.989,-1.0842603167974565,-3.34477023813709e-26
-3.9789999999999996,-1.0507218074323459,-9.8702276461253e-27
-3.9689999999999994,-1.016800548744204,-3.5025424191812924e-27
-3.9589999999999996,-0.9824810006569016,6.090006188306211e-28
-3.949,-0.9477465269859551,2.2561421889320938e-28
-3.9389999999999996,-0.9125792841798764,3.747089299799806e-29
-3.9289999999999994,-0.8769600951082956,1.0847516454053663e-15
-3.9189999999999996,-0.8408683053649761,1.8242408433235898e-30
-3.909,-0.8042816190305294,6.162975822039155e-31
-3.8989999999999996,-0.767175910188519,4.083505306862967e-17
-3.889,-0.7295250056709668,1.155662140167838e-17
-3.8789999999999996,-0.6913004334768081,2.965011121313158e-18
-3.8689999999999998,-0.6524711299921034,6.600925069615772e-19
-3.8589999999999995,-0.613003097453956,1.2397157465606536e-19
-3.8489999999999998,-0.5728590009157443,1.7268881627207634e-20
-3.8389999999999995,-0.5319976911194508,1.81995890633005e-21
-3.8289999999999997,-0.49037363591227856,4.3394872364747837e-23
-3.8189999999999995,-0.4479362378278068,-2.1099567968637776e-23
-3.8089999999999997,-0.404629008669708,-4.6419857324570054e-24
-3.7989999999999995,-0.36038856267798763,-3.736045247126712e-25
-3.7889999999999997,-0.31514337702616424,-7.047998871606608e-26
-3.779,-0.2688122503542254,8.544941325354e-27
-3.7689999999999997,-0.2213023642455013,4.890937612370273e-28
-3.7589999999999995,-0.1725068150002571,-1.4544622940012405e-30
-3.7489999999999997,-0.12230142727278957,-6.373712658776899e-17
-3.739,-0.07054057639287052,-1.2971436911653366e-18
-3.7289999999999996,-0.017051614169362912,4.985637271707307e-20
-3.7189999999999994,0.03837271864703781,1.6123818090189892e-21
-3.7089999999999996,0.09598486047822508,7.603760845665673e-24
-3.699,0.15609754723215336,-7.690000886872862e-22
-3.6889999999999996,0.21910613222584005,-2.575964504582011e-19
-3.6789999999999994,0.2855228048706095,4.028058645940986e-17
-3.6689999999999996,0.35603152214429434,-1.6881623371729653e-28
-3.659,0.4315814101968108,1.1723104140308412e-25
-3.6489999999999996,0.5135577953930474,-6.098942404640555e-24
-3.639,0.6041281907391444,-1.8203050297176153e-19
-3.6289999999999996,0.7070492952313328,-9.512116921754465e-17
-3.6189999999999998,0.8300243183281862,1.3464909019036406e-25
-3.6089999999999995,0.9953937716264011,-6.455717173586015e-31
-3.5989999999999998,1.3066221039257673,0.1733439069526181
-3.5889999999999995,1.3117659309518075,0.3921167085861853
-3.5789999999999997,1.3169172789327797,0.5267165388627154
-3.5689999999999995,1.3220761061160595,0.633303216309908
-3.5589999999999997,1.3272423705944014,0.7243506905831364
-3.5489999999999995,1.3324160303069061,0.8051482126018584
-3.5389999999999997,1.3375970430400375,0.8785286456601488
-3.529,1.3427853664286342,0.9462194177291763
-3.5189999999999997,1.3479809579569557,1.0093660939219198
-3.5089999999999995,1.3531837749597373,1.0687746287263868
-3.4989999999999997,1.3583937746232821,1.1250375648519948
-3.489,1.3636109139865538,1.178605661752106
-3.4789999999999996,1.3688351499423084,1.2298312912919156
-3.4689999999999994,1.3740664392382351,1.2789961164223032
-3.4589999999999996,1.379304738478128,1.3263294964622145
-3.449,1.3845500041230838,1.3720211553858765
-3.4389999999999996,1.3898021924927118,1.4162301582668555
-3.4289999999999994,1.395061259766295,1.459091431475356
-3.4189999999999996,1.4003271619844015,1.5007206013466363
-3.409,1.4055998550496656,1.541217652812887
-3.3989999999999996,1.4108792947284574,1.5806697417766755
-3.3889999999999993,1.4161654366521403,1.6191533888447134
-3.3789999999999996,1.4214582363184654,1.6567362130441812
-3.3689999999999998,1.4267576490929685,1.6934783182048614
-3.3589999999999995,1.4320636302104186,1.729433413452878
-3.3489999999999993,1.437376134776299,1.7646497276094089
-3.3389999999999995,1.4426951177683038,1.7991707620170638
-3.3289999999999997,1.448020534037889,1.8330359153774671
-3.319,1.4533523383118425,1.8662810062323805
-3.3089999999999997,1.458690485193894,1.8989387128662247
-3.2989999999999995,1.4640349291663763,1.9310389460440103
-3.2889999999999997,1.4693856245918973,1.9626091667092407
-3.279,1.4747425257150644,1.9936746582617402
-3.2689999999999997,1.4801055866642625,2.024258761109019
-3.2589999999999995,1.4854747614534467,2.054383075690366
-3.2489999999999997,1.4908500039839818,2.084067639003951
-3.239,1.4962312680465482,2.1133310787451802
-3.2289999999999996,1.5016185073230428,2.142190748432194
-3.2189999999999994,1.5070116753885776,2.1706628463091295
-3.2089999999999996,1.5124107257134736,2.1987625203458023
-3.199,1.5178156116653352,2.226503961271019
-3.1889999999999996,1.523226286511146,2.2539004852653477
-3.1789999999999994,1.52864270341942,2.2809646076845227
-3.1689999999999996,1.5340648154624053,2.307708108974753
-3.159,1.5394925756183093,2.3341420937675283
-3.1489999999999996,1.5449259367736075,2.3602770439973875
-3.1389999999999993,1.5503648517253614,2.3861228667652137
-3.1289999999999996,1.5558092731836126,2.411688937568976
-3.1189999999999998,1.5612591537738048,2.43698413943835
-3.1089999999999995,1.5667144460392635,2.4620168984379096
-3.0989999999999993,1.5721751024437207,2.486795215942511
-3.0889999999999995,1.5776410753738823,2.5113266980364517
-3.0789999999999997,1.5831123171420491,2.535618582343716
-3.069,1.5885887799887763,2.5596777625583997
-3.0589999999999997,1.5940704160855872,2.5835108109118843
-3.0489999999999995,1.5995571775377264,2.6071239987849406
-3.0389999999999997,1.6050490163869584,2.6305233156486527
-3.029,1.6105458846144156,2.6537144864969053
-3.0189999999999997,1.616047734143481,2.676702987914667
-3.0089999999999995,1.6215545168427246,2.699494062910408
-2.9989999999999997,1.6270661845288685,2.7220927346268624
-2.989,1.6325826889697999,2.744503819032139
-2.9789999999999996,1.6381039818876253,2.766731936682368
-2.9689999999999994,1.6436300149617564,2.7887815236376063
-2.9589999999999996,1.6491607398320345,2.8106568416043047
-2.949,1.654696108101889,2.832361987370362
-2.9389999999999996,1.6602360713415285,2.8539009015921217
-2.9289999999999994,1.6657805810911754,2.8752773769869298
-2.9189999999999996,1.6713295888642987,2.89649506597967
-2.909,1.6768830461509032,2.917557487847172
-2.8989999999999996,1.682440904420845,2.938468035400197
-2.8889999999999993,1.6880031151271369,2.95922998123905
-2.8789999999999996,1.6935696297093183,2.9798464836156966
-2.8689999999999998,1.6991403995968013,3.0003205919321467
-2.8589999999999995,1.7047153762122647,3.0206552519024212
-2.8489999999999993,1.710294510975045,3.040853310402844
-2.8389999999999995,1.7158777553045341,3.060917520033445
-2.8289999999999997,1.7214650606235942,3.0808505434111897
-2.819,1.7270563783619768,3.1006549572141338
-2.8089999999999997,1.7326516599597246,3.120333255993855
-2.7989999999999995,1.7382508568706048,3.139887855772318
-2.7889999999999997,1.7438539205654877,3.1593210974377772
-2.779,1.7494608025357705,3.1786352499534165
-2.7689999999999997,1.7550714542967536,3.197832513391093
-2.7589999999999995,1.7606858273910093,3.2169150218017526
-2.7489999999999997,1.7663038733917307,3.235884845933166
-2.739,1.7719255439060633,3.254743995804816
-2.7289999999999996,1.7775507905783996,3.273494423148948
-2.7189999999999994,1.7831795650936648,3.292138023726311
-2.7089999999999996,1.7888118191805227,3.310676639524234
-2.699,1.7944475046145956,3.3291120608444493
-2.6889999999999996,1.8000865732216207,3.3474460282872127
-2.6789999999999994,1.8057289768805393,3.365680234637973
-2.6689999999999996,1.811374667526566,3.38381632666252
-2.659,1.8170235971541986,3.4018559068158134
-2.6489999999999996,1.8226757178201476,3.4198005348696356
-2.6389999999999993,1.8283309816462379,3.4376517294637234
-2.6289999999999996,1.8339893408222068,3.4554109695846726
-2.6189999999999998,1.8396507476084694,3.4730796959768195
-2.6089999999999995,1.8453151543387716,3.4906593124887446
-2.5989999999999993,1.850982513422801,3.5081511873590867
-2.5889999999999995,1.8566527773486876,3.525556654444899
-2.5789999999999997,1.8623258986854343,3.5428770143957227
-2.569,1.8680018300852503,3.5601135357762135
-2.5589999999999997,1.8736805242857935,3.577267456140155
-2.5489999999999995,1.8793619341123096,3.5943399830583096
-2.5389999999999997,1.8850460124796853,3.6113322951025952
-2.529,1.890732712394371,3.628245542788767
-2.5189999999999997,1.8964219869562173,3.6450808494798035
-2.5089999999999995,1.9021137893601954,3.661839312251911
-2.4989999999999997,1.9078080728979905,3.67852200272506
-2.4889999999999994,1.9135047909594851,3.695129967859806
-2.4789999999999996,1.9192038970341236,3.711664230722056
-2.4689999999999994,1.9249053447121443,3.728125791217324
-2.4589999999999996,1.9306090876856892,3.744515626795987
-2.449,1.93631507974978,3.7608346931308754
-2.4389999999999996,1.9420232748031638,3.7770839247685593
-2.429,1.947733626849015,3.7932642357555144
-2.4189999999999996,1.9534460899955202,3.809376520240415
-2.409,1.9591606184562942,3.825421653053538
-2.3989999999999996,1.9648771665506803,3.841400490264442
-2.389,1.9705956887038827,3.857313869718822
-2.3789999999999996,1.97631613944698,3.8731626115555144
-2.3689999999999998,1.9820384734167646,3.8889475187045006
-2.3589999999999995,1.9877626453554686,3.9046693773668104
-2.3489999999999998,1.9934886101102873,3.920328957477007
-2.3389999999999995,1.9992163226328228,3.9359270131491364
-2.3289999999999997,2.004945737978315,3.9514642831067275
-2.3189999999999995,2.010676811304761,3.9669414910976064
-2.3089999999999997,2.0164094978718605,3.982359346294106
-2.2989999999999995,2.0221437530398383,3.9977185436793365
-2.2889999999999997,2.027879532268081,4.013019764420014
-2.2789999999999995,2.033616791113661,4.0282636762264845
-2.2689999999999997,2.0393554852296845,4.043450933700376
-2.2589999999999995,2.045095570363504,4.058582178670449
-2.2489999999999997,2.0508370023548,4.073658040517068
-2.2389999999999994,2.0565797371334744,4.088679136485729
-2.2289999999999996,2.0623237307174653,4.103646071990153
-2.2189999999999994,2.0680689392103693,4.1185594409052255
-2.2089999999999996,2.073815318798947,4.13341982585027
-2.1989999999999994,2.079562825750501,4.148227798462959
-2.1889999999999996,2.0853114164101143,4.162983919664281
-2.179,2.091061047197766,4.177688739914787
-2.1689999999999996,2.096811674605319,4.192342799462557
-2.159,2.102563255193389,4.206946628583101
-2.1489999999999996,2.1083157455881083,4.221500747811528
-2.139,2.1140691024777576,4.236005668167215
-2.1289999999999996,2.119823282609321,4.250461891371317
-2.1189999999999998,2.1255782427849184,4.2648699100572784
-2.1089999999999995,2.131333939858154,4.279230207974655
-2.0989999999999998,2.137090330730361,4.293543260186399
-2.0889999999999995,2.142847372346805,4.307809533259969
-2.0789999999999997,2.148605021692745,4.322029485452254
-2.0689999999999995,2.154363235789488,4.336203566888748
-2.0589999999999997,2.160121971690354,4.350332219736996
-2.0489999999999995,2.1658811864765766,4.36441587837457
-2.0389999999999997,2.1716408372531744,4.378454969551727
-2.0289999999999995,2.1774008811447856,4.3924499125489405
-2.0189999999999997,2.183161275291449,4.4064011193294235
-2.0089999999999995,2.1889219768443824,4.420308994686847
-1.9989999999999997,2.194682942961751,4.434173936388371
-1.9889999999999994,2.2004441308044074,4.447996335313108
-1.9789999999999996,2.2062054975316703,4.461776575586241
-1.9689999999999994,2.2119670002970873,4.4755150347088115
-1.9589999999999996,2.2177285962442403,4.489212083683376
-1.9489999999999994,2.223490242502585,4.5028680871356475
-1.9389999999999996,2.2292518961833276,4.516483403432196
-1.9289999999999998,2.2350135143753698,4.530058384794374
-1.9189999999999996,2.2407750541413183,4.543593377408537
-1.9089999999999998,2.246536472513556,4.557088721532631
-1.8989999999999996,2.2522977264904327,4.570544751599335
-1.8889999999999998,2.2580587730325425,4.583961796315786
-1.8789999999999996,2.2638195690591094,4.597340178759973
-1.8689999999999998,2.2695800714445213,4.610680216473931
-1.8589999999999995,2.2753402370149787,4.623982221553774
-1.8489999999999998,2.2811000225453015,4.6372465007366985
-1.8389999999999995,2.2868593847559326,4.650473355484989
-1.8289999999999997,2.2926182803100583,4.663663082067122
-1.8189999999999995,2.298376665810978,4.676815971636046
-1.8089999999999997,2.304134497799651,4.6899323103047035
-1.7989999999999995,2.309891732752459,4.70301237921887
-1.7889999999999997,2.315648327079219,4.716056454627348
-1.7789999999999995,2.3214042371214276,4.7290648079496345
-1.7689999999999997,2.327159419150766,4.7420377058410494
-1.7589999999999995,2.332913829367898,4.75497541025548
-1.7489999999999997,2.338667423901529,4.767878178505708
-1.7389999999999994,2.3444201588077953,4.780746263321417
-1.7289999999999996,2.350171990069961,4.79357991290497
-1.7189999999999994,2.355922873598438,4.806379370984915
-1.7089999999999996,2.3616727652311806,4.819144876867413
-1.6989999999999994,2.367421620734419,4.831876665485451
-1.6889999999999996,2.37316939580378,4.8445749674461
-1.6789999999999998,2.378916046065808,4.857240009075682
-1.6689999999999996,2.3846615270798814,4.869872012463021
-1.6589999999999998,2.3904057943405626,4.8824711955007425
-1.6489999999999996,2.396148803280399,4.895037771924732
-1.6389999999999998,2.4018905092731373,4.907571951351708
-1.6289999999999996,2.407630867637464,4.920073939315082
-1.6189999999999998,2.413369833641177,4.932543937298992
-1.6089999999999995,2.419107362505904,4.944982142770688
-1.5989999999999998,2.4248434094123086,4.957388749211238
-1.5889999999999995,2.430577929505829,4.969763946144586
-1.5789999999999997,2.4363108779029807,4.9821079191650455
-1.5689999999999995,2.4420422096981977,4.994420849963224
-1.5589999999999997,2.4477718799712695,5.006702916350464
-1.5489999999999995,2.4534998437953632,5.018954292281773
-1.5389999999999997,2.4592260562456487,5.031175147877334
-1.5289999999999995,2.4649504724085474,5.043365649442597
-1.5189999999999997,2.470673047391623,5.055525959487028
-1.5089999999999995,2.476393736334116,5.067656236741468
-1.4989999999999997,2.4821124944181507,5.079756636174264
-1.4889999999999994,2.4878292768806163,5.0918273090060495
-1.4789999999999996,2.49354403902575,5.103868402723358
-1.4689999999999994,2.499256736238419,5.1158800610909925
-1.4589999999999996,2.5049673239981365,5.1278624241632285
-1.4489999999999994,2.510675757893815,5.139815628293904
-1.4389999999999996,2.516381993639245,5.151739806145343
-1.4289999999999994,2.5220859870893872,5.163635086696279
-1.4189999999999996,2.5277876942573845,5.1755015952486465
-1.4089999999999998,2.5334870713273463,5.187339453436387
-1.3989999999999996,2.5391840746923866,5.199148779218414
-1.3889999999999998,2.544878660946158,5.210929686900224
-1.3789999999999996,2.550570786921021,5.222682287125069
-1.3689999999999998,2.556260409704851,5.234406686878915
-1.3589999999999995,2.5619474866630445,5.246102989491625
-1.3489999999999998,2.567631975461348,5.257771294637268
-1.3389999999999995,2.5733138340896033,5.2694116983336725
-1.3289999999999997,2.5789930208862986,5.281024292941056
-1.3189999999999995,2.5846694945641944,5.29260916716012
-1.3089999999999997,2.590343214237772,5.304166406032796
-1.2989999999999995,2.5960141394460714,5.3156960909249324
-1.2889999999999997,2.601682230187961,5.327198299542193
-1.2789999999999995,2.6073474469466507,5.3386731059123615
-1.2689999999999997,2.6130097507212655,5.350120580382839
-1.2589999999999995,2.618669103057218,5.361540789615268
-1.2489999999999997,2.6243254660795112,5.372933796577969
-1.2389999999999994,2.6299788025251143,5.384299660539435
-1.2289999999999996,2.6356290757772576,5.395638437060449
-1.2189999999999994,2.6412762499005664,5.406950177985934
-1.2089999999999996,2.646920289677206,5.4182349314362845
-1.1989999999999994,2.6525611606440402,5.429492741798249
-1.1889999999999996,2.658198829130853,5.440723649715383
-1.1789999999999994,2.663833262299584,5.451927692078127
-1.1689999999999996,2.669464428184636,5.463104902013444
-1.1589999999999998,2.675092295734237,5.474255308874162
-1.1489999999999996,2.6807168348528707,5.4853789382279174
-1.1389999999999998,2.686338016444803,5.496475811845842
-1.1289999999999996,2.691955812458672,5.507545947690915
-1.1189999999999998,2.697570195933196,5.518589359906065
-1.1089999999999995,2.7031811410439794,5.5296060588019955
-1.0989999999999998,2.7087886231514333,5.540596050844831
-1.0889999999999995,2.7143926188498244,5.551559338643493
-1.0789999999999997,2.7199931060174487,5.562495920936937
-1.0689999999999995,2.725590063867967,5.573405792581188
-1.0589999999999997,2.73118347300286,5.584288944536241
-1.0489999999999995,2.7367733154650757,5.595145363852833
-1.0389999999999997,2.7423595747938263,5.60597503365909
-1.0289999999999995,2.7479422360805748,5.616777933147098
-1.0189999999999997,2.7535212860262117,5.6275540375593875
-1.0089999999999995,2.759096712999426,5.638303318175364
-0.9989999999999997,2.7646685070962924,5.649025742297695
-0.9889999999999994,2.770236660201078,5.659721273238686
-0.9789999999999996,2.7758011660482773,5.670389870306641
-0.9689999999999994,2.781362020285913,5.681031488792233
-0.9589999999999996,2.7869192205294575,5.691646079945237
-0.9489999999999994,2.792472766467809,5.702233590998788
-0.9389999999999996,2.7980226598731104,5.712793965100497
-0.9289999999999994,2.8035689047055623,5.72332714133511
-0.9189999999999996,2.809111507174405,5.733833054702346
-0.9089999999999998,2.8146504758089654,5.7443116361037285
-0.8989999999999996,2.8201858215309996,5.754762812329426
-0.8889999999999998,2.8257175577284492,5.76518650604535
-0.8789999999999996,2.831245700330497,5.775582635780297
-0.8689999999999998,2.836770267884106,5.785951115913335
-0.8589999999999995,2.842291281631903,5.796291856661347
-0.8489999999999998,2.847808765591513,5.806604764066733
-0.8389999999999995,2.85332274663636,5.816889739985388
-0.8289999999999997,2.8588332545779216,5.827146682074848
-0.8189999999999995,2.8643403222495047,5.837375483782723
-0.8089999999999997,2.8698439855915097,5.847576034335334
-0.7989999999999995,2.87534428374975,5.857748218741363
-0.7889999999999997,2.880841259120845,5.867891917723763
-0.7789999999999995,2.8863349575030064,5.87800700779306
-0.7689999999999997,2.891825428142394,5.888093361184132
-0.7589999999999995,2.897312723861509,5.8981508458534195
-0.7489999999999997,2.902796901117479,5.908179325479397
-0.7389999999999994,2.9082780201221,5.918178659446501
-0.7289999999999996,2.913756144934433,5.928148702838286
-0.7189999999999994,2.9192313435613877,5.938089306429018
-0.7089999999999996,2.924703688059749,5.948000316675766
-0.6989999999999994,2.930173254640191,5.957881575710965
-0.6889999999999996,2.935640123773181,5.96773292133539
-0.6789999999999994,2.9411043802958075,5.9775541870091535
-0.6689999999999996,2.9465661135255687,5.987345201855456
-0.6589999999999998,2.9520254173669396,5.997105790640879
-0.6489999999999996,2.957482390423356,6.006835773787662
-0.6389999999999998,2.962937136131779,6.016534967336621
-0.6289999999999996,2.968389762855311,6.026203182987295
-0.6189999999999998,2.9738403840195264,6.035840228066802
-0.6089999999999995,2.9792891182319488,6.045445905534195
-0.5989999999999998,2.9847360894074355,6.055020013978777
-0.5889999999999995,2.9901814268960987,6.064562347619175
-0.5789999999999997,2.995625265613632,6.074072696303106
-0.5689999999999995,3.0010677461750133,6.083550845509445
-0.5589999999999997,3.0065090150275187,6.092996576345072
-0.5489999999999995,3.0119492245929806,6.10240966555366
-0.5389999999999997,3.0173885334064394,6.111789885515203
-0.5289999999999995,3.0228271062608525,6.121137004251327
-0.5189999999999997,3.028265114354164,6.130450785430803
-0.5089999999999995,3.033702735425869,6.139730988366909
-0.49899999999999967,3.0391401539594662,6.14897736806114
-0.4889999999999999,3.044577561271062,6.158189675160285
-0.4789999999999992,3.0500151557111863,6.167367656000304
-0.4689999999999994,3.055453142818244,6.176511052610045
-0.45899999999999963,3.060891735485292,6.185619602724561
-0.44899999999999984,3.0663311541304474,6.194693039799971
-0.43899999999999917,3.071771626871044,6.203731093030009
-0.4289999999999994,3.077213389701609,6.212733487364302
-0.4189999999999996,3.0826566866758305,6.22169994352856
-0.4089999999999998,3.0881017700862463,6.230630178048834
-0.399,3.0935489006764225,6.239523903266486
-0.38899999999999935,3.0989983478062624,6.248380827378647
-0.37899999999999956,3.104450389668424,6.257200654457722
-0.3689999999999998,3.109905313528865,6.265983084491901
-0.359,3.1153634157858443,6.274727813386498
-0.3489999999999993,3.1208250023896396,6.28343453305258
-0.3389999999999995,3.1262903889325453,6.2921029314106125
-0.32899999999999974,3.13175990090213,6.300732692442329
-0.31899999999999995,3.137233873909795,6.309323496236817
-0.3089999999999993,3.1427126539247636,6.317875019040358
-0.2989999999999995,3.1481965974799953,6.3263869333147165
-0.2889999999999997,3.1536860720288624,6.334858907765626
-0.2789999999999999,3.1591814560513463,6.34329060745015
-0.26899999999999924,3.164683139396474,6.351681693810829
-0.25899999999999945,3.1701915235083584,6.360031824745223
-0.24899999999999967,3.175707021755012,6.368340654714572
-0.23899999999999988,3.181230059613855,6.376607834788585
-0.2289999999999992,3.186761075040263,6.384833012719003
-0.21899999999999942,3.1923005187094113,6.393015833078963
-0.20899999999999963,3.1978488543056565,6.4011559373348055
-0.19899999999999984,3.2034065588618783,6.409252963942847
-0.18899999999999917,3.208974123040433,6.417306548479152
-0.17899999999999938,3.2145520514646915,6.4253163237486906
-0.1689999999999996,3.22014086304251,6.433281919916133
-0.1589999999999998,3.2257410913877895,6.4412029645775055
-0.14899999999999913,3.2313532848574438,6.449079083088639
-0.13899999999999935,3.2369780072524756,6.456909898486172
-0.12899999999999956,3.2426158380781156,6.464695031784815
-0.11899999999999977,3.248267372821813,6.47243410214066
-0.10899999999999999,3.2539332233697724,6.480126726997101
-0.09899999999999931,3.2596140183811424,6.487772522308487
-0.08899999999999952,3.2653104037064384,6.495371102710942
-0.07899999999999974,3.271023042807117,6.502922081765078
-0.06899999999999995,3.2767526172708004,6.5104250723670924
-0.058999999999999275,3.2824998267921455,6.51787968643651
-0.04899999999999949,3.2882653899665732,6.525285535930897
-0.0389999999999997,3.2940500447811423,6.532642232586865
-0.028999999999999915,3.299854548927059,6.53994938866393
-0.01899999999999924,3.305679679435839,6.547206616655778
-0.008999999999999453,3.3115211478677344,6.5544192910662895
0.001000000000000334,4.11299409889515,2.351021754417181
0.01100000000000012,-8.173210564260472,8.389952378238956e-8
0.021000000000000796,11.083494630205937,4.604918931126937
0.031000000000000583,32.12199542119108,-13.619551420479985
0.04100000000000037,36.77802710117359,-15.094964824487977
0.051000000000000156,39.915469952699524,-16.53240697688429
0.06100000000000083,51.839573604216,-0.0009065131282732244
0.07100000000000062,237.96056027138886,0.007233626742120443
0.0810000000000004,74.13010851929701,30.497808791783704
0.09100000000000019,126.94692517206043,51.707955140884245
0.10100000000000087,1513.6502310742792,-6.048406071304376e-9
0.11100000000000065,-6596.992321770155,-0.008013619507687968
0.12100000000000044,-4779.12068878953,-2076.5978466695647
0.13100000000000023,29734.895624193043,-29980.843335225734
0.14100000000000001,-8424.801431703123,0.002680429456800645
0.1510000000000007,9891.299774766607,24313.57782628286
0.16100000000000048,-9516.736320128994,-5.280078039544587e-6
0.17100000000000026,-10224.824518792955,0.04941752732617774
0.18100000000000005,74791.22071717933,24371.384872888677
0.19100000000000072,290855.4325396737,92708.90840697079
0.2010000000000005,-188250.68801079967,4.768659744056264e-9
0.2110000000000003,-12565.29015619197,0.9890483081763926
0.22100000000000009,-13191.150497872968,0.5343041658716715
0.23100000000000076,-13719.772298221154,-2.074209620642338
0.24100000000000055,-355809.85745915875,8.47553766793567e-7
0.25100000000000033,-14890.154890137346,-1.1017351017142442e-6
0.2610000000000001,4168.163285496962,-2.0437707257862967e-6
0.2710000000000008,47204.64322516303,-18656.45141356196
0.2810000000000006,-10392.78028251088,-4189.880761541551
0.29100000000000037,-344.92230670153594,4.429066338471323e-6
0.30100000000000016,-692.7758980132651,-9.6691542639561e-7
0.31100000000000083,-715.4345141254558,-0.10272060431793115
0.3210000000000006,45696.30007244998,68108.58489163131
0.3310000000000004,-180158.64053078182,-3.29374029427749e-7
0.3410000000000002,-20302.7559014612,0.3320592798759059
0.35100000000000087,-20851.117947513925,9.110883712918533e-8
0.36100000000000065,-21460.54374798256,0.39664314029761794
0.37100000000000044,124914.42199571106,33430.193334874566
0.3810000000000002,-22657.50496574679,0.012470222125018613
0.391,-160.41529986577922,-0.000013837237594551014
0.4010000000000007,-16360.053579615578,7253.903135626055
0.4110000000000005,-24330.910588168066,-0.01420632111958766
0.42100000000000026,-25148.943183847074,-0.1268297170162932
0.43100000000000005,-25634.295540082363,1.7316219369293835
0.4410000000000007,-26096.92517277075,-0.00011471123047967458
0.4510000000000005,-2978.42753925594,0.000050541823212548804
0.4610000000000003,-3047.575600513257,0.014045074510232788
0.4710000000000001,-3104.5059919734035,0.01408005906561155
0.48100000000000076,-1107.3864292136186,0.40528214993822076
0.49100000000000055,-226835.47394985877,5.86546923632407e-7
0.5010000000000003,-29787.644012181227,-0.002180552789658655
0.5110000000000001,-242526.9179989907,5.032191781102256e-7
0.5210000000000008,-56.85923611999194,-0.0001673657995685772
0.5310000000000006,94907.64421375847,-91005.96978328045
0.5410000000000004,-32447.24682039067,-0.07335254006074285
0.5510000000000002,-267664.9531029422,-9.72047710871704e-7
0.5610000000000008,187922.01878048328,-167283.4421779603
0.5710000000000006,-34375.32818667252,-4.81603046991656
0.5810000000000004,15400.630685381748,-36601.814810602715
0.5910000000000002,41728.05095053552,79627.7041243701
0.6010000000000009,39852.48953417626,84476.63700281257
0.6110000000000007,56968.85124074305,92947.73174051783
0.6210000000000004,-387084.5679327371,-6.738304581091193e-6
0.6310000000000002,-37523.39640576907,0.010046537960877254
0.641,107158.81014180147,50113.08798335945
0.6510000000000007,102412.6331408845,72121.7840228906
0.6610000000000005,-39404.4223516242,-2.6474943507142177
0.6710000000000003,26226.97013546108,60023.06659743174
0.681,999.6102752804527,-0.050512165170652726
0.6910000000000007,-4553.026874616349,0.011321146778243935
0.7010000000000005,61169.93762280836,150366.43933826854
0.7110000000000003,-300049.1716050649,-5.410099746588937e-7
0.7210000000000001,-203493.37146528883,-0.000022015032259002644
0.7310000000000008,-182375.53855453077,87.9090542923845
0.7410000000000005,67206.04702345897,-148965.86341384953
0.7510000000000003,-30.916620946642837,-1.3290545541257961e-8
0.7610000000000001,-31.868583264919266,2.6072738942479724e-8
0.7710000000000008,-248086.2995871019,8.178393181918219e-7
0.7810000000000006,-222629.37233206848,3.4791675249895776e-7
0.7910000000000004,-285670.16576810955,3.172072567004952e-6
0.8010000000000002,-317105.61545435747,7.146444988562936e-7
0.8110000000000008,217493.72865789168,-331264.49780355353
0.8210000000000006,135966.61464184942,-251463.74603542977
0.8310000000000004,214617.35620965384,-200486.58433062056
0.8410000000000002,-50124.58891967245,-1.7269956396564639
0.8510000000000009,-50699.528060540615,-0.22822948450220515
0.8610000000000007,-51093.03650620201,-0.014226881490022006
0.8710000000000004,-51804.64045021564,-0.5056748569089904
0.8810000000000002,-52210.772138482855,-0.24044622832884893
0.891,118981.53244133343,-19418.984649592046
0.9010000000000007,75397.32850349537,-26533.47765819572
0.9110000000000005,19155.231239745815,-39645.29461108446
0.9210000000000003,-43443.463779878955,-18580.611759859396
0.931,-338889.3844782738,2.514138527814135e-7
0.9410000000000007,-56206.2105526846,-0.11947840498421705
0.9510000000000005,-56299.99134652881,0.031867729851256965
0.9610000000000003,-57037.11031933123,8.09735756030954
0.9710000000000001,-57869.6890914445,0.00048457963424705
0.9810000000000008,-58074.12206560929,-8.959072213777155
0.9910000000000005,-58599.40296666941,1.1377090633943221e-9
1.0010000000000003,-59628.97191990677,2.013065888082509
1.0110000000000001,-60141.10607026817,18.490577345286912
1.0210000000000008,-61060.67136398123,2.4213513053551523
1.0310000000000006,-6798.530727743242,-0.125065396105498
1.0410000000000004,-6856.379994115939,0.5246550148901402
1.0510000000000002,-6933.182718287875,0.008117022921821294
1.0610000000000008,-6993.716692302399,0.015267407111680065
1.0710000000000006,-7044.469864038735,8.418993773902104e-6
1.0810000000000004,-64446.40976935764,0.03520597875506783
1.0910000000000002,-64671.949759248186,-2.423521311568339
1.1010000000000009,-65448.582216963165,-10.223393985027865
1.1110000000000007,-390419.00346872804,6.989740200540419e-6
1.1210000000000004,-66792.34857028976,-0.07596091209312603
1.1310000000000002,85333.93843893457,-35133.67584299858
1.141,-849.7541248623644,-0.00018974153754123602
1.1510000000000007,80015.83084451547,42012.195038227735
1.1610000000000005,17613.263514965667,-5.801160350989877e-7
1.1710000000000003,86073.75016972158,-40462.10158804193
1.181,93332.59870148168,-30520.975259564108
1.1910000000000007,95426.50753543382,-31195.616196504132
1.2010000000000005,89430.59711357592,-47371.24971489918
1.2110000000000003,8020.239468908516,5945.8158319158265
1.221,8247.679148116415,6161.788572501479
1.2310000000000008,8394.126715343084,6295.507922748016
1.2410000000000005,18817.703866858283,0.6567772119382309
1.2510000000000003,9653.750726146058,-7735.778847676959
1.2610000000000001,51707.85649310675,-126596.08391999947
1.2710000000000008,-75646.71865486946,1.4334167673722713
1.2810000000000006,-275302.13526041765,1.1146203319999032e-6
1.2910000000000004,-24.25517256521261,2.8860184773634364e-7
1.3010000000000002,-24.95365636447348,-2.643268350689416e-9
1.3110000000000008,9569.453112949317,7412.222442752105
1.3210000000000006,-25.075576298521653,-2.243746390853838e-9
1.3310000000000004,-79588.14405800833,-0.01207874703311862
1.3410000000000002,-8823.807701992893,-0.00023292076841993083
1.3510000000000009,-8916.242257302645,0.00016435553353875645
1.3610000000000007,-8982.359206728803,0.0001630035293737286
1.3710000000000004,-9029.58718748152,0.26624547770760787
1.3810000000000002,-386920.7349487222,6.169830114011261e-7
1.391,-83368.33604784567,-0.02492774653477233
1.4010000000000007,-84010.38492647215,1.6545793467616767
1.4110000000000005,-83882.89685863999,5.796450466510235
1.4210000000000003,-84265.26607783556,2.8082567396153064e-9
1.431,-84651.23610071852,1.1334685186366301e-7
1.4410000000000007,-358476.1198213189,-6.97497081523777e-7
1.4510000000000005,-409708.3216404634,9.61319471541804e-6
1.4610000000000003,-398594.9370489542,-322017.2663553959
1.471,205008.09760974438,-417528.16560842906
1.4810000000000008,124551.27968215795,-218228.61186672663
1.4910000000000005,97654.63439048805,-203410.99380412203
1.5010000000000003,-58236.06592693752,24923.234311162792
1.5110000000000001,175805.37098233326,-147039.04096984383
1.5210000000000008,206130.07120820443,-103008.77169710693
1.5310000000000006,226435.17737655563,-45921.142984263875
1.5410000000000004,231354.4540023651,13195.84994210779
1.5510000000000002,15343.279337030424,-16201.064572654854
1.5610000000000008,7039.279546289013,-4517.31270869391
1.5710000000000006,23845.13627466545,-3.5089638433273486e-6
1.5810000000000004,24310.239356654478,0.23589788377253562
1.5910000000000002,24364.395062911975,0.40007993335173997
1.6010000000000009,24243.21202629664,-0.000026712921927447203
1.6110000000000007,24573.191784720944,-3.4608252309665124
1.6210000000000004,24395.927430800053,-0.0007401023236420865
1.6310000000000002,16833.651433737967,8264.568600180039
1.641000000000001,14366.372385697417,12355.023515090501
1.6510000000000007,17285.028152686675,20645.825104621505
1.6610000000000005,309485.3510512464,58640.23788021016
1.6710000000000003,297895.5241158216,138504.46408646565
1.681,286633.92038885807,175014.48817396344
1.6910000000000007,304851.95707771735,132966.00291106477
1.7010000000000005,312957.1092403934,106570.3601549265
1.7110000000000003,321215.3622196877,64302.9811653278
1.721,170082.05188170224,11426.73761621231
1.7310000000000008,18444.156271605087,23388.393672979182
1.7410000000000005,26451.7931567956,0.00017949203859541713
1.7510000000000003,17057.86953999001,17415.57578931756
1.7610000000000001,16252.161318180188,15036.636256754995
1.7710000000000008,9391.33685011653,6470.380141978882
1.7810000000000006,9207.03757137161,6285.8145934493505
1.7910000000000004,14091.054603477032,11449.82680972953
1.8010000000000002,19127.23532301606,8875.00287877136
1.8110000000000008,27614.496632608592,-1.98766953929114
1.8210000000000006,27568.85142213019,-4.251808638594198
1.8310000000000004,27820.122904568685,-0.2697354586958165
1.8410000000000002,28157.674457902238,8.116209662708936
1.8510000000000009,28163.366572891344,3.957992960150772
1.8610000000000007,28206.662007966752,-0.01706529465764526
1.8710000000000004,28490.975172747152,-8.312044471832172
1.8810000000000002,28967.82266276816,-0.0034333360847532777
1.891000000000001,28853.80810011821,-0.2395646685500893
1.9010000000000007,28755.208515872102,-0.00013560711878051965
1.9110000000000005,29305.75912818001,-0.4816978133099237
1.9210000000000003,29459.66988228366,-4.637882977809371
1.931,29434.457088420695,1.960121513710332
1.9410000000000007,29598.661194419095,2.194722494018177
1.9510000000000005,29833.5436881436,0.5127743942831464
1.9610000000000003,29716.620552098793,4.623187849233098
1.971,30112.57500457472,0.0002877805054837024
1.9810000000000008,30028.37413229865,0.14149324592570434
1.9910000000000005,30448.02910339058,2.2101174081790065
2.0010000000000003,30668.770270113087,0.5416242974769256
2.011,30139.298897903398,1.7664974913588298e-10
2.021000000000001,30621.28053555375,-1.3726634972524285e-7
2.0310000000000006,31174.30079229231,-0.2984113065574251
2.0410000000000004,31090.79707232444,0.0703443686578129
2.051,31676.609763433116,0.2790795213555597
2.061000000000001,31484.86184088195,0.5986957089946909
2.0710000000000006,31586.15237121299,0.018974721477407593
2.0810000000000004,31780.373696280723,-4.582649807542963e-6
2.091,24031.070084071274,-11847.403661599905
2.101000000000001,23578.741458969496,-12569.957196812233
2.1110000000000007,23147.416004314913,-13239.247315846564
2.1210000000000004,16748.67945462611,-13647.148438974235
2.1310000000000002,16798.71868884501,-13670.015077639884
2.141000000000001,16320.436689083512,-12971.419877021983
2.1510000000000007,9742.93418759619,-6267.673330120912
2.1610000000000005,9844.498271865954,-6352.801865961052
2.1710000000000003,10042.349136421224,-6532.8044013169165
2.181,16932.566679852705,-13625.876153406758
2.1910000000000007,19161.73300093321,-16458.54779807841
2.2010000000000005,19500.64884179674,-17022.68727980478
2.2110000000000003,20029.513975632624,-18020.54754472629
2.221,20622.54244255727,-19266.886443439776
2.2310000000000008,20977.46416078509,-20016.771448096533
2.2410000000000005,21314.693658763303,-20760.27450767724
2.2510000000000003,21690.117690113504,-21656.960282585438
2.261,22018.485242544,-22463.753947093566
2.271000000000001,22341.93250556787,-23298.79724295101
2.2810000000000006,35119.59091587314,-5.194344969155033
2.2910000000000004,34918.97674988491,0.0023742483392957363
2.301,47817.58499469855,81686.58714207668
2.311000000000001,168090.18080939935,61458.69255332878
2.3210000000000006,171168.91038194142,56740.395913376524
2.3310000000000004,174035.21658311904,51991.10841881296
2.341,176696.50120293102,47215.18403353276
2.351000000000001,177795.95739491505,27915.278891953792
2.3610000000000007,179317.91346113812,23564.036929859518
2.3710000000000004,180711.35457618316,19241.11318870231
2.3810000000000002,181982.40648660687,14942.58032434843
2.391000000000001,183136.30949757664,10666.55098884798
2.4010000000000007,184177.566394844,6412.453172991272
2.4110000000000005,185110.24454827252,2177.34943435848
2.4210000000000003,351914.1263467436,27654.185310631998
2.431,353648.87839637225,19780.868481155125
2.4410000000000007,355198.40940281923,11935.50813077138
2.4510000000000005,356567.9827389139,4112.534283846198
2.4610000000000003,357761.2161531007,-3691.490855844785
2.471,358781.8471560797,-11478.529728316184
2.4810000000000008,359632.61705276,-19251.480801078735
2.4910000000000005,360315.8426616652,-27011.773013520353
2.5010000000000003,360833.5578113954,-34763.97358170327
2.511,361187.2125413994,-42507.676617056386
2.521000000000001,361377.83152521524,-50246.02923138721
2.5310000000000006,361406.22820296494,-57981.31077878799
2.5410000000000004,361272.8946095805,-65711.6328806024
2.551,362626.6748432485,-56911.658625821365
2.561000000000001,362549.6126385371,-64422.76159295385
2.5710000000000006,362320.40798031277,-71935.27429234625
2.5810000000000004,361938.25072155485,-79453.56367388005
2.591,361402.30247978354,-86979.84416106614
2.601000000000001,360711.7516426083,-94512.26250586679
2.6110000000000007,359865.54535455233,-102050.57794814998
2.6210000000000004,358862.20545567625,-109596.99402182437
2.6310000000000002,357700.16103989875,-117150.23525932494
2.641000000000001,356378.04029632296,-124709.83538875417
2.6510000000000007,354893.0316474547,-132278.35798735474
2.6610000000000005,353243.80318265234,-139851.88230678358
2.6710000000000003,351427.4593537875,-147433.14549233986
2.681,349442.1642989132,-155018.47971177136
2.6910000000000007,347285.8354134108,-162606.8572289222
2.7010000000000005,344954.576602472,-170199.06252865586
2.7110000000000003,342446.0569079806,-177793.38053479587
2.721,339756.6050582089,-185388.7622688136
2.7310000000000008,336884.5899727209,-192981.20372862666
2.7410000000000005,333826.24678721157,-200569.3682030364
2.7510000000000003,330577.85907279997,-208151.98027612022
2.761,326712.12864102353,-216469.08013113745
2.771000000000001,322925.41860224423,-224241.89552281535
2.7810000000000006,318921.92566766776,-232004.9875947173
2.7910000000000004,314698.9570155141,-239751.69011480594
2.801,310249.6400769777,-247481.67368067574
2.811000000000001,305570.977167585,-255188.12038148535
2.8210000000000006,300657.7768241468,-262867.33626299846
2.8310000000000004,295504.4325198684,-270515.0256617144
2.841,290108.17872849485,-278123.0104156644
2.851000000000001,284460.15374698467,-285690.49599774013
2.8610000000000007,278559.2004409672,-293206.96333097934
2.8710000000000004,272399.47729084425,-300666.5667943897
2.8810000000000002,-171960.3301796791,-6.558652754840551
2.891000000000001,-172573.57922737938,2.9840096794344015
2.9010000000000007,-173261.6427152766,-0.3616166596004996
2.9110000000000005,-173230.41083056977,1.7219672716990526e-8
2.9210000000000003,-173068.31236160928,-0.00009620902052687324
2.931,229717.40234889087,-343820.5173207773
2.9410000000000007,221601.1789809915,-350666.0952045177
2.9510000000000005,213191.81702966947,-357382.09663568734
2.9610000000000003,204479.73435353136,-363960.8948798069
2.971,195460.5502676324,-370391.09736744897
2.9810000000000008,186136.02523769598,-376656.85214538476
2.9910000000000005,176496.10081711438,-382748.75245328766
3.0010000000000003,166538.1972686571,-388652.51489750965
3.011,156265.89415705323,-394350.7629429264
3.021000000000001,145672.61539113088,-399830.6935824395
3.0310000000000006,134754.7188632794,-405076.76582492347
3.0410000000000004,156932.5438925393,-408413.8249102486
3.051,179076.70979113193,-415777.6782394613
3.061000000000001,167201.60744921502,-424576.4661740185
3.0710000000000006,154712.53347015637,-433118.98303412466
3.0810000000000004,177577.66788370188,-437203.0000799888
3.091,191478.03769411726,-486342.7445240213
3.101000000000001,197328.6321422479,-493383.13755982334
3.1110000000000007,201996.50180877777,-503725.1723460232
3.1210000000000004,211929.0391285534,-637087.808140547
3.1310000000000002,263456.48054637166,-684310.5470531675
3.141000000000001,229591.31690686583,-709850.7623783577
3.1510000000000007,262823.38914183556,-714548.9717068607
3.1610000000000005,-143686.76446200552,-545795.0251751981
3.1710000000000003,-164080.32314542957,-542023.9079616244
3.181,-190931.7484668483,-535635.4875298118
3.1910000000000007,-219684.67567659687,-527010.4068766879
3.2010000000000005,-249280.15561002307,-516101.1915103165
3.2110000000000003,-281541.00736773154,-501581.8846463774
3.221,-311244.9750972574,-485642.95594557986
3.2310000000000008,-349781.5873147873,-460516.625525375
3.2410000000000005,-392843.9052586099,-425220.27218219894
3.2510000000000003,-477905.70597026584,1.3612895034006855e-6
3.261,-477329.9307188621,5.46303147098366e-6
3.271000000000001,-473603.8690318419,-7.139311512926605e-8
3.2810000000000006,-466264.07437986904,2.984600159159739e-6
3.2910000000000004,-466882.1591452034,-5.022686459532928e-6
3.301,-433397.4879564562,-2.9232967307416907e-6
3.311000000000001,-428641.6430750783,6.386629219667544e-7
3.3210000000000006,-463683.99983129284,4.403078755553691e-6
3.3310000000000004,-420696.52291190217,6.102344389283614e-7
3.341,-199076.89151850002,1.7019794298864296e-7
3.351000000000001,-200559.2418565264,3.23179141339035
3.3610000000000007,-402699.60034279706,1.9216357153706036e-6
3.3710000000000004,-200641.73244318404,-7.189219323313544
3.3810000000000002,-201946.7302582027,-1.7899091748297558
3.391000000000001,-202701.07537830243,0.4452710784566879
3.4010000000000007,-204571.86178205154,0.24314335237161233
3.4110000000000005,-203297.44476022306,-14.009314399810464
3.4210000000000003,-204344.04699132073,0.0004630262171248299
3.431000000000001,-205559.55915513588,-3.3642527490030156
3.4410000000000007,-408461.1415214666,8.470999448272424e-8
3.4510000000000005,-207207.89933645414,-14.431117713257922
3.4610000000000003,-206693.47970491112,-0.43488723619277636
3.471,-206953.04675965259,-0.4725933945481029
3.4810000000000008,-206942.2135436846,0.00023230396756929942
3.4910000000000005,-207290.5985407177,-0.0037686599100141575
3.5010000000000003,-208325.68879009143,-0.028425203101832386
3.511,-210087.09222545548,1.847421452468728
3.521,-209429.4532913391,-0.23621686445159124
3.5309999999999997,-212916.7017235818,-0.05160249706233776
3.5410000000000013,-211938.3586079112,-0.897259276909256
3.551000000000001,-213204.28939743212,-1.6518743013620836
3.561000000000001,-213317.713375572,-0.44851005066817684
3.5710000000000006,-215127.94618142574,24.5767224602017
3.5810000000000004,-213726.41510723977,0.014225147729991377
3.591,-23667.26863366539,-0.08488227159467188
3.601,-23764.529192874732,-0.36583970998683757
3.6109999999999998,-23763.278443148592,-0.08955160947851926
3.6210000000000013,-23822.85506487804,1.4299638759386033
3.631000000000001,-23910.327199955747,0.00033292440965121514
3.641000000000001,-24051.261310524344,0.07111112427221261
3.6510000000000007,-24104.004587132604,0.005864664533269233
3.6610000000000005,-24091.375177935253,-2.9962434035036267
3.6710000000000003,-24161.016216128468,-1.3895673717589823
3.681,-24304.798449761787,0.0048394710426951995
3.691,-24315.236455290946,0.1675094602488703
3.7009999999999996,-24379.412278949832,0.006006406502541481
3.711000000000001,-24393.474352335157,0.0001682397799930338
3.721000000000001,-24477.477045335225,0.7377759358550189
3.7310000000000008,-24530.214993808626,0.7351549221305973
3.7410000000000005,-24646.533782867096,0.16267683254881227
3.7510000000000003,-24684.298730984283,0.00004275766129842189
3.761,-24816.669954836227,0.019289381461863854
3.771,-24791.856379801226,0.04642524067315404
3.7809999999999997,-24970.358745185615,-0.39987480230189665
3.7910000000000013,-24973.865790616263,1.4651624963240653
3.801000000000001,-25023.53550445437,0.18479812648324317
3.811000000000001,-25055.842919607403,0.7597934343873762
3.8210000000000006,-25207.275882743765,0.000023121362346622817
3.8310000000000004,-25228.42578762766,0.012532036732959669
3.841,-25356.77429165348,-0.34959034408113965
3.851,-25372.01790847979,0.6777934850101004
3.8609999999999998,-25471.228383578567,-0.160372897943233
3.8710000000000013,-25482.277601528585,0.19962199009042503
3.881000000000001,-25521.667396822777,2.915139214093803
3.891000000000001,-25617.86564049539,-0.005380920893341499
3.9010000000000007,-25655.862821895586,0.8018286580433738
3.9110000000000005,-25769.542882458667,-0.00018124809614973938
3.9210000000000003,-25931.9539984257,-0.023385731264300103
3.931,-25837.488413506722,-0.05024952519310995
3.941,-25939.607037017428,-0.00004447006803025332
3.9509999999999996,-26107.442784086626,-0.33670888846581304
3.961000000000001,-26081.528057290474,-5.365714689198119e-6
3.971000000000001,-26188.41039658431,-0.19268621817511694
3.9810000000000008,-26244.09590358191,-0.179604189663932
3.9910000000000005,-26294.132498038925,-1.6033330484206306e-6
4.001,-26350.198180612602,-0.08723416039621032
4.011,-26379.743014685042,-0.0007748253471126477
4.021,-26445.793219686442,-0.006314160578616574
4.031,-26505.88322319736,-0.7339915209060461
4.041000000000001,-26583.535424999627,-3.19469657089257
4.051000000000001,-26643.282948566204,-0.3852716397711431
4.061000000000001,-26779.95334486421,-0.710317379094175
4.071000000000001,-26814.652570980183,-0.013129042081029208
4.081,-26844.191433024025,0.7554862995295042
4.091,-27013.470386891593,-0.7420972550519174
4.101,-26970.079203192803,-0.19726983248761104
4.111,-27030.693774928706,-0.02364258027936273
4.121000000000001,-27190.467758471088,-0.7613373227803484
4.131000000000001,-27267.013568283804,-0.7598373468935231
4.141000000000001,-27254.36065382152,-0.00002533790335545609
4.151000000000001,-27392.89838469283,-0.20469469427450016
4.1610000000000005,-27408.295588179968,-0.19410887134615062
4.171,-27471.1803723659,-0.10826975709463263
4.181,-27620.93195321951,-0.19783909800703608
4.191,-27565.42477961979,3.3410399717054835
4.201000000000001,-27719.8368302548,0.4450699526142319
4.211000000000001,-27778.885113504435,0.854829855642528
4.221000000000001,-27766.91575071705,0.39896125342750066
4.231000000000001,-27951.20092535652,1.6263886767608584
4.2410000000000005,-27930.9657696336,0.047615830230040485
4.251,-27943.102561519136,0.00010326725930399482
4.261,-28026.55210186807,0.00019079783716055625
4.271,-27992.029128129532,-5.822585665225459e-10
4.281,-28148.212617713354,0.05377908834878525
4.291000000000001,-28278.50493086477,-0.02708362139796041
4.301000000000001,-28430.71148365231,0.4570051722691595
4.311000000000001,-28363.092014461767,0.003312384708134073
4.321000000000001,-28419.92382781744,0.00010412209710506794
4.331,-28521.272512569194,1.87365379143552e-7
4.341,-28607.262494410916,0.4147235356822254
4.351,-28648.12743687824,0.11314109810415371
4.361,-28727.208990627438,0.8107669305248573
4.371000000000001,-28760.536817866654,0.00010171915977750352
4.381000000000001,-28881.95430267787,0.0035538075720895432
4.391000000000001,-28861.080855613476,4.787339415269621e-6
4.401000000000001,-29005.283315918346,0.2065213928578487
4.4110000000000005,-29067.778486963594,0.005887430795068616
4.421,-29130.433134657265,0.44007823131546386
4.431,-29152.4232230293,0.22323637721438594
4.441,-29278.248975039365,0.46310203689754925
4.451000000000001,-29277.079927600054,1.7785123584936144
4.461000000000001,-29342.599345679013,0.00021234813359089806
4.471000000000001,-29493.013503110524,0.000824688135501461
4.481000000000001,-29473.501343913213,0.00172602037307797
4.4910000000000005,-29527.792134737167,0.057800857861836086