-4.499,-1.599642062326071e-10,-4.252960973856185e-10
-4.489,3.0267214841627104e-9,-3.0012594298794746e-9
-4.479,2.716320720455471e-10,-7.412564343930493e-10
-4.468999999999999,1.617240342507729e-13,1.9900364628798333e-13
-4.459,-1.5271479462658176e-10,-6.391248492799137e-10
-4.449,-2.4445080065327388e-9,-4.493377063388901e-9
-4.439,-3.638767581408999e-9,-3.795208256593151e-9
-4.428999999999999,2.788176587847413e-9,-2.4435748208630158e-9
-4.419,6.915618371261175e-10,-7.047638031801031e-10
-4.409,-6.880790421298484e-12,-2.4646707707484003e-11
-4.399,-3.2344623338223904e-11,-4.170589944276141e-11
-4.388999999999999,-5.5135808709501905e-14,-7.157346959433981e-14
-4.379,1.5840360090428801e-15,1.356852626401545e-15
-4.369,-9.939587667422788e-11,-4.6357841766666883e-10
-4.359,-5.379350976123054e-11,-7.111345136113391e-11
-4.348999999999999,9.142518601210624e-17,9.591921611691772e-17
-4.3389999999999995,-5.728778506658667e-13,-1.0075549840952775e-12
-4.329,1.4210294351375658e-12,-3.3512492531791736e-12
-4.319,2.2105026079893065e-11,-1.3111049280012669e-11
-4.308999999999999,1.6062700125566366e-12,-8.42544005611932e-11
-4.2989999999999995,2.5177527646806158e-9,-1.9591162871594353e-9
-4.289,0.00007520140027081641,4.7985955730437114e-12
-4.279,-1.3797074583952883e-8,-5.125059700013734e-9
-4.268999999999999,0.00023376918712088283,-7.592626464412836e-9
-4.2589999999999995,-1.195696717249301e-17,-1.3075815425676219e-17
-4.249,0.00023273871542295584,-2.799231391483597e-8
-4.239,-5.684627221784947e-14,-3.0515427674966654e-13
-4.228999999999999,-6.9417305314045194e-9,-2.682239127549846e-9
-4.218999999999999,-0.0020309105156239246,0.00004327412768888032
-4.209,-5.29378106607089e-17,-5.918844739290421e-17
-4.199,-1.0216543007637184e-12,-1.7677126132590982e-12
-4.189,6.285768271329792e-13,4.4744797594813005e-13
-4.178999999999999,-1.3273119495632141e-13,-1.5914042950616323e-13
-4.169,2.2354585408106703e-15,2.553248047910787e-15
-4.159,6.540258993221479e-10,-1.8896547795427926e-9
-4.149,-1.1732326669257584e-10,-1.8833742277484726e-9
-4.138999999999999,-0.003733688544409438,0.00003594221705995584
-4.129,-0.003722841515422119,0.00002023968537466525
-4.119,-0.0037137498610955197,-0.000019273417264047116
-4.109,-0.0037274312309290587,0.00010338852279641902
-4.098999999999999,-0.003721031806570476,-0.00010851208947984903
-4.0889999999999995,-0.0037025438420571167,-0.00008746945653948461
-4.079,-0.0036876383741077145,-0.00007066479682876909
-4.069,-0.0038601632856236417,-5.01329886315443e-11
-4.058999999999999,-0.003665155354882865,-0.00005416451935598127
-4.0489999999999995,-0.00365542550480806,-0.000050954985674369816
-4.039,-0.0036411245703978122,0.00001109413981763878
-4.029,-0.003632207344088069,0.000012980487007795178
-4.019,-0.0036232121184740325,0.000013304970029591545
-4.0089999999999995,-0.003614140054450607,0.000012226829524345416
-3.9989999999999997,-0.003605014691177783,9.857270154538862e-6
-3.989,-0.003595882784185666,6.481843069673173e-6
-3.9789999999999996,-0.0035867992551364396,3.10624279663604e-6
-3.9689999999999994,-0.003765594957617857,-6.655924299703539e-10
-3.9589999999999996,-0.0035688149008956285,-5.484600994266104e-6
-3.949,-0.0035636613571212537,-0.000042408032932280205
-3.9389999999999996,-0.00356967924598899,-0.00009138625994137533
-3.9289999999999994,-0.0035624268073871004,-0.0000952014864725808
-3.9189999999999996,-0.0036027175552622317,0.00016350903989535484
-3.909,-0.00356799627608285,-0.00013465311175945053
-3.8989999999999996,-0.0035176900684649776,-0.000037032563172928024
-3.889,3.566535719843682e-15,4.530306915586515e-15
-3.8789999999999996,1.1284758080407677e-9,-3.0425274416913726e-9
-3.8689999999999998,8.837569033915036e-11,-4.821280544556629e-10
-3.8589999999999995,-0.0018604061210980257,0.00004965417863827793
-3.8489999999999998,-0.0018508832180541492,-0.0000305304199997643
-3.8389999999999995,-0.0018531886211407577,-0.00005660073007947312
-3.8289999999999997,-0.0018760029645488918,0.00010475132390531033
-3.8189999999999995,-0.0018337935741392529,6.491012978468604e-6
-3.8089999999999997,-0.001829371328353954,-0.000012932841065683539
-3.7989999999999995,-0.0018242272298027583,7.345410465559928e-6
-3.7889999999999997,-0.0018201246320745006,0.00001682598569957477
-3.779,-0.001840992024594185,0.00008920123088049067
-3.7689999999999997,1.8946437529820506e-14,2.6625745702658816e-14
-3.7589999999999995,5.001188323264791e-13,3.103542416685264e-13
-3.7489999999999997,3.009108919629394e-16,4.197844464502386e-16
-3.739,2.851541578820416e-9,-5.3019819039072556e-9
-3.7289999999999996,0.00021019760933197064,2.1650029882298057e-8
-3.7189999999999994,2.233006609455926e-12,-9.040799154241736e-12
-3.7089999999999996,5.885666530124811e-12,-2.264005274788581e-11
-3.699,-3.7017345865114215e-17,-5.3114433861398184e-17
-3.6889999999999996,4.551598530190252e-17,6.567335766858424e-17
-3.6789999999999994,1.776897593217073e-9,-1.6777380529502549e-9
-3.6689999999999996,-2.0916740150926466e-15,-4.7995455441071685e-15
-3.659,1.902562033477712e-12,-6.3528306093721284e-12
-3.6489999999999996,-5.68290783156135e-11,-1.0951054345782169e-9
-3.639,-2.4568688373260202e-14,-3.8354541014817577e-14
-3.6289999999999996,3.131335500299121e-14,3.233857607695263e-14
-3.6189999999999998,-6.253940952932164e-10,-1.073282545449499e-9
-3.6089999999999995,3.090301564001764e-12,-1.300561159673952e-11
-3.5989999999999998,-4.4958157895363325e-9,-2.240852700534383e-9
-3.5889999999999995,1.4693059226175082e-13,3.194090926520545e-13
-3.5789999999999997,2.3468166948650288e-14,3.730162346246146e-14
-3.5689999999999995,8.148689420385832e-14,7.706485798210394e-14
-3.5589999999999997,1.258667759030417e-9,-1.7181731555482257e-9
-3.5489999999999995,2.844225391175383e-9,-4.828063433911401e-9
-3.5389999999999997,7.728927708536118e-9,-3.5109156568556394e-9
-3.529,6.73645766035173e-14,-1.9174373187197258e-13
-3.5189999999999997,5.420108570490354e-10,-7.788070073486631e-10
-3.5089999999999995,3.081839399770387e-11,-1.592013536923609e-10
-3.4989999999999997,2.2022703801803566e-16,3.522512373698856e-16
-3.489,-2.919902887755549e-14,-4.8246298793222454e-14
-3.4789999999999996,2.0145001626537595e-15,-2.0197168011543834e-14
-3.4689999999999994,-2.579548419682262e-16,-4.200056083642341e-16
-3.4589999999999996,1.2796980842054477e-11,-1.3027217435154202e-11
-3.449,1.0117958899164372e-9,-1.0533384575657412e-9
-3.4389999999999996,-5.077711810314997e-12,-7.684779862859533e-10
-3.4289999999999994,2.2046874647208208e-10,-2.3124541942359234e-10
-3.4189999999999996,1.7688378848667653e-11,-1.814707156675552e-11
-3.409,0.00048678004717671834,-5.077373260562267e-9
-3.3989999999999996,-0.0030644321119507384,-0.000013831410448277024
-3.3889999999999993,-0.0030580732095187284,0.0000351285455156255
-3.3789999999999996,-0.003046052837114816,-7.186293761798935e-6
-3.3689999999999998,-0.0030398905784960245,0.0000341600659448191
-3.3589999999999995,-0.003031825396775295,0.00003910959541403237
-3.3489999999999993,-0.003037880270728656,0.0000840037009164294
-3.3389999999999995,-0.003018127149463173,0.00005617650839703897
-3.3289999999999997,-0.0030033108840504777,0.000030859733721224034
-3.319,-0.0029918389406247575,-9.455374513521155e-7
-3.3089999999999997,-0.00012553609540482858,-8.152467497652684e-10
-3.2989999999999995,5.051529104067045e-16,9.074693577699413e-16
-3.2889999999999997,5.596283040365472e-10,-8.717214379346854e-10
-3.279,1.0593724018790403e-12,-1.8815307617512965e-12
-3.2689999999999997,-4.928934825278221e-16,-9.110049750543832e-16
-3.2589999999999995,7.882258309306174e-16,1.452779481041089e-15
-3.2489999999999997,-1.3365786017157762e-9,-3.180454975133103e-9
-3.239,-1.7243659550943598e-11,-3.446413685859025e-11
-3.2289999999999996,-2.877574683497895e-14,-8.225858312170887e-14
-3.2189999999999994,5.006351466019015e-16,9.409720030676422e-16
-3.2089999999999996,-8.611932126756295e-10,-3.914943659149235e-9
-3.199,2.802816826926019e-10,-2.8274093530755746e-10
-3.1889999999999996,-3.4352225737256853e-15,-7.436174018820844e-15
-3.1789999999999994,1.9519186580672191e-13,3.644325600535537e-13
-3.1689999999999996,-7.282701980729505e-15,-1.5890713667039817e-14
-3.159,-0.0015211176050694936,-0.0000342433387420899
-3.1489999999999996,4.3146294338444044e-14,8.055126439895386e-14
-3.1389999999999993,-2.625521758747485e-9,-3.938052292927013e-9
-3.1289999999999996,9.205124712777982e-14,-1.2480076028328568e-13
-3.1189999999999998,5.602658149280905e-13,-4.144229872455752e-13
-3.1089999999999995,8.596571745898557e-15,-8.297132633221115e-14
-3.0989999999999993,1.3281777898017274e-13,3.2397660107247203e-13
-3.0889999999999995,-4.0585342014070315e-13,-9.777168716708636e-13
-3.0789999999999997,3.733282824612311e-15,7.636574672460911e-15
-3.069,-1.367121656816668e-13,-4.681630862859033e-13
-3.0589999999999997,2.6654341394958666e-10,-5.707984979557907e-10
-3.0489999999999995,-5.66656901391042e-9,-5.485515003100935e-9
-3.0389999999999997,2.7914468086378395e-9,-5.127376399574001e-9
-3.029,-2.83201446909708e-9,-4.6006014390267896e-9
-3.0189999999999997,-1.0032681805866139e-8,-7.062151773212392e-9
-3.0089999999999995,2.8017398961085212e-14,6.42763240557702e-14
-2.9989999999999997,1.5220625552136408e-11,-6.003746642924265e-10
-2.989,-1.2270466552623775e-8,-1.0949782248748022e-8
-2.9789999999999996,-2.9595903445263e-13,-9.982442704236346e-13
-2.9689999999999994,-4.7853397859215736e-12,-1.6095536825254228e-11
-2.9589999999999996,1.0935087714665314e-9,-1.3212282165040197e-9
-2.949,0.00016040246290931258,-6.688666817538611e-9
-2.9389999999999996,0.0008100157618557963,-1.0323189176847962e-7
-2.9289999999999994,0.0008228689243135587,-4.5188941824736e-9
-2.9189999999999996,-1.3672490915132393e-14,-3.1620063480334897e-14
-2.909,1.671686780587255e-13,-8.538270746412759e-12
-2.8989999999999996,-5.200787263748723e-16,-1.231094454871792e-15
-2.8889999999999993,-4.3932491619703185e-16,-1.4693047620190023e-15
-2.8789999999999996,1.8481386548657044e-13,3.5228622287243466e-14
-2.8689999999999998,-5.0277039768143346e-14,-1.2135224962002902e-13
-2.8589999999999995,3.562333785178896e-15,8.467671132636735e-15
-2.8489999999999993,-8.657284810353051e-15,-1.731994617597723e-11
-2.8389999999999995,1.4506463106279852e-15,3.4802842666847417e-15
-2.8289999999999997,9.094518784146543e-15,8.312784578629899e-15
-2.819,9.130173426454323e-13,8.658688938992804e-13
-2.8089999999999997,7.923912288067247e-11,-8.226710006130893e-10
-2.7989999999999995,2.442127702267756e-9,-4.5791897558493375e-9
-2.7889999999999997,2.8302803321681148e-11,-4.8355155095618224e-11
-2.779,6.8845676751279764e-9,-7.002868912045166e-9
-2.7689999999999997,3.450442065330526e-14,9.794800297677388e-14
-2.7589999999999995,2.3198180808836168e-15,5.7900824836021195e-15
-2.7489999999999997,6.70114172601378e-14,5.202740302754874e-14
-2.739,-1.276225785714158e-15,-3.4274189022154103e-15
-2.7289999999999996,-2.5102200247349992e-11,-2.0309540194521637e-10
-2.7189999999999994,-6.339995162107009e-12,-2.0752719807850402e-11
-2.7089999999999996,-3.703128935573404e-11,-4.617742321612046e-10
-2.699,5.252530825306368e-13,-4.248049122422781e-12
-2.6889999999999996,1.856790137978471e-10,-6.31244801111108e-10
-2.6789999999999994,-1.4897995195223188e-14,-1.0034179180637717e-13
-2.6689999999999996,-9.969667209992271e-15,-3.0597662739925347e-14
-2.659,-6.327490735045414e-16,-1.785954665698331e-15
-2.6489999999999996,-6.899992759966277e-10,-3.745192817042211e-9
-2.6389999999999993,4.870447021788242e-9,-6.501284034580407e-9
-2.6289999999999996,-2.3483970258965134e-15,-7.479324038473521e-15
-2.6189999999999998,3.683189606244645e-16,1.0752803482803711e-15
-2.6089999999999995,0.00013991819791465187,-7.62539194243194e-8
-2.5989999999999993,0.0001366401396080389,1.249852165529668e-7
-2.5889999999999995,0.0001286997347600926,-2.958561819850362e-7
-2.5789999999999997,8.776307714282933e-17,2.630220979797703e-16
-2.569,-9.942457419208346e-15,-1.9637602093086041e-13
-2.5589999999999997,-5.493712668044518e-10,-1.0552752568260266e-9
-2.5489999999999995,-4.137173354126348e-14,-1.5798427863206903e-13
-2.5389999999999997,2.232632819079247e-10,-1.0167210006281937e-9
-2.529,6.094511681443488e-13,-5.17625758890217e-14
-2.5189999999999997,2.321124212611919e-12,-2.801216018258826e-12
-2.5089999999999995,-3.397909360686171e-15,-1.1238842324569693e-14
-2.4989999999999997,-1.061114643909808e-15,-3.4644854146827577e-15
-2.4889999999999994,-5.840263694582853e-12,-1.2032252719202088e-10
-2.4789999999999996,-0.000095109619844521,-2.7929387137352456e-10
-2.4689999999999994,2.993381487072491e-10,-5.847588843147341e-10
-2.4589999999999996,-7.189707015187833e-15,-2.580547862344052e-14
-2.449,-2.9513389451257955e-12,-8.254541439556879e-12
-2.4389999999999996,4.258648407197958e-9,-4.7257509741973114e-9
-2.429,4.783206752721379e-15,1.6657916398083445e-14
-2.4189999999999996,-1.7538940196313282e-14,-5.351855997063947e-13
-2.409,2.746281088349438e-16,9.69222242843543e-16
-2.3989999999999996,5.785733620962103e-9,-3.0283737924500206e-9
-2.389,-1.565606007363275e-13,-1.8355836745999114e-12
-2.3789999999999996,2.686608823108622e-9,-5.326619694724186e-9
-2.3689999999999998,-2.136588353133441e-9,-3.843376496583353e-9
-2.3589999999999995,-5.5745077508169733e-11,-4.0276106644342133e-10
-2.3489999999999998,3.9926690530934277e-16,1.49449965139507e-15
-2.3389999999999995,2.28855106622418e-13,5.303636263773295e-13
-2.3289999999999997,-1.2977748132223072e-15,-1.4630230826384008e-14
-2.3189999999999995,6.146780315468544e-10,-1.157808061780998e-9
-2.3089999999999997,9.597518421424818e-14,2.331051882028063e-13
-2.2989999999999995,1.933144906479947e-9,-3.700821583784035e-9
-2.2889999999999997,-2.710660584190856e-13,-1.6886220963796362e-12
-2.2789999999999995,-1.9512263538784842e-17,-7.919315179359817e-17
-2.2689999999999997,1.6011617260953198e-16,6.582284887750969e-16
-2.2589999999999995,1.845013941287886e-15,7.730737120450953e-15
-2.2489999999999997,-2.5690338082255795e-12,-2.1421134903148923e-11
-2.2389999999999994,-1.4099776370253831e-11,-1.249444165784991e-10
-2.2289999999999996,-9.518707279400984e-11,-1.3472877248645662e-10
-2.2189999999999994,5.434731218057077e-8,-1.3803214934170182e-9
-2.2089999999999996,-4.55429992543507e-12,-2.875121744448308e-11
-2.1989999999999994,-3.890945638049023e-12,-2.4956609527069855e-11
-2.1889999999999996,5.950149118231377e-10,-2.267856730010692e-9
-2.179,4.325810689553466e-8,-3.1170423449723575e-9
-2.1689999999999996,4.496468625900945e-8,-6.44811308344288e-9
-2.159,-2.557367182580762e-8,-1.2496585798586164e-8
-2.1489999999999996,-9.168552890901486e-11,-1.1354547300197976e-10
-2.139,-1.3121622613482986e-10,-1.3407159569815936e-10
-2.1289999999999996,1.1106043659058477e-14,5.2434786132510047e-14
-2.1189999999999998,1.345068211663961e-14,6.217287783791367e-14
-2.1089999999999995,1.630676845522594e-14,7.317973467114908e-14
-2.0989999999999998,1.9634107588951498e-14,8.397327312707727e-14
-2.0889999999999995,2.349916264609469e-14,9.389068705177687e-14
-2.0789999999999997,2.79416833749716e-14,1.0183541663312675e-13
-2.0689999999999995,3.33757397026329e-14,1.0759965987612521e-13
-2.0589999999999997,3.996561008879898e-14,1.1040838156537857e-13
-2.0489999999999995,4.8039951773478703e-14,1.1041128312492266e-13
-2.0389999999999997,-2.715875851102464e-15,-1.510473835418244e-14
-2.0289999999999995,-3.1685274318845784e-15,-1.8035748090533287e-14
-2.0189999999999997,-3.627467017081263e-15,-2.1263876095061587e-14
-2.0089999999999995,6.292094439343467e-11,-1.985711294310879e-10
-1.9989999999999997,8.429774014629654e-11,-2.3617414656389086e-10
-1.9889999999999994,1.106146795228567e-10,-2.7847880500205586e-10
-1.9789999999999996,1.4094871735288563e-10,-3.2666861864849015e-10
-1.9689999999999994,1.74259443815215e-10,-3.838014864575007e-10
-1.9589999999999996,2.105201998809977e-10,-4.5509895005699025e-10
-1.9489999999999994,2.5196871474797143e-10,-5.475621857673077e-10
-1.9389999999999996,3.041740211018915e-10,-6.689883072354905e-10
-1.9289999999999998,3.7674756449663064e-10,-8.262853359558075e-10
-1.9189999999999996,4.829353071523597e-10,-1.0229638748066051e-9
-1.9089999999999998,6.367132281790508e-10,-1.25673641678589e-9
-1.8989999999999996,8.471907899835706e-10,-1.5199572790134137e-9
-1.8889999999999998,1.11348132777252e-9,-1.8059317165198324e-9
-1.8789999999999996,1.4260417291788897e-9,-2.1192464511847292e-9
-1.8689999999999998,1.7764265833005056e-9,-2.483117241648327e-9
-1.8589999999999995,2.1703188700209415e-9,-2.937836942785913e-9
-1.8489999999999998,2.6364064575583667e-9,-3.531613391704487e-9
-1.8389999999999995,3.2288688227332375e-9,-4.308915917447498e-9
-1.8289999999999997,4.023316654578912e-9,-5.29875704496185e-9
-1.8189999999999995,1.769238598842579e-9,-3.894470536394257e-9
-1.8089999999999997,8.553463749806167e-9,-5.362015082237317e-9
-1.7989999999999995,-1.3633327896044016e-13,-2.431907912288871e-12
-1.7889999999999997,3.098733107424234e-14,-3.2673581619072193e-12
-1.7789999999999995,3.8664209138097306e-13,-4.414245718980838e-12
-1.7689999999999997,1.0553673822187847e-12,-6.050704509504871e-12
-1.7589999999999995,2.2834916283816154e-12,-8.46602744534273e-12
-1.7489999999999997,4.576538421874195e-12,-1.2068242645417032e-11
-1.7389999999999994,8.897828455465804e-12,-1.738658729609372e-11
-1.7289999999999996,1.697215419200937e-11,-2.5000305905417752e-11
-1.7189999999999994,2.8263010406148234e-11,-3.812828845847379e-11
-1.7089999999999996,7.652224522648068e-16,7.88167961214697e-15
-1.6989999999999994,-1.80378439936218e-12,-3.8677187698865675e-11
-1.6889999999999996,-2.5951918634561455e-16,-2.8119988659444765e-15
-1.6789999999999998,-2.9322412939930737e-16,-3.276965138115077e-15
-1.6689999999999996,-3.2141847903852596e-16,-3.72114286825976e-15
-1.6589999999999998,-3.3676567669679656e-16,-4.070231997446878e-15
-1.6489999999999996,2.7018346483921316e-12,-7.406303533126973e-12
-1.6389999999999998,3.684396026316591e-12,-7.380929805891429e-12
-1.6289999999999996,4.733948099081762e-12,-7.050477646614698e-12
-1.6189999999999998,5.132687860448824e-12,-6.862991162059556e-12
-1.6089999999999995,3.3464833091403676e-12,-7.43700291963022e-12
-1.5989999999999998,2.8033128935338344e-12,-6.155630149813463e-12
-1.5889999999999995,-1.5367738398931057e-12,-5.189353152368197e-12
-1.5789999999999997,-4.2612264763948474e-13,-1.4249770673873148e-12
-1.5689999999999995,-7.491966359173508e-17,-1.1896504759187672e-15
-1.5589999999999997,2.877662265213131e-14,3.205613032560054e-13
-1.5489999999999995,6.048269851408571e-11,-1.3068337612852775e-9
-1.5389999999999997,3.4810363744976934e-10,-8.838906764638448e-10
-1.5289999999999995,3.5465975120514096e-10,-5.475125272374059e-10
-1.5189999999999997,-1.0625015351306115e-10,-3.081316232473655e-10
-1.5089999999999995,-1.3011030849489236e-15,-3.849127605111684e-14
-1.4989999999999997,1.0046786561051561e-15,1.2199199313735574e-14
-1.4889999999999994,3.4123705154977885e-11,-9.310424823884153e-11
-1.4789999999999996,-1.4022196432677546e-12,-4.22473011935714e-12
-1.4689999999999994,2.701081378650816e-16,4.4538027781044834e-15
-1.4589999999999996,1.8351036193412082e-11,-9.322451118773936e-11
-1.4489999999999994,-3.377978838129792e-11,-9.939089810511749e-11
-1.4389999999999996,-2.0118294663751994e-16,-1.4985184026383627e-14
-1.4289999999999994,1.3983874818681164e-15,2.365351385092873e-14
-1.4189999999999996,2.172519783912172e-15,8.203877648851759e-14
-1.4089999999999998,4.4852085241236873e-14,6.23776402841148e-13
-1.3989999999999996,7.494742957781938e-14,8.898205104295902e-13
-1.3889999999999998,8.208392294031138e-13,2.117439673904888e-13
-1.3789999999999996,1.165167420214436e-12,1.0248433254647045e-12
-1.3689999999999998,1.4370626904980837e-12,2.07429027312972e-12
-1.3589999999999995,1.234398752852461e-17,9.42137788607795e-16
-1.3489999999999998,-3.4495353158165746e-12,-2.1624283247535385e-12
-1.3389999999999995,-2.0824606578650396e-12,-4.468808283328556e-12
-1.3289999999999997,-2.028109685490448e-13,-6.1588822029149245e-12
-1.3189999999999995,2.5091108530575934e-9,-3.5979645577272016e-9
-1.3089999999999997,6.736957848045578e-9,-5.988866715643352e-9
-1.2989999999999995,1.0882904233432983e-8,-6.32622464173781e-9
-1.2889999999999997,1.3232051660934767e-8,-5.003275082481597e-9
-1.2789999999999995,1.2399008212045859e-8,-5.114556640450468e-9
-1.2689999999999997,1.0167290682079973e-8,-4.441006026489483e-9
-1.2589999999999995,5.294087012477895e-9,-5.000881893372659e-9
-1.2489999999999997,2.0107162503939831e-13,-1.52021351171476e-12
-1.2389999999999994,2.1036720033529976e-10,-4.162298803875331e-9
-1.2289999999999996,-1.1174824769309627e-13,1.1185494137237935e-12
-1.2189999999999994,-5.850655655420754e-14,7.087846771348179e-13
-1.2089999999999996,-2.6705553352761993e-14,4.128840522325129e-13
-1.1989999999999994,-1.033870098015752e-14,2.113809360971255e-13
-1.1889999999999996,-5.862914875416547e-16,2.0726382259618553e-14
-1.1789999999999994,-1.4863168413569944e-16,5.1069481408013314e-15
-1.1689999999999996,-1.0947189295447199e-13,8.260494327305668e-13
-1.1589999999999998,4.951580219311509e-11,-8.001654107819646e-11
-1.1489999999999996,-6.597410929784757e-10,-1.1337185857525717e-9
-1.1389999999999998,2.633172098286104e-9,-3.3306868964219803e-9
-1.1289999999999996,1.1544607165339757e-8,-6.979517318884752e-9
-1.1189999999999998,2.429832640091991e-12,-6.356896893654673e-12
-1.1089999999999995,3.2688932064399626e-17,-6.709012657425955e-16
-1.0989999999999998,1.0166226492573086e-16,-2.093425298469224e-15
-1.0889999999999995,1.7127913669421295e-16,-3.4364434366431433e-15
-1.0789999999999997,2.1637353172179873e-16,-4.210170278059405e-15
-1.0689999999999995,2.2086578635087613e-16,-4.154718767858938e-15
-1.0589999999999997,1.8440843836974682e-16,-3.344423085015685e-15
-1.0489999999999995,1.2168501936245516e-16,-2.1245260846556557e-15
-1.0389999999999997,5.536484664117077e-17,-9.31232559933579e-16
-1.0289999999999995,-5.610178513228528e-10,-7.140730803284812e-10
-1.0189999999999997,1.1455770516734337e-9,-3.296476012366247e-9
-1.0089999999999995,-1.655307844723719e-9,-5.478365470284624e-9
-0.9989999999999997,-1.926462126067748e-9,-2.3572594134228306e-9
-0.9889999999999994,-3.7407155996183585e-10,-2.8038123660528472e-9
-0.9789999999999996,-1.6918826926427977e-13,9.338487433971574e-13
-0.9689999999999994,-1.2754652213937346e-9,-1.8403926938408859e-9
-0.9589999999999996,-3.3454115119437386e-11,-1.7660102438660895e-10
-0.9489999999999994,-6.797920935603576e-13,1.8822296430415858e-12
-0.9389999999999996,-2.069626509962434e-13,1.0356690990406398e-12
-0.9289999999999994,-2.401890323229773e-13,1.2390686156603892e-12
-0.9189999999999996,-1.910554108311643e-13,1.2498267862834188e-12
-0.9089999999999998,-9.412210939580443e-14,1.068160712714067e-12
-0.8989999999999996,-2.0387242592855407e-15,7.627158807547253e-13
-0.8889999999999998,5.3344126832204866e-14,4.34133430368211e-13
-0.8789999999999996,7.133267009715247e-14,1.651024082388493e-13
-0.8689999999999998,6.778347342281247e-14,-6.8074076347160625e-15
-0.8589999999999995,5.76741155410395e-14,-8.461500003230815e-14
-0.8489999999999998,4.8281564556505466e-14,-9.038421818042685e-14
-0.8389999999999995,4.1138299268108527e-14,-4.553428962057621e-14
-0.8289999999999997,3.5606410712173946e-14,3.889910914591152e-14
-0.8189999999999995,3.0924510002952376e-14,1.6303718447822528e-13
-0.8089999999999997,2.726189803771909e-14,3.3452015000983626e-13
-0.7989999999999995,2.6860350638574495e-14,5.647697531310447e-13
-0.7889999999999997,3.53963045829319e-14,8.678468270281818e-13
-0.7789999999999995,6.282624467848772e-14,1.2629777406563413e-12
-0.7689999999999997,1.231321872612511e-13,1.7805805334194813e-12
-0.7589999999999995,2.3317387807765443e-13,2.4719336006303605e-12
-0.7489999999999997,4.133353067025133e-13,3.4214920064827e-12
-0.7389999999999994,6.888012667931469e-13,4.7662746411957544e-12
-0.7289999999999996,-2.6948976777347205e-16,2.1208589936751764e-15
-0.7189999999999994,-3.91445470628557e-16,3.0322880158532822e-15
-0.7089999999999996,-5.818604181304362e-16,4.439507772785635e-15
-0.6989999999999994,-8.839269216453097e-16,6.647870695558647e-15
-0.6889999999999996,-1.3696647757493889e-15,1.0163167284081707e-14
-0.6789999999999994,-2.160929310578114e-15,1.5837510033094815e-14
-0.6689999999999996,-3.4668739892163893e-15,2.5130049747396836e-14
-0.6589999999999998,-5.651727165757427e-15,4.057856013722138e-14
-0.6489999999999996,-9.361052432518131e-15,6.66699979752781e-14
-0.6389999999999998,-1.576780675328022e-14,1.1148484823542606e-13
-0.6289999999999996,-2.7089717321493896e-14,1.8990740674839112e-13
-0.6189999999999998,-4.779324896598546e-14,3.301171710047251e-13
-0.6089999999999995,-8.776050702805234e-14,5.872979757522074e-13
-0.5989999999999998,-1.716262342390537e-13,1.0738078017233631e-12
-0.5889999999999995,-3.6882872944316454e-13,2.027992691783214e-12
-0.5789999999999997,-8.958444721469613e-13,3.9736542932339144e-12
-0.5689999999999995,-2.4709609513237018e-12,8.080530352545536e-12
-0.5589999999999997,-1.9102617501564217e-15,1.1729917324811976e-14
-0.5489999999999995,-4.833953056532882e-15,2.911019299265796e-14
-0.5389999999999997,-1.0904989416158896e-13,5.451333440001335e-13
-0.5289999999999995,-3.5221113525371796e-13,1.5048644715061432e-12
-0.5189999999999997,7.711168513450775e-13,3.658653642194472e-12
-0.5089999999999995,4.8041172965340236e-12,-6.6335772130811765e-12
-0.49899999999999967,5.208517610371942e-10,-9.01166940285857e-10
-0.4889999999999999,3.119139150799947e-10,-8.25894041893467e-10
-0.4789999999999992,-3.559976276258085e-6,2.8022736930970135e-7
-0.4689999999999994,-9.086559471079679e-6,-3.743771954153267e-20
-0.45899999999999963,-8.783923466269645e-6,-1.5217010979954247e-11
-0.44899999999999984,-8.484480274789643e-6,-1.9687773304294505e-15
-0.43899999999999917,1.0150174341163473e-9,-1.7006991952033021e-9
-0.4289999999999994,6.152243868150438e-6,-2.065418448382829e-6
-0.4189999999999996,-3.378841234060049e-13,1.427901196993643e-12
-0.4089999999999998,-1.5868023002530873e-9,-3.774625606448055e-9
-0.399,-9.484054346878943e-14,4.635711485325227e-13
-0.38899999999999935,-4.720457908545984e-13,2.517609878380473e-12
-0.37899999999999956,1.0108059953760801e-10,-1.4432164508191785e-10
-0.3689999999999998,6.388127960049029e-11,-1.1209175342385796e-10
-0.359,-1.4845790310889567e-6,-3.442684876222985e-7
-0.3489999999999993,-2.5992868802740885e-6,6.7838262179509e-8
-0.3389999999999995,-5.424598800071213e-6,-1.21933855912285e-12
-0.32899999999999974,-5.170179022868713e-6,1.4799181030061193e-11
-0.31899999999999995,-4.920303571138511e-6,-3.1247405135655853e-16
-0.3089999999999993,9.738719125736882e-15,-4.464649021252537e-14
-0.2989999999999995,5.043374372166767e-11,-8.612862703517503e-11
-0.2889999999999997,-4.197890822149993e-6,-8.904215034274461e-14
-0.2789999999999999,-1.1657353171061476e-6,3.472089741675422e-7
-0.26899999999999924,-1.1184387481306478e-6,4.2793746133122446e-7
-0.25899999999999945,-1.0752279118482713e-6,5.228652706651451e-7
-0.24899999999999967,-3.2979020913018904e-14,1.4516269203245104e-13
-0.23899999999999988,-3.179358319370615e-13,-4.772142844503775e-13
-0.2289999999999992,-9.550014822609362e-7,-1.8804190329450968e-7
-0.21899999999999942,-7.434775040898078e-10,-1.866121200629309e-9
-0.20899999999999963,-5.672763272360925e-9,-4.742855907233182e-9
-0.19899999999999984,-1.2546916312971308e-12,3.857100958191061e-12
-0.18899999999999917,-2.339145211047696e-6,-3.80359635100975e-11
-0.17899999999999938,-9.315261833379967e-14,4.08521110105463e-13
-0.1689999999999996,2.4032824212830067e-10,-3.209398540540051e-10
-0.1589999999999998,-2.2051380903500302e-9,-4.650096541259844e-9
-0.14899999999999913,-0.00012241086453752107,1.2499450098190825e-16
-0.13899999999999935,1.0751387207818525e-13,-4.2332259585949145e-13
-0.12899999999999956,2.046568412875976e-12,-6.423270937428126e-12
-0.11899999999999977,1.3216597822836881e-12,-4.253905883162785e-12
-0.10899999999999999,-1.2714546053546953e-6,-8.134371255241698e-12
-0.09899999999999931,-3.744459137562927,1.1508150272143998e-22
-0.08899999999999952,-3.7425300077031136,-3.202093699375197e-24
-0.07899999999999974,-3.7406126939084596,-6.058451752097371e-27
-0.06899999999999995,-3.7387072195352413,7.573064690121713e-29
-0.058999999999999275,-3.736813608035968,-2.9582283945787943e-31
-0.04899999999999949,-3.7349318829597316,-6.162975822039155e-33
-0.0389999999999997,-3.7330620679525155,1.5674410863389832e-19
-0.028999999999999915,-3.7312041867575565,-7.012837233224569e-21
-0.01899999999999924,-3.729358263215663,-5.893661864440322e-24
-0.008999999999999453,-3.7275243212655633,4.0389678347315804e-28
0.001000000000000334,-3.7257023849442437,-1.1645048663521524e-19
0.01100000000000012,-3.7238924783872775,4.6852026882886333e-26
0.021000000000000796,-3.7220946258291856,2.3369920256154414e-21
0.031000000000000583,-3.720308851603764,1.8539565981926507e-18
0.04100000000000037,-3.718535180144434,0.
0.051000000000000156,-3.716773635984598,3.944304526105059e-31
0.06100000000000083,-3.7150242437579712,1.3883951931889808e-28
0.07100000000000062,-3.7132870281989367,4.6044233315940017e-26
0.0810000000000004,-3.7115620141428995,-6.656218991637645e-25
0.09100000000000019,-3.709849226526639,-1.1048031056411376e-22
0.10100000000000087,-3.708148690388644,-1.0342019478900296e-22
0.11100000000000065,-3.706460430869491,3.7077543777076912e-19
0.12100000000000044,-3.7047844732121837,0.
0.13100000000000023,-3.7031208427625204,-1.5146129380243427e-28
0.14100000000000001,1.0475339946899947e-6,-3.34064739170863e-9
0.1510000000000007,-0.00003735972715586084,-2.7105895014549353e-11
0.16100000000000048,1.1961203924046661e-6,3.3327969667436656e-29
0.17100000000000026,0.000019638370190898634,-7.160669349637609e-18
0.18100000000000005,-0.00008647960033311377,2.884405230865985e-6
0.19100000000000072,4.1791613059150705e-7,-7.690489388568499e-8
0.2010000000000005,4.036915492877163e-6,5.182246492291248e-6
0.2110000000000003,0.000023685728057885184,-7.704641017981685e-16
0.22100000000000009,8.855894824061396e-13,2.401837509073632e-12
0.23100000000000076,2.7164664916045857e-14,7.478358989491755e-14
0.24100000000000055,1.3366464016974058e-6,-5.255078259847121e-11
0.25100000000000033,8.548594039292288e-7,2.2436534391040635e-6
0.2610000000000001,7.583098875461716e-15,2.3374573480576597e-14
0.2710000000000008,5.442813483846934e-6,-8.075210326390669e-6
0.2810000000000006,-2.1314975047446807e-12,1.9539848262850476e-11
0.29100000000000037,3.4291206819964538e-15,1.0554352614283603e-14
0.30100000000000016,2.4108690833614e-13,8.377100663922076e-13
0.31100000000000083,-1.038364424681975e-9,-1.3737503639704941e-9
0.3210000000000006,-6.834455773263491e-15,-2.837430130289415e-14
0.3310000000000004,3.7320268570962137e-7,4.985944624015362e-8
0.3410000000000002,3.357048601339087e-13,1.2063690530482875e-12
0.35100000000000087,8.054282479215834e-14,1.8819273976433806e-13
0.36100000000000065,8.20946759753263e-14,2.1778348327075387e-13
0.37100000000000044,1.7199439399023767e-14,5.090988073290949e-14
0.3810000000000002,2.1049688073799214e-12,2.9695674388006575e-12
0.391,3.587231905965015e-10,-1.8652240677836897e-10
0.4010000000000007,9.024232872474902e-15,2.5170251394226782e-14
0.4110000000000005,2.247531693264797e-12,2.3984614155368913e-12
0.42100000000000026,6.371830671451386e-13,7.856107759202723e-13
0.43100000000000005,-1.560904026289555e-14,-4.610786144006586e-14
0.4410000000000007,3.068386249370922e-13,9.910937053765537e-13
0.4510000000000005,4.0669280482422614e-13,2.4633841939791776e-12
0.4610000000000003,-4.891013772925169e-13,-1.9924647111945734e-12
0.4710000000000001,1.945703880827306e-6,2.2623024114351228e-10
0.48100000000000076,1.98701394225328e-6,6.580998147222779e-13
0.49100000000000055,3.9989266893488786e-11,-3.2750599794503095e-11
0.5010000000000003,-6.689481180801484e-10,-4.3805513262073576e-10
0.5110000000000001,2.890497925376359e-13,9.732432221230576e-13
0.5210000000000008,2.909131714881476e-13,2.191724413767899e-12
0.5310000000000006,-1.7207189298935768e-12,1.0308814834563395e-11
0.5410000000000004,8.780691339408679e-12,-4.2553352405303915e-12
0.5510000000000002,1.9470691529938063e-6,-1.9296055391373674e-15
0.5610000000000008,1.873537786799814e-6,5.145442564226483e-13
0.5710000000000006,1.7962939313760765e-6,-6.006380295508689e-13
0.5810000000000004,1.2696256052723166e-6,-1.1665224549210182e-6
0.5910000000000002,1.630695370843959e-6,-9.088962186903346e-12
0.6010000000000009,1.3128359683277185e-6,-1.3678879863773164e-6
0.6110000000000007,1.4502465768550055e-6,-9.515012231052819e-14
0.6210000000000004,7.001473148979112e-7,1.468459168381785e-7
0.6310000000000002,1.3805306628317461e-6,-3.9646386141946365e-7
0.641,-2.4882741703406693e-9,-5.014315303866719e-10
0.6510000000000007,9.735001325253678e-9,-6.255697920103588e-9
0.6610000000000005,8.323364751347985e-10,-3.636338158844243e-10
0.6710000000000003,-1.6729961473639354e-15,-4.297145573581112e-15
0.681,-3.2623544328054393e-16,-8.332354778991933e-16
0.6910000000000007,5.037947350602519e-13,1.978007167015232e-12
0.7010000000000005,-3.4853563053060945e-9,-2.0885844335551205e-9
0.7110000000000003,-2.970858087685909e-9,-2.0581119351794056e-9
0.7210000000000001,-2.323607759939811e-9,-1.2666368943797062e-9
0.7310000000000008,-1.7464193507309155e-9,-6.959784809584e-10
0.7410000000000005,-9.191787179358376e-10,-6.770605949735755e-10
0.7510000000000003,-4.1192189693719126e-10,-5.851256467452733e-10
0.7610000000000001,-3.0820488006581184e-10,-3.301498725931964e-10
0.7710000000000008,-1.7839292710926687e-10,-2.690796116705187e-10
0.7810000000000006,-1.5958513050472228e-10,-2.0269869511900256e-10
0.7910000000000004,-1.3965178123744568e-10,-1.547335954718647e-10
0.8010000000000002,-5.971994208274866e-11,-1.1048202655245358e-10
0.8110000000000008,-6.190723062072912e-12,-4.5875268342770304e-11
0.8210000000000006,-1.726160142932458e-12,-8.043647807930808e-12
0.8310000000000004,3.888677788913949e-13,9.475300253060913e-13
0.8410000000000002,6.336108545562439e-16,1.5122096615508574e-15
0.8510000000000009,4.249002241595175e-15,1.0134205052724608e-14
0.8610000000000007,1.0916299091649869e-14,2.6021981686993355e-14
0.8710000000000004,-7.509928549888017e-11,-1.6996648742324e-10
0.8810000000000002,-1.1397306040508074e-10,-1.9924921991778618e-10
0.891,-9.246007222303794e-14,-2.713976538500463e-10
0.9010000000000007,7.9354147666741e-9,-5.204147812983406e-9
0.9110000000000005,1.0271755792134478e-6,7.030225835042141e-8
0.9210000000000003,2.0152648513141934e-6,4.260840865716007e-8
0.931,2.0371475288598447e-6,4.851572533870573e-9
0.9410000000000007,2.059028822603025e-6,-3.4810181089364394e-9
0.9510000000000005,2.0809101138174647e-6,6.275564930065502e-10
0.9610000000000003,2.7369903648668232e-11,-1.835749855203824e-11
0.9710000000000001,1.5931230712512354e-13,3.1118236345317747e-13
0.9810000000000008,2.447564198941685e-13,8.734860639454835e-13
0.9910000000000005,2.4930093734210533e-13,1.2387219827734073e-12
1.0010000000000003,2.3651410084544777e-13,7.009119665920536e-13
1.0110000000000001,-4.3338206645219374e-13,2.40650484842767e-12
1.0210000000000008,2.7618526866804263e-13,9.099758171610175e-13
1.0310000000000006,2.537597051428611e-13,8.32851190479025e-13
1.0410000000000004,-3.0066706434190955e-9,-1.636130472042314e-9
1.0510000000000002,2.462721529224234e-13,9.657954453203666e-13
1.0610000000000008,1.9672495666717943e-11,-3.81804150962774e-11
1.0710000000000006,1.677183204356068e-6,1.0269142139280455e-13
1.0810000000000004,1.5754633665505942e-13,-2.1791524478108854e-13
1.0910000000000002,1.2293968298221205e-6,-7.400474549571293e-7
1.1010000000000009,1.3795112992383901e-6,4.136963607813021e-13
1.1110000000000007,1.2778319147836508e-6,3.8825618687330014e-11
1.1210000000000004,1.2637951416540531e-6,3.595139010411902e-7
1.1310000000000002,1.2729911536642103e-6,1.3112738634123748e-6
1.141,2.2708232429224723e-13,-2.8737742783568547e-14
1.1510000000000007,1.9481632033423815e-16,3.813140089050634e-16
1.1610000000000005,2.3326682842585617e-6,5.9719714955258e-6
1.1710000000000003,5.200538022282571e-14,1.1676561310751934e-13
1.181,8.51046336265668e-14,1.997654893415907e-13
1.1910000000000007,5.8213082044135366e-15,4.785395470620482e-15
1.2010000000000005,3.962622875462813e-10,-1.702634514258462e-9
1.2110000000000003,-9.490952379173396e-11,4.861090707657549e-10
1.221,4.4109314116636365e-16,9.015325934689478e-16
1.2310000000000008,2.332328893361207e-15,4.856209516789152e-15
1.2410000000000005,2.523351056611915e-13,6.806971291108732e-13
1.2510000000000003,2.1732562279470755e-15,4.494526288510611e-15
1.2610000000000001,2.1871789678318517e-13,6.88647587873824e-13
1.2710000000000008,5.927343045997443e-16,1.2160662063130092e-15
1.2810000000000006,-5.952859493793755e-12,-4.478420422720626e-12
1.2910000000000004,-1.79517650863638e-12,-9.296013377337064e-13
1.3010000000000002,-4.099647183421185e-12,-2.919208136361417e-12
1.3110000000000008,-7.74683668284616e-17,-1.5720889999918298e-16
1.3210000000000006,4.905181360080525e-15,8.816253094749458e-15
1.3310000000000004,2.0878643745276298e-13,-5.750897256629218e-13
1.3410000000000002,-6.1447325691177935e-12,-4.7563318901283156e-12
1.3510000000000009,-6.844426445656402e-10,-5.238559405796679e-10
1.3610000000000007,-3.4925608685352664e-10,2.934536840764778e-10
1.3710000000000004,-7.727241141190911e-10,-5.920654952453511e-10
1.3810000000000002,1.2425332396873913e-14,2.4713122777678703e-14
1.391,3.0051690321097534e-6,-8.660471370143752e-6
1.4010000000000007,1.5613404075734681e-6,-4.171412402249516e-6
1.4110000000000005,1.5793059503709903e-6,-3.340682857972351e-6
1.4210000000000003,5.902431120624609e-13,-1.27886238720076e-12
1.431,-2.2321179565222497e-12,-1.9461040887612787e-12
1.4410000000000007,-4.159607423821024e-12,-1.7969072482759992e-12
1.4510000000000005,-3.212521483336647e-12,4.504830627117563e-13
1.4610000000000003,1.6452740258964466e-6,-1.4237451352313511e-6
1.471,1.6575769653910292e-6,-1.01799177542444e-6
1.4810000000000008,1.6694179434364382e-6,-6.799534608081828e-7
1.4910000000000005,1.6810066379166702e-6,-3.8454201033688254e-7
1.5010000000000003,1.6924162004245805e-6,-1.1284588696921151e-7
1.5110000000000001,1.7036827334501025e-6,1.476947672531018e-7
1.5210000000000008,1.7148181098094222e-6,4.07187453534878e-7
1.5310000000000006,1.7258144427115644e-6,6.749232675478936e-7
1.5410000000000004,1.736655537599557e-6,9.542808159203128e-7
1.5510000000000002,1.7472907434039153e-6,1.259929336697653e-6
1.5610000000000008,1.7576528307572787e-6,1.6002851711711225e-6
1.5710000000000006,1.7676401005913156e-6,1.986105569559939e-6
1.5810000000000004,-1.7614914704771243e-12,-1.4744042476299834e-12
1.5910000000000002,-1.1615707066545923e-9,-1.9094779026172355e-9
1.6010000000000009,-7.723076109067013e-14,-2.9957683719725514e-13
1.6110000000000007,9.318955374289471e-10,-2.4953320458748215e-9
1.6210000000000004,2.7820462950176045e-13,2.3345965964641945e-13
1.6310000000000002,7.107794489188979e-9,-5.138424234897877e-9
1.641000000000001,-9.165969260396636e-15,-2.0478459803899962e-14
1.6510000000000007,-1.4094558372950155e-15,-2.5937671884952984e-15
1.6610000000000005,-2.0076410443228736e-16,-3.8101628581969265e-16
1.6710000000000003,1.859387408948668e-6,5.283263280662592e-6
1.681,1.8651292507301589e-6,5.8621544181377115e-6
1.6910000000000007,3.656478467663029e-6,0.00001015274978437672
1.7010000000000005,6.141996375102054e-15,1.1127229955712345e-14
1.7110000000000003,5.938768146447514e-15,1.0801655405855582e-14
1.721,-7.540091037194578e-16,-1.4445889976967962e-15
1.7310000000000008,-7.332485626126631e-11,-2.8022897785147808e-9
1.7410000000000005,7.2818376039277544e-9,-3.758997521658062e-9
1.7510000000000003,-8.693441381705454e-14,-2.2674110341216338e-13
1.7610000000000001,4.888308596042569e-14,5.532050881857988e-15
1.7710000000000008,1.1116861657946154e-13,1.7813979369565444e-13
1.7810000000000006,1.167964474696925e-13,2.4006939309561255e-13
1.7910000000000004,9.485541820035286e-14,1.9613687470301977e-13
1.8010000000000002,-1.014795670727917e-9,7.070069906966412e-10
1.8110000000000008,-1.1170584872134562e-9,-7.091211551441894e-10
1.8210000000000006,9.331413043002965e-14,1.9112445452021514e-13
1.8310000000000004,-9.567409550792195e-10,6.32343775800241e-10
1.8410000000000002,-1.7654928322576409e-9,-7.584213950013233e-10
1.8510000000000009,1.3950345163838139e-13,3.199757505008118e-13
1.8610000000000007,1.2748270245822702e-13,2.5932622502693074e-13
1.8710000000000004,-2.402596265346507e-9,1.2472017338232582e-9
1.8810000000000002,-2.29580030515903e-9,1.1106042438283397e-9
1.891000000000001,2.3217036710695093e-13,6.686353417632957e-13
1.9010000000000007,1.8751715140161672e-13,6.644473694920823e-13
1.9110000000000005,1.671228538210924e-13,5.135057069782744e-13
1.9210000000000003,-8.232433049914344e-10,2.0678579835680217e-10
1.931,1.4984649526862324e-13,3.151014439329337e-13
1.9410000000000007,1.7221145467168967e-13,3.5484221290056766e-13
1.9510000000000005,1.815960728285064e-13,3.288982580903912e-13
1.9610000000000003,-6.412282991958437e-11,1.9695676086813354e-11
1.971,1.7405111919528216e-13,3.04434008564139e-13
1.9810000000000008,1.586061409972385e-13,3.402827930141405e-13
1.9910000000000005,1.6066617083785675e-13,4.134918714897641e-13
2.0010000000000003,2.238177601562872e-13,5.37128947190485e-13
2.011,4.1868090067162674e-13,7.494648000535069e-13
2.021000000000001,8.669771110318065e-13,1.140747518076511e-12
2.0310000000000006,4.4893227416669685e-9,-1.2442836559256226e-9
2.0410000000000004,6.7726380297577564e-9,-2.969547585975106e-9
2.051,8.410111105490767e-9,-5.3763197193800996e-9
2.061000000000001,6.218278668759067e-10,-2.050542155566585e-9
2.0710000000000006,-1.4646431794045244e-12,-8.911968672196388e-13
2.0810000000000004,1.0859910686237437e-8,-7.893718935329176e-9
2.091,2.248650408629589e-15,3.701829912277012e-15
2.101000000000001,2.414201097088059e-15,3.970049144930376e-15
2.1110000000000007,1.588638693408182e-13,4.0067440765133813e-13
2.1210000000000004,1.659837277765854e-13,2.9859782646398924e-13
2.1310000000000002,-2.074337688068377e-9,-1.396162650486938e-9
2.141000000000001,-2.902783742989129e-11,-1.8968018754180017e-11
2.1510000000000007,-2.5368187208282998e-11,-1.879772650633902e-11
2.1610000000000005,-2.179143969196329e-11,-1.831197469838887e-11
2.1710000000000003,-1.8394258852952436e-11,-1.7578199859877285e-11
2.181,-1.5243876208126047e-11,-1.6659639260014767e-11
2.1910000000000007,-1.238210512220689e-11,-1.561323445668467e-11
2.2010000000000005,3.472435164898189e-17,5.559432227285321e-17
2.2110000000000003,-2.7820772045981542e-14,1.6227516177041873e-12
2.221,3.483758170783104e-17,5.559196174091526e-17
2.2310000000000008,7.7951119265805e-18,1.2405089169233852e-17
2.2410000000000005,-3.227786129791563e-9,1.043320507664121e-9
2.2510000000000003,-2.753074577396138e-11,-3.5104079390974745e-11
2.261,6.349187582135515e-7,-1.0114279878329944e-6
2.271000000000001,1.2585116220788102e-13,-6.9977740870068395e-12
2.2810000000000006,6.899048840393478e-13,-6.168601722163703e-12
2.2910000000000004,1.115880724887702e-12,-5.4140071982764725e-12
2.301,1.4260663943282323e-12,-4.7321769783116935e-12
2.311000000000001,1.640483068806816e-12,-4.120012622334344e-12
2.3210000000000006,1.7767825965870115e-12,-3.5735190378882572e-12
2.3310000000000004,1.8503300444428204e-12,-3.0881377327234687e-12
2.341,1.874294503089551e-12,-2.6590364485636307e-12
2.351000000000001,1.8598618178383623e-12,-2.281297702467943e-12
2.3610000000000007,1.7826144702427566e-12,-1.923096859753378e-12
2.3710000000000004,-4.683611960840205e-16,-7.346610361621418e-16
2.3810000000000002,-3.8048773615877554e-16,-5.974419915999678e-16
2.391000000000001,-2.9736625605914144e-16,-4.679874105553877e-16
2.4010000000000007,-2.197079092885691e-16,-3.4735954174341916e-16
2.4110000000000005,-1.4681681261793438e-16,-2.344545395781413e-16
2.4210000000000003,-7.91557131866954e-17,-1.2994959257385725e-16
2.431,-1.6697637019586555e-17,-3.376769407356035e-17
2.4410000000000007,4.062770980493802e-17,5.4234795933054443e-17
2.4510000000000005,9.292940441801138e-17,1.3426078652399466e-16
2.4610000000000003,1.4035745718694276e-16,2.0657518449086008e-16
2.471,1.1601929725353205e-11,7.088910049512882e-12
2.4810000000000008,-4.9611470603147344e-11,3.666187140483379e-11
2.4910000000000005,1.4963147461472335e-14,1.870369035439069e-14
2.5010000000000003,1.5737412042113336e-14,2.0309868225994074e-14
2.511,1.6371791270087366e-14,2.167619922844263e-14
2.521000000000001,1.687576074844768e-14,2.281437574911916e-14
2.5310000000000006,1.7258649885380048e-14,2.3736877887819867e-14
2.5410000000000004,1.7529748376982058e-14,2.4456983757944725e-14
2.551,1.7697993841555796e-14,2.498823332766996e-14
2.561000000000001,1.7772177297708497e-14,2.5344585218650606e-14
2.5710000000000006,1.7760704516076683e-14,2.553995989501023e-14
2.5810000000000004,1.767158632599723e-14,2.5588099109018043e-14
2.591,1.7512519168300584e-14,2.5502605625920836e-14
2.601000000000001,1.7290811278843808e-14,2.5296720692092273e-14
2.6110000000000007,1.7013245355296853e-14,2.4983035568874055e-14
2.6210000000000004,1.6686318831845895e-14,2.4573796485788536e-14
2.6310000000000002,1.6316148245367232e-14,2.408068070201569e-14
2.641000000000001,1.590837145787484e-14,2.3514600210023094e-14
2.6510000000000007,1.5468340886279098e-14,2.2885959511979884e-14
2.6610000000000005,1.5001007725188383e-14,2.2204436970381642e-14
2.6710000000000003,1.4510950584354483e-14,2.1479006336770012e-14
2.681,1.4002449530145601e-14,2.07180286494825e-14
2.6910000000000007,1.3479469144111935e-14,1.992922073383927e-14
2.7010000000000005,1.2945665123544455e-14,1.9119652579618703e-14
2.7110000000000003,1.2404338471579274e-14,1.8295676943799678e-14
2.721,1.1858586740438883e-14,1.7463166664801894e-14
2.7310000000000008,2.4535348973125235e-10,-1.7647787162497818e-9
2.7410000000000005,1.7262611437342394e-10,-1.700591747485101e-9
2.7510000000000003,1.1125213431450457e-10,-1.6308011126991507e-9
2.761,5.923188036983091e-11,-1.5567964923534466e-9
2.771000000000001,1.504324128921531e-11,-1.4798890241638813e-9
2.7810000000000006,-2.2511705998303192e-11,-1.4012727987958774e-9
2.7910000000000004,2.8076040222361254e-10,-7.937119584641748e-11
2.801,1.0051822985269418e-11,-6.544919138711754e-11
2.811000000000001,1.6088517614052375e-6,-6.934993335681056e-7
2.8210000000000006,1.6142479281125713e-6,-8.895428878968881e-7
2.8310000000000004,1.6196023892919104e-6,-1.069144153015763e-6
2.841,1.6249036455473824e-6,-1.2440156635643868e-6
2.851000000000001,1.6300835505326648e-6,-1.4387207958370331e-6
2.8610000000000007,1.6299509991821696e-6,-2.765663704568226e-6
2.8710000000000004,-4.799028666937278e-15,-6.791271326557283e-15
2.8810000000000002,-4.421818933091395e-15,-6.23171832642824e-15
2.891000000000001,-4.062652900745703e-15,-5.705293813172983e-15
2.9010000000000007,-3.723058541262282e-15,-5.2122823510491266e-15
2.9110000000000005,-7.612695136363592e-12,5.221908018971037e-12
2.9210000000000003,-1.4452553189872427e-11,9.878329222228289e-12
2.931,-1.957328361466427e-11,1.3335127673708127e-11
2.9410000000000007,-2.3290295301552156e-11,1.581925132818064e-11
2.9510000000000005,-2.5866543203281805e-11,1.751834293822761e-11
2.9610000000000003,-2.7831801249584465e-11,1.8796282392674174e-11
2.971,-2.84381146436341e-11,1.9156125963301028e-11
2.9810000000000008,-2.8769108970754452e-11,1.9329883376624487e-11
2.9910000000000005,-2.8638928317432078e-11,1.919532833651818e-11
3.0010000000000003,2.5297868857658434e-12,2.5510862144121395e-12
3.011,3.2675956041387015e-12,1.1033061452838526e-12
3.021000000000001,7.591313486925714e-12,-3.916077234180374e-11
3.0310000000000006,2.7297431727544036e-12,-3.1901801930621807e-12
3.0410000000000004,2.3944860488649345e-12,-3.3534710526299865e-12
3.051,2.0508068281342326e-12,-3.4315513017032737e-12
3.061000000000001,1.7123324088584141e-12,-3.441829554577686e-12
3.0710000000000006,1.3883835637142234e-12,-3.399093856105875e-12
3.0810000000000004,1.0850321736181264e-12,-3.315728047959146e-12
3.091,8.058593904601769e-13,-3.202095912038456e-12
3.101000000000001,5.527308703390771e-13,-3.0666844279150396e-12
3.1110000000000007,3.261348606935114e-13,-2.9164290543057382e-12
3.1210000000000004,1.2571779523921645e-13,-2.756919848468033e-12
3.1310000000000002,-4.9485450320980634e-14,-2.592615809456821e-12
3.141000000000001,-2.0093180955403893e-13,-2.427075638127145e-12
3.1510000000000007,-3.302428194256517e-13,-2.263041100995322e-12
3.1610000000000005,-1.4803008589735653e-11,-1.3408730213570985e-11
3.1710000000000003,-2.275267305173017e-9,2.6709306197728528e-9
3.181,-2.336259683825927e-9,2.6657051024554364e-9
3.1910000000000007,-2.369953461255191e-9,2.6300400080010308e-9
3.2010000000000005,-2.384465341341091e-9,2.5753307400494878e-9
3.2110000000000003,-2.385021129536327e-9,2.508745112475695e-9
3.221,4.759304135442985e-10,7.941634636054096e-10
3.2310000000000008,4.765721783596979e-10,6.902503285376233e-10
3.2410000000000005,4.729037222697182e-10,5.933271152846361e-10
3.2510000000000003,4.659824881898515e-10,5.032678197334481e-10
3.261,4.565694531649428e-10,4.1988002713507415e-10
3.271000000000001,4.452362082750599e-10,3.429140091183513e-10
3.2810000000000006,4.3241284687641695e-10,2.7210049985009944e-10
3.2910000000000004,4.184324149406441e-10,2.0714550109568454e-10
3.301,4.0355899422856306e-10,1.4775320865978673e-10
3.311000000000001,3.87998827600303e-10,9.363128466237264e-11
3.3210000000000006,3.7192531042598723e-10,4.448957627127505e-11
3.3310000000000004,3.5548489165343847e-10,2.9656100631595077e-14
3.341,3.38801392358607e-10,-4.0035542344876074e-11
3.351000000000001,3.2197693314623474e-10,-7.596645070705466e-11
3.3610000000000007,3.0510702670658597e-10,-1.080439401448706e-10
3.3710000000000004,2.882734147315221e-10,-1.3652506357016018e-10
3.3810000000000002,2.71547705670245e-10,-1.6165363745430848e-10
3.391000000000001,2.549958396735446e-10,-1.836714623168982e-10
3.4010000000000007,2.386747028547953e-10,-2.0280886937432687e-10
3.4110000000000005,2.2263620744646226e-10,-2.1928078389040832e-10
3.4210000000000003,2.0692526650515038e-10,-2.3329804839822917e-10
3.431000000000001,1.9158167099771214e-10,-2.450564151840385e-10
3.4410000000000007,1.7664026932390753e-10,-2.547439365490223e-10
3.4510000000000005,1.6213135812945543e-10,-2.625324434966995e-10
3.4610000000000003,1.4807942512502214e-10,-2.6859254297013927e-10
3.471,1.345053676249972e-10,-2.730777733334447e-10
3.4810000000000008,1.2142571851438437e-10,-2.761365951323564e-10
3.4910000000000005,1.0885402971974304e-10,-2.7790341488416065e-10
3.5010000000000003,9.679945662565611e-11,-2.785073448788394e-10
3.511,8.526784888334975e-11,-2.780668913955569e-10
3.521,7.426231650197034e-11,-2.7669435225512316e-10
3.5309999999999997,6.378362786434332e-11,-2.7449118016408346e-10
3.5410000000000013,5.382880763509852e-11,-2.715532785783913e-10
3.551000000000001,4.439456847253374e-11,-2.6796771747390925e-10
3.561000000000001,3.547347249478581e-11,-2.638163562841718e-10
3.5710000000000006,2.7057825179170616e-11,-2.591732452332781e-10
3.5810000000000004,1.913753408469237e-11,-2.541075421617655e-10
3.591,1.1700983763996397e-11,-2.4868231652927506e-10
3.601,4.737809354524024e-12,-2.4295365386696576e-10
3.6109999999999998,-1.767412079722494e-12,-2.3697534897792675e-10
3.6210000000000013,-7.828195323604028e-12,-2.307949510578215e-10
3.631000000000001,-1.3458471217448154e-11,-2.244553470797174e-10
3.641000000000001,-1.8674063068875528e-11,-2.1799609301890913e-10
3.6510000000000007,-2.3489976145740306e-11,-2.1145242800271885e-10
3.6610000000000005,-2.792327321233066e-11,-2.0485676882038152e-10
3.6710000000000003,-3.1988316056943754e-11,-1.9823707882807535e-10
3.681,-3.570232851465202e-11,-1.9161964565148694e-10
3.691,-3.9080858845142064e-11,-1.8502716696048698e-10
3.7009999999999996,-4.213984645559337e-11,-1.784801183429777e-10
3.711000000000001,-4.4894734424083834e-11,-1.7199661179096904e-10
3.721000000000001,-4.736142717067288e-11,-1.655917979672256e-10
3.7310000000000008,-4.955470794985347e-11,-1.5928001340946947e-10
3.7410000000000005,-5.1489005008357324e-11,-1.5307308651126468e-10
3.7510000000000003,-5.317932937207243e-11,-1.469813233420743e-10
3.761,-5.464001104439413e-11,-1.4101343247373787e-10
3.771,-5.588393667576514e-11,-1.3517703538306198e-10
3.7809999999999997,-5.692462676898704e-11,-1.2947829259800673e-10
3.7910000000000013,-5.7774427651343276e-11,-1.239219853156812e-10
3.801000000000001,-5.844634734972282e-11,-1.185122012907452e-10
3.811000000000001,-5.895157580887079e-11,-1.1325163312040128e-10
3.8210000000000006,-5.930180923505955e-11,-1.081428684482472e-10
3.8310000000000004,-5.950723118323483e-11,-1.0318740700407977e-10
3.841,-5.957896773922641e-11,-9.838568645355726e-11
3.851,-5.952630952333384e-11,-9.37380084151246e-11
3.8609999999999998,-5.935934762309606e-11,-8.924387483718777e-11
3.8710000000000013,-5.908625110679262e-11,-8.490254317076972e-11
3.881000000000001,-5.871617059216819e-11,-8.071260029637751e-11
3.891000000000001,-5.825695140690135e-11,-7.667232076101438e-11
3.9010000000000007,-5.7716091473045704e-11,-7.277991239441084e-11
3.9110000000000005,-5.710128575769866e-11,-6.903281498159285e-11
3.9210000000000003,-5.641889487791443e-11,-6.542875969314278e-11
3.931,-5.567566729870478e-11,-6.1964812831314e-11
3.941,-5.4877618777493376e-11,-5.863832375953041e-11
3.9509999999999996,-5.4030455701567037e-11,-5.544595515121896e-11
3.961000000000001,-5.313963586853743e-11,-5.2384514649799206e-11
3.971000000000001,-5.220995335644761e-11,-4.945116040762345e-11
3.9810000000000008,-5.124665256846607e-11,-4.6642082548451604e-11
3.9910000000000005,-5.025376160141851e-11,-4.3954024865933996e-11
4.001,-4.923545671038419e-11,-4.138383341783627e-11
4.011,-4.81957664209693e-11,-3.892752370606543e-11
4.021,-4.7138280129654054e-11,-3.658204553656017e-11
4.031,-4.60660959018892e-11,-3.434383857777565e-11
4.041000000000001,-4.498261933137206e-11,-3.220951719010247e-11
4.051000000000001,-4.389060803055277e-11,-3.017562408590525e-11
4.061000000000001,-4.2792636485161745e-11,-2.8238747272216456e-11
4.071000000000001,-4.169147679815186e-11,-2.6395580006606138e-11
4.081,-4.0589082441183784e-11,-2.4642985234192244e-11
4.091,-3.948785053348902e-11,-2.2977449996029752e-11
4.101,-3.838946073016872e-11,-2.139610036441922e-11
4.111,-3.729588618481871e-11,-1.9895625591291616e-11
4.121000000000001,-3.6208620099044644e-11,-1.847315445319214e-11
4.131000000000001,-3.5129212215015916e-11,-1.7125637807014426e-11
4.141000000000001,-3.4059069632955447e-11,-1.585016052985681e-11
4.151000000000001,-3.299934849657817e-11,-1.4643890200390575e-11
4.1610000000000005,-3.195115523011588e-11,-1.350417749746345e-11
4.171,-3.09156059693386e-11,-1.2428258035219116e-11
4.181,-2.9893592738687524e-11,-1.1413602981076788e-11
4.191,-2.8885861703549705e-11,-1.0457591953054606e-11
4.201000000000001,-2.7893227407625018e-11,-9.557899501718574e-12
4.211000000000001,-2.691626825925228e-11,-8.712027355209626e-12
4.221000000000001,-2.5955708768085496e-11,-7.917810121859443e-12
4.231000000000001,-2.5011978864756617e-11,-7.172830479216103e-12
4.2410000000000005,-2.408551405501865e-11,-6.475112028898229e-12
4.251,-2.3176786244191663e-11,-5.822446129631486e-12
4.261,-2.228611523759858e-11,-5.212875761891813e-12
4.271,-2.1413830575395805e-11,-4.644442472801386e-12
4.281,-2.056014531987046e-11,-4.115162894989758e-12
4.291000000000001,-1.9725355469438982e-11,-3.6233463105572922e-12
4.301000000000001,-1.8909552449452608e-11,-3.1670780769591122e-12
4.311000000000001,-1.8112956935849785e-11,-2.744750436025154e-12
4.321000000000001,-1.7335670338225283e-11,-2.354615180093146e-12
4.331,-1.657779868411052e-11,-1.9951948004595276e-12
4.341,-1.5839400072031437e-11,-1.664851495543288e-12
4.351,-1.5120527223630145e-11,-1.362099231037462e-12
4.361,-1.442118690085976e-11,-1.0854869887331622e-12
4.371000000000001,-1.4216605505709235e-11,7.618094434486782e-12
4.381000000000001,-1.3307902971750808e-11,7.121569899496617e-12
4.391000000000001,-1.2451183261378184e-11,6.654152544738626e-12
4.401000000000001,-1.164382603207752e-11,6.2143279561236175e-12
4.4110000000000005,-1.0883154228641113e-11,5.800559431115879e-12
4.421,-1.0166827893644695e-11,5.411497938346939e-12
4.431,-9.492392676116452e-12,5.045740725669839e-12
4.441,-8.857702760729441e-12,4.702056191443204e-12
4.451000000000001,-8.260593198542006e-12,4.379209160531605e-12
4.461000000000001,-7.699079410717538e-12,4.076066393727151e-12
4.471000000000001,-7.171206175933221e-12,3.79151612366666e-12
4.481000000000001,-6.675240154121525e-12,3.5245695843465415e-12
4.4910000000000005,-6.2093915517488744e-12,3.2742133999282917e-12