-4.499,-3.689997805140999e-10,-1.683424573103065e-10
-4.489,-1.3631584001390525e-10,-5.492133471021992e-11
-4.479,-5.795489814980677e-14,1.6389674691798792e-15
-4.468999999999999,-4.5429472733907853e-14,4.9072836196774455e-15
-4.459,-3.344636590761975e-14,6.806517166308048e-15
-4.449,-2.2479100069938774e-14,7.574125022756853e-15
-4.439,-1.2818322215948541e-14,7.483388734623833e-15
-4.428999999999999,-4.602229279686958e-15,6.803149307888664e-15
-4.419,2.1477973655386883e-15,5.771698140853873e-15
-4.409,7.495548712731246e-15,4.583634018393617e-15
-4.399,1.1559024853530311e-14,3.3861588497257233e-15
-4.388999999999999,1.4487194034852314e-14,2.280718273623209e-15
-4.379,1.6441163079249928e-14,1.3289738551842228e-15
-4.369,1.757967315833712e-14,5.607060272553197e-16
-4.359,1.8052977911380113e-14,-1.876526016026594e-17
-4.348999999999999,1.7995155834031908e-14,-4.208289774912949e-16
-4.3389999999999995,1.7523955810211102e-14,-6.674716899252959e-16
-4.329,1.6739520240746387e-14,-7.861333750427738e-16
-4.319,1.572507577641115e-14,-8.058233056520712e-16
-4.308999999999999,1.454918540999218e-14,-7.544401342306836e-16
-4.2989999999999995,1.4504768162772563e-14,-6.949107590966982e-16
-4.289,1.7248922122779404e-14,-8.820994777536767e-16
-4.279,2.16446834875619e-14,-6.045191104409235e-16
-4.268999999999999,2.194699139518563e-14,-1.0288370742602584e-15
-4.2589999999999995,1.0198730552119644e-14,1.0983016350815085e-16
-4.249,1.986699755606689e-15,7.630841069049798e-17
-4.239,2.801504484538694e-15,4.3702835041373173e-17
-4.228999999999999,3.4921433413782743e-15,7.882953282319969e-18
-4.218999999999999,4.029357667642335e-15,-2.605458252939223e-17
-4.209,4.389418062839913e-15,-5.316776879597071e-17
-4.199,4.555534068618925e-15,-6.946572456097436e-17
-4.189,4.519327723198614e-15,-7.265344248168884e-17
-4.178999999999999,4.2814472106836504e-15,-6.264307295268192e-17
-4.169,-9.778631474321977e-11,3.809391746557414e-12
-4.159,-1.3431505282001466e-10,4.666578976174062e-12
-4.149,-1.6676934118801302e-10,4.75087505942665e-12
-4.138999999999999,-1.9332214051150567e-10,3.926228935389666e-12
-4.129,-2.1227692512287217e-10,2.2244535678487872e-12
-4.119,-3.0393537352226175e-10,1.1956614903094907e-10
-4.109,-1.5590057264650275e-10,-1.1601851982085233e-12
-4.098999999999999,-1.4882542899174397e-10,-2.307245948008328e-12
-4.0889999999999995,-1.3346550763143915e-10,-3.092687111631687e-12
-4.079,-1.0984389792485749e-10,-3.2892736253672414e-12
-4.069,-7.846461812469427e-11,-2.7733336354967684e-12
-4.058999999999999,-4.037374414558882e-11,-1.5729778015810596e-12
-4.0489999999999995,-6.215059437372592e-15,6.56791291175424e-18
-4.039,-4.709790810719483e-15,1.242564063383846e-16
-4.029,-2.7959021589430186e-15,2.256308207247584e-16
-4.019,-5.759732068150908e-16,2.8444467077361014e-16
-4.0089999999999995,1.8103394365608404e-15,2.819897700970359e-16
-3.9989999999999997,4.197794691090068e-15,2.1288576448349822e-16
-3.989,6.4120517808909216e-15,8.794440304463115e-17
-3.9789999999999996,8.288573149545416e-15,-6.715179753616177e-17
-3.9689999999999994,9.690804370845974e-15,-2.173586307357251e-16
-3.9589999999999996,1.0523324602067298e-14,-3.2672868376523855e-16
-3.949,1.073951727732037e-14,-3.6767661891503967e-16
-3.9389999999999996,1.0342014525277499e-14,-3.284011121141876e-16
-3.9289999999999994,9.376502855046706e-15,-2.162786631592892e-16
-3.9189999999999996,7.921385628186627e-15,-5.621386856197941e-17
-3.909,-3.6195251430287703e-11,1.7413933743936888e-12
-3.8989999999999996,-8.71502748862862e-11,3.944987602556982e-12
-3.889,-1.3215168355115786e-10,5.2688442560362875e-12
-3.8789999999999996,-1.6895674356833315e-10,5.449713162227076e-12
-3.8689999999999998,-1.9596585983083796e-10,4.49315797406042e-12
-3.8589999999999995,-2.1224237033751124e-10,2.656494001346494e-12
-3.8489999999999998,-2.1747828382640981e-10,3.7156886380504054e-13
-3.8389999999999995,-3.1379831542685966e-10,-3.5760762558180497e-12
-3.8289999999999997,-2.943469628536479e-10,-7.778223206223842e-12
-3.8189999999999995,-2.614386184735112e-10,-1.0308896922082343e-11
-3.8089999999999997,-2.1699767068837158e-10,-1.0801064411101473e-11
-3.7989999999999995,-1.6345841966051863e-10,-9.329567365739999e-12
-3.7889999999999997,-1.0365356078788986e-10,-6.344275648201185e-12
-3.779,-4.069026972915645e-11,-2.5327886341055135e-12
-3.7689999999999997,-1.029237593025518e-14,9.102996692558051e-17
-3.7589999999999995,-7.586646778076237e-15,3.1790230509967127e-16
-3.7489999999999997,-4.6301363071096616e-15,4.719611359668702e-16
-3.739,-1.5996425487805824e-15,5.355790818549947e-16
-3.7289999999999996,1.3369544236305775e-15,5.087714010410214e-16
-3.7189999999999994,4.032880184537836e-15,4.0662876582179613e-16
-3.7089999999999996,6.371124277464142e-15,2.5454916211120036e-16
-3.699,8.269199274101622e-15,8.248145395712613e-17
-3.6889999999999996,9.679682441438191e-15,-8.06607941961727e-17
-3.6789999999999994,1.0587443953926877e-14,-2.1140401137285573e-16
-3.6689999999999996,1.4479488960770126e-14,-4.67785236808633e-16
-3.659,2.376249111269488e-14,4.209093028860995e-15
-3.6489999999999996,3.2397783541412955e-14,2.5642625340016247e-15
-3.639,1.3142487471079682e-14,2.416062905895318e-15
-3.6289999999999996,2.655597233437689e-15,1.8838426738424513e-15
-3.6189999999999998,9.045842548044845e-15,1.8193621427707856e-15
-3.6089999999999995,1.600639234086207e-14,1.377496309828048e-15
-3.5989999999999998,2.313059635260653e-14,5.128382038394075e-16
-3.5889999999999995,2.987408051679515e-14,-7.343725629981216e-16
-3.5789999999999997,3.558880361759077e-14,-2.202642713511433e-15
-3.5689999999999995,3.95901333046695e-14,-3.59078852363645e-15
-3.5589999999999997,4.126459302536211e-14,-4.478332618229478e-15
-3.5489999999999995,4.019325414895126e-14,-4.4049068872542755e-15
-3.5389999999999997,3.6263616482461215e-14,-3.0196944976025925e-15
-3.529,2.971530160329505e-14,-2.8290670730237525e-16
-3.5189999999999997,-2.370259359147033e-10,4.626698140736993e-11
-3.5089999999999995,-4.936537605185769e-10,9.617344121677494e-11
-3.4989999999999997,-7.223828826006206e-10,1.2559527987267346e-10
-3.489,-9.00307511386179e-10,1.1455565345661296e-10
-3.4789999999999996,-1.010797624995139e-9,5.506815089846241e-11
-3.4689999999999994,-7.180007509288451e-10,-8.31410085329536e-12
-3.4589999999999996,-6.879373544774873e-10,-4.5823920368993113e-11
-3.449,-5.793349158027887e-10,-6.65143435748216e-11
-3.4389999999999996,-3.878849911504884e-10,-5.683900344472632e-11
-3.4289999999999994,-1.2319965770485428e-10,-1.92589135049848e-11
-3.4189999999999996,-2.8373085191289205e-14,2.018965774325219e-15
-3.409,-1.0263833150619102e-14,4.2767942435857245e-15
-3.3989999999999996,9.318984463282672e-15,4.06111923750213e-15
-3.3889999999999993,2.5491336213932148e-14,1.7098061880847325e-15
-3.3789999999999996,3.484200567403473e-14,-1.1228132060308708e-15
-3.3689999999999998,3.662401142455029e-14,-2.732365720072034e-15
-3.3589999999999995,3.2365590115547995e-14,-2.509147337275791e-15
-3.3489999999999993,2.452284840588928e-14,-1.0851377793123655e-15
-3.3389999999999995,-5.795653311340621e-11,5.2178068371389326e-12
-3.3289999999999997,-2.0833140427936118e-10,1.5177229859997623e-11
-3.319,-2.9506183618598294e-10,1.4073819499514258e-11
-3.3089999999999997,-3.224516707247753e-10,6.62076388548628e-12
-3.2989999999999995,-4.753705171021201e-10,-1.2503428987037463e-12
-3.2889999999999997,-3.9759568570292057e-10,-1.3265768920062432e-11
-3.279,-2.844123442718306e-10,-1.4789126645082573e-11
-3.2689999999999997,-1.56708972199857e-10,-9.272443674273645e-12
-3.2589999999999995,-3.343965022262919e-11,-1.9120612117620274e-12
-3.2489999999999997,-9.012215540733546e-15,2.7470769482850844e-16
-3.239,-3.116734453008952e-15,4.3532975852295337e-16
-3.2289999999999996,1.9693224904683725e-15,3.6362242330561645e-16
-3.2189999999999994,5.7835131821643095e-15,1.7293078211088459e-16
-3.2089999999999996,8.166997673312431e-15,-2.0638472734712305e-17
-3.199,9.187360875233884e-15,-1.4276669364214433e-16
-3.1889999999999996,1.6167149896017067e-14,-2.215846568581373e-16
-3.1789999999999994,1.815740276443085e-15,1.2237780279524168e-17
-3.1689999999999996,2.8253681957932824e-15,-6.2201727156713165e-18
-3.159,3.520583830399313e-15,-2.3136363845646112e-17
-3.1489999999999996,3.780903921852232e-15,-2.915966042170998e-17
-3.1389999999999993,3.5354639527892743e-15,-1.9158673498993672e-17
-3.1289999999999996,-3.5478196531198635e-12,4.307194703735414e-14
-3.1189999999999998,-2.9932369448736536e-11,3.4911869896973613e-13
-3.1089999999999995,-5.3791483025733614e-11,5.121374501622288e-13
-3.0989999999999993,-7.141960536802216e-11,4.220473157117653e-13
-3.0889999999999995,-7.981650248332192e-11,1.0489406912492092e-13
-3.0789999999999997,-4.648567528146688e-11,-9.393501833133034e-14
-3.069,-3.854973876088065e-11,-1.7927969264947986e-13
-3.0589999999999997,-2.5029500573917624e-11,-1.6451765282526572e-13
-3.0489999999999995,-7.99272322196807e-12,-5.975410540583974e-14
-3.0389999999999997,-1.4704629625703211e-15,5.779009603833312e-18
-3.029,-4.73197435160233e-16,1.2752298117050196e-17
-3.0189999999999997,5.472501516172591e-16,1.2042334897420145e-17
-3.0089999999999995,1.4195786898939459e-15,5.020299625810314e-18
-2.9989999999999997,2.0117117242460377e-15,-3.473816611087608e-18
-2.989,2.2558245623689955e-15,-8.609499818870483e-18
-2.9789999999999996,2.1551524838085974e-15,-8.450473777420492e-18
-2.9689999999999994,1.7734824676511518e-15,-4.44801421818349e-18
-2.9589999999999996,-1.9082861766761338e-13,-1.6020040957282245e-11
-2.949,-9.182268235701537e-12,3.3527247322336575e-14
-2.9389999999999996,-1.4908828993659027e-11,3.6324627982297346e-14
-2.9289999999999994,-1.715662725179284e-11,1.942681320458686e-14
-2.9189999999999996,-1.892965269383893e-10,-6.640418507540954e-11
-2.909,-2.3145351579315525e-11,-3.679657667597823e-14
-2.8989999999999996,-1.5792243263898433e-11,-4.002906403948091e-14
-2.8889999999999993,-7.922257508619739e-12,-2.2717364157962187e-14
-2.8789999999999996,-9.321875832087533e-13,-2.5013804353589983e-15
-2.8689999999999998,-4.296985103293622e-16,7.294513557549042e-19
-2.8589999999999995,-8.985122826482732e-17,8.726447046850582e-19
-2.8489999999999993,1.6175430646834302e-16,4.766648442364253e-19
-2.8389999999999995,3.0607588218467177e-16,3.743446372956109e-20
-2.8289999999999997,9.28082554369294e-16,1.4766202691490793e-18
-2.819,9.16109313506549e-16,-6.733424790761141e-19
-2.8089999999999997,9.949638924571992e-16,-1.572608205744615e-18
-2.7989999999999995,8.088331046098227e-16,-6.316739996966305e-19
-2.7889999999999997,-3.833786589096726e-12,7.743032963332638e-15
-2.779,-9.314864061130681e-12,1.3056214727836276e-14
-2.7689999999999997,-1.1384027982650319e-11,5.7520174981338395e-15
-2.7589999999999995,-5.461130447398859e-12,-1.070263232842708e-15
-2.7489999999999997,-3.0698018718989354e-12,-1.564931103055953e-15
-2.739,-1.0137516492779583e-13,2.4813538151065607e-12
-2.7289999999999996,-1.7586203257927943e-17,7.342803941657233e-20
-2.7189999999999994,1.381085603117701e-16,3.4496613240373064e-20
-2.7089999999999996,2.2694577163380217e-16,-5.300872693146033e-20
-2.699,3.5076248771520614e-16,-1.576642824418782e-19
-2.6889999999999996,2.4398984559370093e-16,-1.0759282014732147e-20
-2.6789999999999994,-1.5920818071792646e-12,7.669002451678048e-16
-2.6689999999999996,-2.965642572595153e-12,5.508186330758199e-16
-2.659,-4.230243765321462e-10,6.700788006037821e-11
-2.6489999999999996,-4.2525184513053415e-12,-3.102892955317439e-15
-2.6389999999999993,-1.5184876958249295e-12,-1.4707532920665764e-15
-2.6289999999999996,-2.506441944402374e-16,7.75003982061872e-20
-2.6189999999999998,-5.477872639546093e-17,2.1226141465760021e-19
-2.6089999999999995,1.2966146086579334e-16,1.3007600924916758e-19
-2.5989999999999993,2.597463324666515e-16,-3.6451543142629906e-20
-2.5889999999999995,5.429625337128701e-17,-7.9876728162925795e-22
-2.5789999999999997,6.978009644180039e-17,6.790042112905806e-22
-2.569,-5.0593069445442754e-14,-8.76582132419793e-13
-2.5589999999999997,-7.131132710043002e-13,1.5499691086917574e-16
-2.5489999999999995,-1.3055213152041092e-12,2.661748464172092e-16
-2.5389999999999997,-1.651341930185375e-10,-6.150228807104036e-12
-2.529,-4.849664502369387e-10,-2.914743543964732e-11
-2.5189999999999997,-5.577059126757669e-10,1.0973133670191712e-10
-2.5089999999999995,-7.86689070305893e-13,-7.951069212675269e-18
-2.4989999999999997,-5.931197049262652e-13,-1.6398203916468345e-17
-2.4889999999999994,-3.915442843191991e-13,1.543459379127785e-13
-2.4789999999999996,-2.1567490185625426e-13,1.6918904177682377e-13
-2.4689999999999994,-8.377392137446527e-14,1.4565408455094256e-13
-2.4589999999999996,1.093200431786036e-15,3.4538645187766927e-13
-2.449,8.865714747672928e-14,2.451338222145569e-13
-2.4389999999999996,1.152094852059644e-13,1.6439979709454372e-13
-2.429,1.0417052363820328e-13,1.0704239402815552e-13
-2.4189999999999996,7.392802450235508e-14,6.95154590004449e-14
-2.409,3.6547260479625e-14,4.568517453958071e-14
-2.3989999999999996,-1.2588969875630104e-15,2.989082894062024e-14
-2.389,-3.64507639857068e-14,1.8134522758384395e-14
-2.3789999999999996,-6.82107515644851e-14,8.023768409208206e-15
-2.3689999999999998,-8.524132367428057e-11,-1.6196765996421733e-11
-2.3589999999999995,-5.577365707192855e-10,-1.1514537131512268e-10
-2.3489999999999998,-1.028511133091408e-9,-2.35062206418506e-10
-2.3389999999999995,-1.4983929788064475e-9,-3.932909655092869e-10
-2.3289999999999997,-1.9483067450735406e-9,-6.204711722672045e-10
-2.3189999999999995,-2.3390760333022254e-9,-9.679784179466534e-10
-2.3089999999999997,-2.6152884731340157e-9,-1.5147800977797397e-9
-2.2989999999999995,-2.713651990406778e-9,-2.37063312028106e-9
-2.2889999999999997,-2.5756034600423146e-9,-3.6713554630408235e-9
-2.2789999999999995,-1.0514370387085369e-9,4.5921034620631915e-10
-2.2689999999999997,-7.383084412205173e-10,4.490741906953382e-10
-2.2589999999999995,-1.4940473626848392e-10,-2.3417551119745867e-12
-2.2489999999999997,-8.234546424934555e-13,9.602936024500385e-17
-2.2389999999999994,-1.0058592327237926e-12,1.4372785979295957e-16
-2.2289999999999996,-1.2184448155932245e-12,2.0709714665622715e-16
-2.2189999999999994,-1.4563626021019152e-12,2.871014824253268e-16
-2.2089999999999996,-1.7130061615884696e-12,3.8383102491401217e-16
-2.1989999999999994,-1.9813686692254337e-12,4.97168587091897e-16
-2.1889999999999996,-2.255301523381288e-12,6.277236051752423e-16
-2.179,-2.5304245703074604e-12,7.77748393068209e-16
-2.1689999999999996,-2.8045309475709786e-12,9.51835642607699e-16
-2.159,-3.0775472283100985e-12,1.1573800888361981e-15
-2.1489999999999996,-3.351199995383187e-12,1.4049424171287e-15
-2.139,-3.628549898147732e-12,1.7086824766626485e-15
-2.1289999999999996,-3.913596033714743e-12,2.087051383189325e-15
-2.1189999999999998,-4.210952522891985e-12,2.5638442983766594e-15
-2.1089999999999995,-4.525729033594546e-12,3.169736635486123e-15
-2.0989999999999998,-4.8634843303737924e-12,3.944416112498274e-15
-2.0889999999999995,-5.230266374621971e-12,4.9393740572538345e-15
-2.0789999999999997,-5.632572313151731e-12,6.221504368933741e-15
-2.0689999999999995,-6.077263204560438e-12,7.877613875535925e-15
-2.0589999999999997,-6.5712117832538566e-12,1.0019780161798735e-14
-2.0489999999999995,-7.1207398999417905e-12,1.279148091905408e-14
-2.0389999999999997,-7.730800154148715e-12,1.6374185763159673e-14
-2.0289999999999995,-8.403823748249007e-12,2.0993430359585364e-14
-2.0189999999999997,-9.13854496479438e-12,2.6923892974816733e-14
-2.0089999999999995,-9.928437431126357e-12,3.4490589245326983e-14
-1.9989999999999997,-1.0760211079966187e-11,4.40642551002916e-14
-1.9889999999999994,-1.1612005597966924e-11,5.604467644197907e-14
-1.9789999999999996,-1.2451334947148398e-11,7.0824325159933e-14
-1.9689999999999994,-1.3232673362659618e-11,8.871771248617779e-14
-1.9589999999999996,-1.389417962996166e-11,1.0983327888046745e-13
-1.9489999999999994,-1.4353630231342357e-11,1.3385136266483862e-13
-1.9389999999999996,-1.4502608007989033e-11,1.596459797491631e-13
-1.9289999999999998,-1.4198929824367299e-11,1.846575731192861e-13
-1.9189999999999996,-1.325639144779844e-11,2.0386224226310992e-13
-1.9089999999999998,-1.1431266890235571e-11,2.0810440233225796e-13
-1.8989999999999996,-8.403611015638819e-12,1.8139861387129463e-13
-1.8889999999999998,-3.7547750051591435e-12,9.666646210409331e-14
-1.8789999999999996,1.8793089626075842e-14,-8.565565206309283e-18
-1.8689999999999998,2.3033577212738226e-14,-5.837357675717065e-17
-1.8589999999999995,2.8232686702525297e-14,-1.5008602031747388e-16
-1.8489999999999998,3.458298867379206e-14,-3.111299784877623e-16
-1.8389999999999995,4.234529457003813e-14,-5.860619434870298e-16
-1.8289999999999997,5.1825602281502744e-14,-1.0459927341969544e-15
-1.8189999999999995,6.339329280248347e-14,-1.8040927992548333e-15
-1.8089999999999997,7.74936537654881e-14,-3.0397750406815206e-15
-1.7989999999999995,9.466296538130879e-14,-5.036434948250915e-15
-1.7889999999999997,1.1554927463893469e-13,-8.240465466835372e-15
-1.7789999999999995,1.40939309229237e-13,-1.335273207469897e-14
-1.7689999999999997,1.7180101843776246e-13,-2.147077589820541e-14
-1.7589999999999995,2.0935053286369348e-13,-3.4308316609303145e-14
-1.7489999999999997,2.551656401029911e-13,-5.453263327357446e-14
-1.7389999999999994,3.113865369196096e-13,-8.628106854418099e-14
-1.7289999999999996,3.810747317985607e-13,-1.3594564122667964e-13
-1.7189999999999994,4.688579186063576e-13,-2.1335343620770726e-13
-1.7089999999999996,5.820940090255679e-13,-3.335239084036855e-13
-1.6989999999999994,7.32955825010388e-13,-5.192415300138933e-13
-1.6889999999999996,1.5858265917089676e-16,3.3837294711956605e-13
-1.6789999999999998,2.091746464360102e-16,4.2461398055810666e-13
-1.6689999999999996,1.907912709201919e-16,3.2064913275536527e-21
-1.6589999999999998,2.8462202629329003e-16,-9.878726442243142e-21
-1.6489999999999996,4.3070599166805445e-16,-5.1953307881637675e-20
-1.6389999999999998,6.588251587353209e-16,-1.7079389735390794e-19
-1.6289999999999996,1.01461120945168e-15,-4.840368394142113e-19
-1.6189999999999998,1.5662167980504528e-15,-1.2670355156340598e-18
-1.6089999999999995,2.411502911526561e-15,-3.1156839827448583e-18
-1.5989999999999998,3.6821799028710295e-15,-7.147282135819429e-18
-1.5889999999999995,5.535349871933757e-15,-1.482006190428311e-17
-1.5789999999999997,8.109472908535368e-15,-2.5435303262488036e-17
-1.5689999999999995,1.1393681926021352e-14,-2.456811156827665e-17
-1.5589999999999997,1.4901027700353378e-14,5.535272851143594e-17
-1.5489999999999995,1.6920672703285247e-14,4.390814473064271e-16
-1.5389999999999997,1.2923957942043554e-14,1.687495815004027e-15
-1.5289999999999995,-7.469726052652771e-15,4.635686616124601e-15
-1.5189999999999997,-6.471456412928554e-14,8.461301187413417e-15
-1.5089999999999995,-1.888005127564729e-13,2.894242351954528e-15
-1.4989999999999997,-9.700031449392035e-10,-2.7640486866586766e-10
-1.4889999999999994,-2.86752421148758e-9,-1.2169065366185597e-9
-1.4789999999999996,-4.794052628075662e-9,-2.451750724232635e-9
-1.4689999999999994,-3.07700784813083e-9,1.1196495509306055e-10
-1.4589999999999996,-1.469045055534199e-16,3.4432292569360625e-17
-1.4489999999999994,-9.15463253247737e-12,-1.0768323923223985e-13
-1.4389999999999996,-1.6968916770855226e-10,-1.7542964598278337e-12
-1.4289999999999994,-6.06096091263964e-11,1.4028560961176348e-13
-1.4189999999999996,-1.345065040068539e-9,8.99847339092956e-11
-1.4089999999999998,-1.51913027057006e-9,-1.788958207903033e-10
-1.3989999999999996,-1.894168236924186e-9,3.79525831592513e-10
-1.3889999999999998,-1.7729329295169253e-9,-5.494658848810212e-10
-1.3789999999999996,-1.7687763910582802e-9,-1.82243652434677e-10
-1.3689999999999998,-3.9995244207568526e-9,-2.433939256972289e-9
-1.3589999999999995,-8.788173343745931e-11,1.417585033252042e-13
-1.3489999999999998,5.465108165053579e-13,-3.282961219678191e-14
-1.3389999999999995,6.272642451512073e-15,-2.3878967075872577e-18
-1.3289999999999997,-4.829374613415983e-15,1.1468283669211848e-17
-1.3189999999999995,-5.726910344909657e-9,4.918160471918905e-9
-1.3089999999999997,-4.140823315810693e-12,4.612547885527814e-15
-1.2989999999999995,4.577172996335863e-15,-7.604108015953701e-18
-1.2889999999999997,6.458620136121825e-15,-6.450089229369591e-18
-1.2789999999999995,3.1446073089026173e-15,5.4148079474588515e-17
-1.2689999999999997,-6.848151474565621e-15,9.951630738360827e-17
-1.2589999999999995,-2.098092622731393e-11,-3.0344157667075163e-13
-1.2489999999999997,-1.3268614115523673e-10,-2.1752166898981672e-12
-1.2389999999999994,-2.457056024217227e-10,-3.3476622561638522e-12
-1.2289999999999996,-3.207640178886272e-10,-2.2097670090924073e-12
-1.2189999999999994,-2.922730216015621e-9,9.210065131880408e-10
-1.2089999999999996,-2.444650716453637e-9,1.7785853441631017e-10
-1.1989999999999994,-1.8454159170452021e-9,2.0161594316432037e-10
-1.1889999999999996,-1.0930911752556612e-9,1.1595136004962097e-10
-1.1789999999999994,-4.470023021953583e-10,3.488625012533721e-11
-1.1689999999999996,-6.446667767803535e-11,2.8286973660399796e-12
-1.1589999999999998,3.101911107992506e-14,-2.061912322953447e-16
-1.1489999999999996,-7.962585233047922e-12,-4.048754582539652e-15
-1.1389999999999998,-2.241096098763602e-10,5.108383162633686e-12
-1.1289999999999996,5.782267330050753e-14,3.256840648475513e-15
-1.1189999999999998,9.45584403589296e-13,-1.5191791446851944e-13
-1.1089999999999995,3.410198631718056e-16,2.5265647169838153e-22
-1.0989999999999998,1.3983026071631633e-12,1.829412376242822e-13
-1.0889999999999995,1.7170639016848084e-13,4.24188905110795e-14
-1.0789999999999997,-9.106605260401271e-14,1.8100157664119766e-14
-1.0689999999999995,2.152429616658145e-13,-1.2718024825874888e-14
-1.0589999999999997,4.553801880803077e-14,4.341041654584655e-15
-1.0489999999999995,-4.93448927712759e-9,7.601378887344035e-10
-1.0389999999999997,-1.9826250078118303e-9,6.371566486742624e-10
-1.0289999999999995,5.237381729319698e-13,-7.78475329545035e-14
-1.0189999999999997,7.311856474033102e-13,-1.283698020453976e-13
-1.0089999999999995,6.245261451349216e-13,-3.5201348829505166e-14
-0.9989999999999997,3.508907939812412e-13,3.569650364455893e-14
-0.9889999999999994,1.2488752898554852e-13,4.3679998495137607e-14
-0.9789999999999996,2.251923244631193e-14,2.9314706725386205e-14
-0.9689999999999994,1.428616803738667e-14,1.8765605838190897e-14
-0.9589999999999996,5.896958723921138e-14,1.435443061823411e-14
-0.9489999999999994,1.4264458284170906e-13,1.2596885251801034e-14
-0.9389999999999996,2.7592068569420726e-13,1.0826862083427796e-14
-0.9289999999999994,4.842785982535528e-13,8.18054257647404e-15
-0.9189999999999996,8.06540611342735e-13,8.836271257475906e-15
-0.9089999999999998,1.3083290091779096e-12,2.7520324328072115e-14
-0.8989999999999996,2.1139187838792645e-12,9.583022870930176e-14
-0.8889999999999998,5.151593509291799e-16,-1.0787385354874601e-21
-0.8789999999999996,8.48273778426452e-16,3.32028399563903e-20
-0.8689999999999998,1.4414582165466548e-15,2.4131129317252378e-19
-0.8589999999999995,2.5354478927815285e-15,1.2994129351600794e-18
-0.8489999999999998,4.609286152726659e-15,6.464564768920234e-18
-0.8389999999999995,8.632013562460268e-15,3.178804946862884e-17
-0.8289999999999997,1.6609463727317076e-14,1.5886981619685837e-16
-0.8189999999999995,3.281302374420722e-14,8.181481505361639e-16
-0.8089999999999997,6.680947001776868e-14,4.3803839911683516e-15
-0.7989999999999995,1.420181314505547e-13,2.457528629411323e-14
-0.7889999999999997,3.2414644427473357e-13,1.4572965358921688e-13
-0.7789999999999995,8.233972972802527e-13,9.232274960061528e-13
-0.7689999999999997,-4.8724140789152625e-15,-7.362599399196112e-12
-0.7589999999999995,-1.9817826557300554e-14,-2.159169171265592e-11
-0.7489999999999997,-8.813538420862453e-11,-2.425036134201384e-12
-0.7389999999999994,-2.624954103439222e-9,-7.931179496010148e-10
-0.7289999999999996,-4.503981325286186e-14,5.200647385568436e-17
-0.7189999999999994,-5.873873178426555e-10,-2.4811522334559705e-10
-0.7089999999999996,0.00003121992807938877,-1.279458991821871e-17
-0.6989999999999994,0.00003089025654742885,3.7416230321761284e-14
-0.6889999999999996,0.00003056002427279545,8.955405689083059e-16
-0.6789999999999994,0.000030229211252740095,5.163914029059303e-17
-0.6689999999999996,0.000029897790371161262,1.8210020781146428e-16
-0.6589999999999998,0.000029565735289343656,8.079340414462768e-16
-0.6489999999999996,1.5645516623285725e-13,5.035584075324462e-15
-0.6389999999999998,-4.290245774046638e-12,4.736477442615379e-14
-0.6289999999999996,-1.7525877298500728e-9,-2.2840121125799568e-10
-0.6189999999999998,0.00014305765705612035,-6.6632358500672454e-18
-0.6089999999999995,0.00014120141011607113,-8.662887405098126e-15
-0.5989999999999998,-7.199836159663934e-9,-1.3600574267564473e-9
-0.5889999999999995,2.037911993824693e-12,-1.7046972991191805e-13
-0.5789999999999997,-4.748029101473548e-9,1.5637053015590914e-9
-0.5689999999999995,0.0001337515975151916,9.46427504185369e-16
-0.5589999999999997,-0.0001762037619857157,-3.1884053092510824e-15
-0.5489999999999995,0.000025861926327528953,-1.499695377912901e-14
-0.5389999999999997,-7.419002833034908e-10,4.877746244373032e-10
-0.5289999999999995,4.085177991883475e-15,-2.0576387277775014e-19
-0.5189999999999997,-1.0554394327421936e-10,3.5246976969320505e-12
-0.5089999999999995,-7.573185636768972e-11,5.039467897658648e-13
-0.49899999999999967,0.000024137604868424634,3.6275342757443305e-14
-0.4889999999999999,3.4517679187906554e-7,4.278053512324833e-6
-0.4789999999999992,-9.649625763560692e-8,-2.0801212456995553e-6
-0.4689999999999994,-2.749721728182908e-7,3.2828114067093416e-6
-0.45899999999999963,1.5282658916059044e-12,-1.6997314209299681e-13
-0.44899999999999984,-1.3439004560496847e-9,-1.7401189357527917e-10
-0.43899999999999917,2.159817419660429e-13,-2.7431122585293244e-15
-0.4289999999999994,4.5914633151969705e-12,-8.547517379766911e-13
-0.4189999999999996,-5.47768026867952e-9,-2.4209376479199485e-10
-0.4089999999999998,1.754359713016204e-12,3.820812976703095e-13
-0.399,6.646149607311086e-14,-1.981114482908028e-16
-0.38899999999999935,3.2232857866105297e-12,1.5950307476860754e-11
-0.37899999999999956,9.64760775722195e-12,-6.376253743197595e-12
-0.3689999999999998,0.1665540818235025,-1.7923024033383835e-17
-0.359,0.17182953052633101,4.182242696494988e-17
-0.3489999999999993,0.16924778555469153,-1.3168701779619806e-16
-0.3389999999999995,0.1677414927689696,-1.6641683914496275e-13
-0.32899999999999974,0.16568631398708622,-0.0015199133339511355
-0.31899999999999995,0.1634189266886054,-0.00492319124117468
-0.3089999999999993,0.16114432432523612,-0.008176388413067866
-0.2989999999999995,0.1588622619788548,-0.011273275152200538
-0.2889999999999997,0.15657248073530766,-0.014206987133863381
-0.2789999999999999,0.15427470664005266,-0.016969919965865686
-0.26899999999999924,0.15196864958937564,-0.01955359883025923
-0.25899999999999945,0.14965400215654362,0.021948515462963003
-0.24899999999999967,0.14733043839123433,0.024143921523348707
-0.23899999999999988,0.14499761262481273,0.026127562804126304
-0.2289999999999992,0.1426551583596666,0.027885331533454277
-0.21899999999999942,0.1403026873592254,0.02940080277545772
-0.20899999999999963,0.13793978914971736,0.03065460254330153
-0.19899999999999984,0.1355660312860943,0.031623524247028856
-0.18899999999999917,0.13318096099066892,0.03227925552112725
-0.17899999999999938,0.13078410923328215,0.032586476491727454
-0.1689999999999996,0.12837499918609865,0.03249989220737867
-0.1589999999999998,0.12595316267017084,0.031959342923632485
-0.14899999999999913,0.12351817169517272,0.030881165479878292
-0.13899999999999935,0.12106969990790498,0.02914144598788423
-0.12899999999999956,0.11860764739490817,0.02653901229607217
-0.11899999999999977,0.1161324129694218,0.022695383680231627
-0.10899999999999999,0.11364556074046145,0.01666312214377701
-0.09899999999999931,0.11456535094689646,-1.0972152331255815e-16
-0.08899999999999952,0.1275315409997898,1.426136097043234e-18
-0.07899999999999974,0.13372256714586248,3.9799989043444994e-24
-0.06899999999999995,0.13867020218045617,1.5256569906974368e-27
-0.058999999999999275,0.14308611408736235,-9.53716515350408e-16
-0.04899999999999949,0.1472358641031034,2.6793871550634576e-18
-0.0389999999999997,0.15124966278229193,9.750345975535123e-19
-0.028999999999999915,0.15520119942876665,1.5571313139792754e-20
-0.01899999999999924,0.1591361019547773,2.793350154500361e-23
-0.008999999999999453,0.16308443033507136,2.7767903863779616e-28
0.001000000000000334,0.16706690878968353,2.140939880682717e-20
0.01100000000000012,0.17109833113623968,1.6054897143058032e-26
0.021000000000000796,0.17518955364207245,9.470054790995764e-22
0.031000000000000583,0.17934872559524817,8.798569215264764e-19
0.04100000000000037,0.18358208278413274,1.4473592768146602e-16
0.051000000000000156,0.18789447774943763,-8.519697776386927e-29
0.06100000000000083,0.19228974496160198,-5.67474980779787e-26
0.07100000000000062,0.19677095889973736,-1.966492659374112e-23
0.0810000000000004,0.20134062061485286,-3.5473899063278015e-21
0.09100000000000019,0.20600079534782115,-3.6805546112154163e-19
0.10100000000000087,0.2107532159353102,-2.7498064364773805e-17
0.11100000000000065,0.21559936186986428,3.7668108224303314e-28
0.12100000000000044,0.2205405207730001,1.8703329131648224e-22
0.13100000000000023,0.2255778370105533,6.787037109204538e-17
0.14100000000000001,0.23071235082629138,9.386803585986277e-23
0.1510000000000007,0.23594503045244558,-2.7136815139602806e-28
0.16100000000000048,0.24127679902222632,-3.8969728717917983e-28
0.17100000000000026,-1.3379478138121007e-11,1.8503757528722714e-10
0.18100000000000005,1.2247340855101343e-13,2.0996590620822457e-16
0.19100000000000072,8.032420165932353e-6,1.3744890718957899e-15
0.2010000000000005,-5.0204501724811285e-11,-1.5280825019504482e-13
0.2110000000000003,-1.0270274775934873e-10,2.2428811390226615e-12
0.22100000000000009,-3.663622165012346e-10,-7.278645010512237e-12
0.23100000000000076,-0.000026935415589407074,-1.5941413127828104e-14
0.24100000000000055,-3.854644142192607e-7,-2.7471574898778933e-6
0.25100000000000033,6.378307280276728e-13,-5.3455417154033e-15
0.2610000000000001,0.0003910101329489397,-5.835405086237049e-14
0.2710000000000008,4.88031696465318e-7,3.4836416899051347e-6
0.2810000000000006,-8.033991564819595e-9,1.605592841170358e-7
0.29100000000000037,-7.239367095187403e-10,1.7325748900295502e-11
0.30100000000000016,-1.1327921751780193e-8,-1.4516035671230696e-7
0.31100000000000083,-5.355787878773314e-14,1.6795816314207449e-15
0.3210000000000006,-2.557245004772418e-11,1.408297795237318e-13
0.3310000000000004,-1.1601143212276446e-8,-1.0808862744863433e-7
0.3410000000000002,-1.7572420135488702e-8,-3.7133749575651125e-8
0.35100000000000087,4.2155382897279797e-13,-7.925900053692426e-15
0.36100000000000065,-2.699469903475028e-8,-1.545307000770686e-9
0.37100000000000044,-3.3611873052685594e-7,-3.8980396046848356e-11
0.3810000000000002,1.7945680863550207e-12,1.6555375647928472e-13
0.391,-9.425672571842894e-7,-1.593240880930096e-11
0.4010000000000007,-0.000527709479448782,8.855161872240657e-18
0.4110000000000005,-1.5547290203604402e-6,1.356837439928395e-12
0.42100000000000026,-0.0003450568105921742,-4.962544405645311e-16
0.43100000000000005,-2.171598290863464e-6,2.0132369378693808e-14
0.4410000000000007,-0.0001824138806632216,-1.0662939231735284e-14
0.4510000000000005,-0.00018694275226245583,1.2677823001966252e-13
0.4610000000000003,-0.00019147968909081188,-4.5084806301741797e-13
0.4710000000000001,-0.00006507827715964291,-2.7443118572069027e-12
0.48100000000000076,-0.00006676827741236166,2.856628292227112e-13
0.49100000000000055,-0.00006846328432236456,8.874449122167772e-13
0.5010000000000003,-0.00007016307543129867,5.797944288273708e-17
0.5110000000000001,3.6314399093051474e-12,-1.5559887013444983e-12
0.5210000000000008,3.3316730868804916e-13,-1.4589806647419017e-14
0.5310000000000006,7.281568441747431e-15,-3.806795605965222e-18
0.5410000000000004,-5.612172159336995e-6,-1.259923950342576e-12
0.5510000000000002,-5.927229373099468e-6,8.39099016207309e-16
0.5610000000000008,-6.242494093289242e-6,-1.1304310883488576e-16
0.5710000000000006,-6.5579354328871265e-6,4.990707962377934e-15
0.5810000000000004,-6.873530675474569e-6,-4.821358645014308e-13
0.5910000000000002,-7.189246388666997e-6,3.657991757055756e-13
0.6010000000000009,2.7983981614539187e-14,-1.815123570118245e-17
0.6110000000000007,2.825132424221528e-14,-9.275841694746944e-17
0.6210000000000004,5.850430906893385e-15,-3.837211332741242e-18
0.6310000000000002,2.6640965999456775e-14,-1.2397175003127991e-16
0.641,3.0841726982919226e-14,-1.7828918163064583e-16
0.6510000000000007,1.2729337795881484e-13,-3.2393055038197743e-15
0.6610000000000005,4.4485367402199965e-14,-3.992537431888176e-16
0.6710000000000003,1.4183538174188013e-14,-3.7425321655114147e-17
0.681,5.655246229043008e-15,-1.9602554719862177e-18
0.6910000000000007,5.392721337376522e-15,-3.738212072590689e-20
0.7010000000000005,8.653425501661541e-15,-1.4400660618660494e-17
0.7110000000000003,3.093978305888723e-16,2.253675345706179e-18
0.7210000000000001,-1.688998273796542e-9,3.6229691936426146e-10
0.7310000000000008,2.0460676318575173e-13,-5.4898519272800615e-15
0.7410000000000005,-5.251922608836279e-13,3.364253231233398e-13
0.7510000000000003,-5.357416177730263e-9,-1.0202266327816334e-9
0.7610000000000001,1.105867643073145e-13,-1.0327146499421719e-15
0.7710000000000008,-6.536754430943248e-10,-8.444466732973617e-11
0.7810000000000006,-3.9731293111871756e-11,2.354875853697955e-12
0.7910000000000004,-1.3202356448445326e-13,2.9864983801495028e-15
0.8010000000000002,-1.2801744240669005e-9,4.148409252386276e-10
0.8110000000000008,1.3795718496000414e-13,1.4318377186672946e-13
0.8210000000000006,-5.807384522954174e-14,1.0057210499586944e-15
0.8310000000000004,-2.1277611739902925e-10,2.343198918157923e-13
0.8410000000000002,7.96964274217422e-14,-1.4678752753751891e-15
0.8510000000000009,4.353695025806287e-14,3.448990620825801e-15
0.8610000000000007,-3.5558454549177036e-10,-1.490376193143449e-11
0.8710000000000004,-1.292711392958722e-9,1.7174806833514044e-10
0.8810000000000002,2.648937321829079e-13,-2.0003073893904095e-14
0.891,8.323150421609182e-16,7.73496859211897e-13
0.9010000000000007,-3.886253650977173e-12,-3.034889892108823e-15
0.9110000000000005,3.519965773825554e-14,-3.4035190489130813e-16
0.9210000000000003,1.2947740367717253e-13,-3.5080074789881514e-15
0.931,2.806268463090195e-13,1.6829591707153408e-13
0.9410000000000007,4.89599012103718e-14,3.79425431070882e-14
0.9510000000000005,-1.5774585078781717e-10,1.1777785252591586e-12
0.9610000000000003,1.3589679922022276e-14,-5.871140121613348e-17
0.9710000000000001,-6.052332564447238e-16,6.486958926246306e-18
0.9810000000000008,-6.8811478151448094e-12,-4.956712483984414e-15
0.9910000000000005,-5.771531062655062e-16,-1.333877684637555e-12
1.0010000000000003,4.3987990194552787e-13,-2.357401525189092e-14
1.0110000000000001,1.0752918287322096e-13,5.4497504725725643e-14
1.0210000000000008,8.021015335118796e-14,7.362612161136227e-16
1.0310000000000006,-1.660776202755364e-14,1.4101034528164125e-15
1.0410000000000004,-9.678990394324435e-11,-1.5954546316743542e-12
1.0510000000000002,-2.8567677773026582e-11,4.029557628347817e-14
1.0610000000000008,5.451042308097105e-15,-1.0549523519361162e-17
1.0710000000000006,2.3109453902690208e-15,1.0272714836286485e-17
1.0810000000000004,-1.4967127433987935e-10,5.967704187072323e-13
1.0910000000000002,-1.812363899890283e-10,4.831203280639661e-12
1.1010000000000009,1.079448859884131e-13,-4.7010012147078046e-15
1.1110000000000007,1.3560641098124511e-13,-8.132216189355538e-15
1.1210000000000004,1.7022874429350942e-13,-9.167839644336505e-15
1.1310000000000002,1.6295460552310641e-13,2.3819044805870856e-15
1.141,5.767456919691408e-13,4.566590353500623e-14
1.1510000000000007,2.5257738517408063e-16,3.437629137883445e-21
1.1610000000000005,4.848713800528648e-16,8.334476730645453e-13
1.1710000000000003,4.555804983762112e-16,-1.6330586182243656e-20
1.181,6.552118234023897e-16,-9.503827589898153e-20
1.1910000000000007,2.955993431145834e-16,1.8930943306049318e-19
1.2010000000000005,-1.021657220841401e-12,4.0902062121608435e-12
1.2110000000000003,-9.039238719342813e-12,-9.059674936377954e-16
1.221,-1.2389425517190999e-11,2.335923356399149e-14
1.2310000000000008,1.2670202704126427e-15,-6.131815975822154e-19
1.2410000000000005,-1.264762313429309e-9,-6.375216968760393e-10
1.2510000000000003,-1.1714190596478275e-9,-1.6311207819423456e-10
1.2610000000000001,3.938833798952951e-13,-1.2444400009336974e-13
1.2710000000000008,3.7500250546101747e-13,-6.455152404336626e-14
1.2810000000000006,1.7430664127321947e-13,-3.2534814656814897e-15
1.2910000000000004,4.966585837821693e-14,4.674283076505333e-15
1.3010000000000002,2.0079266239832617e-15,2.098875888583342e-15
1.3110000000000008,-1.0471556090935697e-14,5.290646755347537e-16
1.3210000000000006,-1.089502844031913e-14,6.959419320642814e-17
1.3310000000000004,-6.846524128750844e-12,-6.080549946896363e-14
1.3410000000000002,-1.5039991227504546e-11,-7.463452362165724e-14
1.3510000000000009,-1.4585299549193874e-11,-3.89882094627182e-14
1.3610000000000007,-1.1673039628600332e-11,-1.6311625760967074e-14
1.3710000000000004,-8.618041057780442e-12,-6.101868593781421e-15
1.3810000000000002,-6.12124409078518e-12,-2.1118907309131053e-15
1.391,-4.272429917345928e-12,-6.781905214235161e-16
1.4010000000000007,-2.9674178982734324e-12,-1.9612379869355703e-16
1.4110000000000005,-2.0678786850240137e-12,-4.543171376753748e-17
1.4210000000000003,-1.453922468466766e-12,-3.434654372831213e-18
1.431,-2.0903106862206213e-10,6.255828629888868e-12
1.4410000000000007,-3.5883958303887723e-10,1.5924214771374457e-11
1.4510000000000005,-4.268149959143438e-10,1.8752915925274742e-11
1.4610000000000003,-8.225275974283723e-10,-5.27545019691111e-10
1.471,-8.104619864679936e-10,-4.171293371912633e-10
1.4810000000000008,-7.674525507414072e-10,-3.159174506043153e-10
1.4910000000000005,-7.077490993123624e-10,-2.327949564276205e-10
1.5010000000000003,-6.405294003880686e-10,-1.6844606784798525e-10
1.5110000000000001,-5.71653090696451e-10,-1.2038006238427347e-10
1.5210000000000008,-5.04754323210474e-10,-8.529517011212753e-11
1.5310000000000006,-4.419716329693954e-10,-6.007889852570826e-11
1.5410000000000004,-3.8443452660217717e-10,-4.214642806306532e-11
1.5510000000000002,-3.3260904531857014e-10,-2.948713802050132e-11
1.5610000000000008,-2.865313615511076e-10,-2.0595529548626206e-11
1.5710000000000006,-2.459627935377667e-10,-1.4370840062682032e-11
1.5810000000000004,-2.105470400365603e-10,-1.0024577126062358e-11
1.5910000000000002,-1.7981531242841314e-10,-6.993508255454184e-12
1.6010000000000009,-1.5328493006573253e-10,-4.88124448023791e-12
1.6110000000000007,-1.304760274344465e-10,-3.409611957070412e-12
1.6210000000000004,-1.1093104868401205e-10,-2.384119568197551e-12
1.6310000000000002,-9.422651776452761e-11,-1.66914903328554e-12
1.641000000000001,-7.99762442201241e-11,-1.170238398403402e-12
1.6510000000000007,-6.783483189619918e-11,-8.216854110279207e-13
1.6610000000000005,-5.737603026284464e-11,-5.758583204948373e-13
1.6710000000000003,-4.869644985583824e-11,-4.068732905678434e-13
1.681,-4.1204332453897496e-11,-2.8681532007749574e-13
1.6910000000000007,-3.482669609505599e-11,-2.0232224321093247e-13
1.7010000000000005,-2.940081420057412e-11,-1.4274879310414025e-13
1.7110000000000003,-2.4791287736738344e-11,-1.0068913935669004e-13
1.721,-2.08854693919772e-11,-7.097943830439098e-14
1.7310000000000008,-1.7588614619774925e-11,-5.000511485677985e-14
1.7410000000000005,-1.4819212318663474e-11,-3.522234251470417e-14
1.7510000000000003,-1.2504321313426665e-11,-2.482836138536632e-14
1.7610000000000001,-1.0580321072133722e-11,-1.7544176181131854e-14
1.7710000000000008,-8.986037935411117e-12,-1.2452309818455073e-14
1.7810000000000006,-7.665986671895525e-12,-8.89893234039942e-15
1.7910000000000004,-6.5696429870430126e-12,-6.418982757707014e-15
1.8010000000000002,-5.651872612397853e-12,-4.683565830604339e-15
1.8110000000000008,-4.873129234698475e-12,-3.461337331479754e-15
1.8210000000000006,-4.199605846337633e-12,-2.5902215011924353e-15
1.8310000000000004,-3.6034212531876293e-12,-1.957057557805911e-15
1.8410000000000002,-3.0630496471843246e-12,-1.4835105207172602e-15
1.8510000000000009,-2.5642241661448043e-12,-1.1168961308555429e-15
1.8610000000000007,-2.1006343074505157e-12,-8.241863427981373e-16
1.8710000000000004,-1.6738546124820517e-12,-5.874452483739034e-16
1.8810000000000002,-1.2915047445552412e-12,-3.989652525804953e-16
1.891000000000001,-9.635418332794402e-13,-2.5570023239552736e-16
1.9010000000000007,-7.368531214011968e-11,1.241075278676548e-12
1.9110000000000005,-2.433281486036663e-10,1.1534126392176334e-11
1.9210000000000003,-3.6847110736895685e-10,2.078714953345205e-11
1.931,-9.625294016702824e-10,-6.745393361328223e-10
1.9410000000000007,-9.855930032342692e-10,-4.5888467640812963e-10
1.9510000000000005,-8.887706934461901e-10,-2.5503813551917954e-10
1.9610000000000003,-7.389990282402932e-10,-1.4006653866337147e-10
1.971,-4.678173925984391e-10,-4.188768486361619e-11
1.9810000000000008,-1.2874994418318027e-10,-2.494670767102152e-12
1.9910000000000005,6.5887954898173386e-18,1.9702802640135982e-14
2.0010000000000003,1.533245514785595e-17,4.843958540768608e-14
2.011,2.298061668034011e-17,7.578278338888499e-14
2.021000000000001,2.815522278794973e-17,9.950418545008849e-14
2.0310000000000006,-4.809096101061894e-15,-1.1315118438550061e-13
2.0410000000000004,-7.906306929912278e-14,-1.0541316496021403e-13
2.051,-1.7956424830844768e-13,-6.260589354744846e-14
2.061000000000001,-1.5939829770958392e-10,-7.48390269164619e-12
2.0710000000000006,-7.293074829285113e-10,-2.7120302807967716e-10
2.0810000000000004,-3.7291423582989113e-10,2.0516354033825793e-11
2.091,-5.301856805600108e-12,4.6077667520284755e-15
2.101000000000001,-6.97700661615884e-14,7.673349196799953e-13
2.1110000000000007,-1.6884279270568176e-16,-6.560673039385701e-13
2.1210000000000004,-6.845278105415567e-17,-3.445834427477177e-13
2.1310000000000002,-4.635890398668177e-18,-9.462250715915862e-14
2.141000000000001,6.427427711719516e-17,1.2870712731933014e-21
2.1510000000000007,1.2557173775555886e-16,3.6943430152635223e-13
2.1610000000000005,-4.929717852389382e-13,-4.871086725608782e-13
2.1710000000000003,-2.4692483659886856e-10,-8.973207725117503e-12
2.181,-2.0988240089522412e-10,1.0756253474089313e-11
2.1910000000000007,-1.9838524741415758e-13,1.1195794101777875e-13
2.2010000000000005,-1.0013907189140708e-17,-7.617465355375954e-14
2.2110000000000003,2.4854397442998485e-17,3.410894207414671e-14
2.221,2.7252528244249773e-17,7.508621506289909e-14
2.2310000000000008,-3.85304506368335e-10,-3.228636769038234e-11
2.2410000000000005,-2.8582936324138475e-10,-1.7801272346635206e-10
2.2510000000000003,-2.4320144639642365e-17,-1.738282191670255e-13
2.261,1.087092626277851e-17,3.2949410527217194e-14
2.271000000000001,-1.5806471839612203e-13,-3.4694240167770495e-13
2.2810000000000006,-8.595153581534564e-13,1.5315652625061604e-16
2.2910000000000004,-2.105409749134397e-12,4.262390054675821e-16
2.301,-5.180170955917681e-10,2.1714403057581728e-10
2.311000000000001,-2.4645567088508873e-12,-4.078410369430746e-16
2.3210000000000006,-1.7812110718117717e-12,-8.1584805448414215e-16
2.3310000000000004,-3.1173451903758734e-16,-8.882819786250599e-13
2.341,-2.1289643315207737e-17,2.826092354214168e-19
2.351000000000001,3.1490432628791686e-16,2.8326947579983757e-19
2.3610000000000007,6.861901063854151e-16,-4.340132493898125e-19
2.3710000000000004,9.179358277481477e-16,-1.1882698493613318e-18
2.3810000000000002,8.495925715942879e-16,-5.972968322656727e-19
2.391000000000001,-4.513599046917189e-12,9.388537574757849e-15
2.4010000000000007,-1.1655293580047068e-11,1.4838012964339967e-14
2.4110000000000005,-2.2957454194779235e-10,1.6752998980597806e-11
2.4210000000000003,-2.1864858379636755e-11,-6.211780707820276e-14
2.431,-1.0305813522922504e-11,-4.7874285794575244e-14
2.4410000000000007,-1.2986495098809798e-15,2.485773435178963e-18
2.4510000000000005,-1.6166827406239428e-16,7.324420544014535e-18
2.4610000000000003,9.771867405228422e-16,3.754603212190401e-18
2.471,2.756528840012211e-15,-6.752153075867246e-18
2.4810000000000008,2.626156750678089e-15,3.4686667577847936e-17
2.4910000000000005,5.679076589533674e-15,-3.106271073209493e-17
2.5010000000000003,7.61545667706665e-15,-9.522867478787768e-17
2.511,7.324598743572672e-15,-5.074348577033044e-17
2.521000000000001,-5.1928504902162206e-11,1.2191035646952945e-12
2.5310000000000006,-1.3462045870693196e-10,2.388846293420968e-12
2.5410000000000004,-1.9005418327224563e-10,3.530513438300206e-13
2.551,-1.1503337329136963e-10,-1.387819256233718e-12
2.561000000000001,-5.945057228277259e-11,-1.46484945471376e-12
2.5710000000000006,-6.4384732437098165e-15,1.2710042130540383e-16
2.5810000000000004,1.930401730257875e-15,3.229119510818628e-16
2.591,1.130731289305452e-14,-1.2203717508984536e-18
2.601000000000001,1.649294985049695e-14,-4.628388824993122e-16
2.6110000000000007,1.4551947851534965e-14,-2.754931108851385e-16
2.6210000000000004,-8.798229121911834e-11,3.6683956819434485e-12
2.6310000000000002,-2.0573187165703408e-10,5.07790849474376e-12
2.641000000000001,-2.333626921340864e-10,1.3269362607275296e-10
2.6510000000000007,-3.189881917360915e-10,-1.3860903936477954e-11
2.6610000000000005,-1.5602276577703238e-10,-1.0518235454656077e-11
2.6710000000000003,-1.7789272163489085e-14,3.0994404033776315e-16
2.681,-4.445179598023676e-15,1.1618775878016682e-15
2.6910000000000007,8.633402453470686e-15,8.819929002880378e-16
2.7010000000000005,1.7811216896657004e-14,-4.213360293129343e-17
2.7110000000000003,2.1761032374601005e-14,-7.682872345166517e-16
2.721,3.869868953883651e-14,-1.0330122915114782e-15
2.7310000000000008,5.7940624477131795e-15,2.4268411636271726e-16
2.7410000000000005,8.240038119688328e-15,1.4799126969490177e-17
2.7510000000000003,1.2635722352877233e-14,-2.4529955113439573e-16
2.761,1.5619069573645663e-14,-4.77720263935714e-16
2.771000000000001,1.6026401953772158e-14,-4.1676527786097676e-16
2.7810000000000006,-2.4685833829082643e-11,1.4835274169820099e-12
2.7910000000000004,-1.7694324080744746e-10,1.127307332881718e-11
2.801,-3.339858367803719e-10,1.74798946983575e-11
2.811000000000001,-4.5794476705760474e-10,9.98460247427978e-12
2.8210000000000006,-3.3880000650916676e-10,-4.526552935278833e-12
2.8310000000000004,-3.1161068333908913e-10,-1.501477227397584e-11
2.841,-1.9556801252470428e-10,-1.5354826273740933e-11
2.851000000000001,-2.420142393394014e-14,7.244056817143378e-17
2.8610000000000007,-1.0940047004158597e-14,2.105370625892785e-15
2.8710000000000004,8.751285399274945e-15,2.6358993933273745e-15
2.8810000000000002,2.807820402729137e-14,5.877642308588935e-16
2.891000000000001,3.953348810660281e-14,-2.4181529373587915e-15
2.9010000000000007,3.966995702684028e-14,-3.4340114067737984e-15
2.9110000000000005,3.047892223708415e-14,-1.425027349733637e-15
2.9210000000000003,-1.5624667325337508e-10,1.8360949799589047e-11
2.931,-3.757466713834498e-10,3.421938078877218e-11
2.9410000000000007,-4.870051235598019e-10,2.1320456369153636e-11
2.9510000000000005,-7.24686338506685e-10,-3.664788068534138e-12
2.9610000000000003,-6.240281822398508e-10,-4.787224887954297e-11
2.971,-4.2696954083684006e-10,-5.067489681315031e-11
2.9810000000000008,-1.763953212657475e-10,-2.2898518267463607e-11
2.9910000000000005,-2.6438784685783067e-14,7.783426730847312e-16
3.0010000000000003,-1.1023427597069692e-14,2.3058317104920468e-15
3.011,3.3691305462384488e-15,2.242963243281852e-15
3.021000000000001,1.4266669879296613e-14,1.1681018015854375e-15
3.0310000000000006,2.079434834183088e-14,-8.523132607045167e-17
3.0410000000000004,2.3264858498071948e-14,-9.270730989576076e-16
3.051,5.1395876719141023e-14,-8.383689857346524e-16
3.061000000000001,5.488472759408098e-14,7.963317272493055e-15
3.0710000000000006,2.2565021188145275e-14,7.630317741861533e-15
3.0810000000000004,2.9954104650145894e-15,6.699403052771058e-15
3.091,2.5463905747594212e-14,6.646484258489376e-15
3.101000000000001,5.1331209245974704e-14,3.097884351637749e-15
3.1110000000000007,7.668592411944061e-14,-4.709993975532009e-15
3.1210000000000004,9.568623200294844e-14,-1.5684718780797016e-14
3.1310000000000002,1.0167704647724653e-13,-2.5619407696886623e-14
3.141000000000001,8.986473712847927e-14,-2.6755073438923345e-14
3.1510000000000007,6.133033009544781e-14,-9.78949696332285e-15
3.1610000000000005,-6.022540654661192e-10,3.8281218089636025e-10
3.1710000000000003,-1.3108405980987086e-9,1.1476006877205996e-9
3.181,-1.4374640324711194e-9,1.759205945074642e-9
3.1910000000000007,-2.308117665141549e-10,-2.054826589691103e-11
3.2010000000000005,-1.3158035007071007e-9,-9.896306243063437e-11
3.2110000000000003,-1.1817130487754325e-9,-1.7247118767537206e-9
3.221,-4.291870247347905e-10,9.387934170576228e-11
3.2310000000000008,-3.586834535807413e-10,4.855836852613668e-11
3.2410000000000005,-1.6463137360431075e-13,2.0290937917957976e-14
3.2510000000000003,-4.775844476760943e-14,7.589121683176719e-14
3.261,-3.5877009162849615e-18,-5.762047099361506e-14
3.271000000000001,9.87148901408372e-17,-1.817264672446214e-20
3.2810000000000006,7.759331610010749e-17,-3.423903311542285e-21
3.2910000000000004,-7.400720561300106e-13,1.2120010867094337e-16
3.301,-1.3150618509419923e-10,4.526674919831577e-12
3.311000000000001,-4.2280728545789134e-13,-1.0220381047739344e-16
3.3210000000000006,-3.2263200478034396e-17,-1.146430362761723e-13
3.3310000000000004,4.224638197152917e-18,6.179077545965547e-22
3.341,7.858180680718277e-17,6.5994764412952634e-21
3.351000000000001,2.819757985806853e-17,-6.439241600588029e-22
3.3610000000000007,4.8502559616325106e-17,2.984761888620712e-13
3.3710000000000004,-2.739426430932025e-13,2.6132501406469413e-17
3.3810000000000002,-1.5928652086720627e-11,-4.2777746138103604e-14
3.391000000000001,-3.867563018267378e-10,1.0816338745165772e-10
3.4010000000000007,-2.0496449518084574e-13,2.180771168999083e-16
3.4110000000000005,-1.3180047742029056e-13,2.190287285660611e-14
3.4210000000000003,-6.659099483292837e-14,3.133994687705239e-14
3.431000000000001,-1.793560152344774e-14,2.8207888001419813e-14
3.4410000000000007,4.37741485121637e-14,1.1372131700340793e-13
3.4510000000000005,1.0033984651156516e-13,7.115041511183812e-14
3.4610000000000003,1.2485744456522272e-13,3.541414640697109e-14
3.471,1.2893228814294556e-13,9.831614443091982e-15
3.4810000000000008,1.2141834490952562e-13,-5.956376310310267e-15
3.4910000000000005,1.0834157754422987e-13,-1.3911998888493653e-14
3.5010000000000003,9.342684446263542e-14,-1.637326195440989e-14
3.511,7.874846990144305e-14,-1.5439065963079327e-14
3.521,6.530617015249711e-14,-1.2738821601898759e-14
3.5309999999999997,5.345630140367132e-14,-9.407023614257153e-15
3.5410000000000013,5.3241733146635755e-14,-8.617016855774283e-15
3.551000000000001,7.54214214707278e-14,-2.83443404469375e-15
3.561000000000001,7.536640119163309e-14,-6.647065588202579e-15
3.5710000000000006,7.388538375205955e-14,-9.499578954861648e-15
3.5810000000000004,4.0167753738173514e-14,1.9434386550586243e-15
3.591,4.0648552299647936e-15,1.445570039241184e-15
3.601,9.36833259162277e-15,1.128962443026545e-15
3.6109999999999998,1.4300605978877212e-14,5.642828857811625e-16
3.6210000000000013,1.848665422095478e-14,-1.6081063038474662e-16
3.631000000000001,2.158197201613004e-14,-9.051120619305689e-16
3.641000000000001,2.3317678287106113e-14,-1.4958886849455096e-15
3.6510000000000007,2.354121633374668e-14,-1.766828637534505e-15
3.6610000000000005,2.2240048526671112e-14,-1.6062672537418454e-15
3.6710000000000003,1.953795579081052e-14,-1.0029780999189169e-15
3.681,1.5665405069617756e-14,-7.322552224769174e-17
3.691,-1.1988107328957882e-10,1.3630942292136227e-11
3.7009999999999996,-2.4026450494454257e-10,2.5622136418470055e-11
3.711000000000001,-3.42305885543495e-10,3.072086130993064e-11
3.721000000000001,-4.184264025184385e-10,2.6452142612393194e-11
3.7310000000000008,-4.6314390711160293e-10,1.335787229528508e-11
3.7410000000000005,-3.4615951291368514e-10,-9.41592924788959e-13
3.7510000000000003,-3.3183200398441827e-10,-9.83869048848313e-12
3.761,-2.8857461676260417e-10,-1.5640046376298727e-11
3.771,-2.1747597896330895e-10,-1.5956810839114628e-11
3.7809999999999997,-1.2240284763500868e-10,-1.040139400554878e-11
3.7910000000000013,-1.052400864876844e-11,-9.2411318190981e-13
3.801000000000001,-9.638853224800867e-15,6.062777077452459e-16
3.811000000000001,-3.768772668845285e-15,1.0457151408619828e-15
3.8210000000000006,2.5276021399923976e-15,1.0832401775631272e-15
3.8310000000000004,8.389720540697157e-15,7.11735973872063e-16
3.841,1.3058631275062365e-14,8.76873083503003e-17
3.851,1.6034244993360412e-14,-5.403042225810162e-16
3.8609999999999998,1.714570274221412e-14,-9.387385246985315e-16
3.8710000000000013,1.6523764476812793e-14,-9.812954903867986e-16
3.881000000000001,1.4503290400782527e-14,-6.867053751607656e-16
3.891000000000001,1.150353833209293e-14,-1.9320276414846918e-16
3.9010000000000007,-5.97184256113203e-11,4.682641178919525e-12
3.9110000000000005,-1.4224588036783574e-10,1.0048232306964083e-11
3.9210000000000003,-2.059855048841104e-10,1.1763437863117636e-11
3.931,-2.4870474951190186e-10,9.799858878144467e-12
3.941,-2.7025090603652883e-10,5.267991892064927e-12
3.9509999999999996,-2.7194386043102844e-10,-1.6393450595993876e-13
3.961000000000001,-3.522756069900577e-10,-8.292764006762612e-12
3.971000000000001,-3.1549600318519043e-10,-1.468611562114175e-11
3.9810000000000008,-2.6208667726545863e-10,-1.6871068188891538e-11
3.9910000000000005,-1.96360054892391e-10,-1.5007472728870943e-11
4.001,-1.2295818526053924e-10,-1.0181285827598438e-11
4.011,-4.659667737768639e-11,-3.915466902897861e-12
4.021,-1.0686889089747078e-14,1.4591905134943097e-16
4.031,-7.583264977062339e-15,4.677121570041763e-16
4.041000000000001,-4.315308419658035e-15,6.6754158270625e-16
4.051000000000001,-1.098439971009393e-15,7.323500338153307e-16
4.061000000000001,1.8914379411458885e-15,6.750659711777442e-16
4.071000000000001,4.526192308676361e-15,5.2571736541915875e-16
4.081,6.725175207269282e-15,3.220362634091175e-16
4.091,1.2670986002998123e-14,-5.839561953851227e-16
4.101,2.1863251622771577e-14,-1.3754768988059736e-15
4.111,2.7546087714145653e-14,-1.2761898346805152e-15
4.121000000000001,2.243409954892472e-14,3.673854234841139e-15
4.131000000000001,2.7001016319103354e-14,2.8392339158114415e-15
4.141000000000001,3.133794834870574e-14,1.8537546337742898e-15
4.151000000000001,3.544325567275815e-14,7.339058272939161e-16
4.1610000000000005,1.1583271211763725e-14,4.225522732137852e-15
4.171,2.3325030979972606e-15,3.628113700473507e-15
4.181,-5.6543799754637e-15,3.3692404375964168e-15
4.191,-2.136177497700579e-15,4.061783519161906e-15
4.201000000000001,2.0880031049420844e-15,4.689740476224827e-15
4.211000000000001,7.050511072480081e-15,5.185400931794394e-15
4.221000000000001,1.2763604478162871e-14,5.4676586790966845e-15
4.231000000000001,1.9212918635821756e-14,5.443085960888491e-15
4.2410000000000005,2.6349220109844474e-14,5.008768610120539e-15
4.251,3.4080416369247203e-14,4.057553253713005e-15
4.261,4.226215789922214e-14,2.4859694611643087e-15
4.271,5.0690045581567995e-14,2.046967514664768e-16
4.281,5.909428428517906e-14,-2.8469948696663198e-15
4.291000000000001,6.713533464102206e-14,-6.683104739276289e-15
4.301000000000001,7.440909835036454e-14,-1.1250321148600785e-14
4.311000000000001,1.26834931958752e-13,-2.560162090496679e-14
4.321000000000001,1.3525498963544622e-13,-3.691046553975017e-14
4.331,1.4041515410111094e-13,-4.910588325255885e-14
4.341,1.4139763453351548e-13,-6.146892657209384e-14
4.351,1.373538374694753e-13,-7.29847545022458e-14
4.361,1.276139373226214e-13,-8.233195143249429e-14
4.371000000000001,2.4722235736659344e-18,1.2952126598045329e-14
4.381000000000001,2.2786991639430722e-18,1.2923789746691812e-14
4.391000000000001,1.9107294191726927e-18,1.1804016273808048e-14
4.401000000000001,1.3606761633351128e-18,9.353443718278741e-15
4.4110000000000005,6.390029369243471e-19,5.405912879242097e-15
4.421,-1.869150971935918e-12,-1.1146133665282566e-15
4.431,-2.2873789465475822e-14,-3.938701914818797e-15
4.441,-1.1379821724233999e-10,-6.906031023481042e-12
4.451000000000001,-2.3474822801610875e-10,-4.4556554343240676e-11
4.461000000000001,-2.490949460809251e-10,-8.679402906078215e-11
4.471000000000001,-1.0264325349335766e-10,-5.200500655242785e-11
4.481000000000001,-2.525776730107051e-14,7.776622226519996e-14
4.4910000000000005,-3.802917483456892e-14,1.1199878456269218e-13