-4.499,5.748260023591159e-6,-2.1632005958042905e-9
-4.489,-10.001478536884466,-7.082994370982238e-9
-4.479,6.997273851606148e-6,-3.711950221624652e-9
-4.468999999999999,5.451991441913285e-6,-5.570877615228182e-9
-4.459,-5.600339659318026,-2.1002939437401148e-7
-4.449,-5.190159512849653,2.3015189319730327e-7
-4.439,-10.00881249212028,-3.739453428318638e-9
-4.428999999999999,9.978887137272834e-6,-1.1181767747406795e-8
-4.419,-10.10342314042149,-3.990229320272085e-9
-4.409,-4.894203961628639,-1.2473976006902424e-8
-4.399,0.1549451706295193,2.6235409612173175e-6
-4.388999999999999,-4.759177209512027,-4.42493750727276e-9
-4.379,-5.554470446869595,-2.7515858941722904e-9
-4.369,0.1548555967095013,2.056493444437641e-8
-4.359,-4.960850930942301,-2.2850101476495702e-9
-4.348999999999999,-10.28366658102311,-1.5747657261562582e-6
-4.3389999999999995,-10.00572798989436,-1.198387351026808e-8
-4.329,-4.912692229761951,-4.576107842469795e-8
-4.319,7.5587027650363774e-6,-7.0245433462854645e-9
-4.308999999999999,0.15436064934566077,0.000010520614025783155
-4.2989999999999995,3.933493817616697e-6,-3.4587080417044634e-9
-4.289,-11.390587408924052,-7.70310193741963e-7
-4.279,-10.15218254454129,-3.1524349470947154e-9
-4.268999999999999,-10.020448058091825,-3.810308563394895e-9
-4.2589999999999995,5.571720015591919e-6,-9.440419523796615e-10
-4.249,0.1542658056211873,1.6373499906984472e-7
-4.239,0.15255103275022044,0.00008379743689408662
-4.228999999999999,-5.5188378831946014,-1.8213920588324355e-9
-4.218999999999999,-4.913049548512713,-2.574735357784279e-8
-4.209,-10.159091393398285,-3.141011594538528e-9
-4.199,-5.536148060370878,-3.4831330906010634e-9
-4.189,-5.261245584067422,-3.194109032006884e-7
-4.178999999999999,-5.60190014877708,-1.8744852037599155e-7
-4.169,-4.927844207018565,-1.0374693274375679e-7
-4.159,-4.938941457437253,-3.856672314930672e-9
-4.149,-5.302995436378213,-1.3611104390643235e-6
-4.138999999999999,8.374130957730701e-6,-8.160749744610716e-9
-4.129,-4.906431607957764,-5.165823042953827e-8
-4.119,-4.900484643364278,-7.986756993643255e-9
-4.109,0.15355962385847646,8.240982449745782e-8
-4.098999999999999,-4.8872540027424405,-2.2133439889133975e-6
-4.0889999999999995,-5.387816320128943,-1.2570632914297689e-8
-4.079,5.837689499074154e-6,-7.960550377627942e-10
-4.069,-11.428588269961526,-1.0434234536643719e-8
-4.058999999999999,-4.903237866319502,4.817781340858345e-8
-4.0489999999999995,-5.080554965731678,-5.484473221398189e-9
-4.039,0.15296867282003573,0.000010502134168000954
-4.029,3.990977401432049e-6,-4.285906293901413e-9
-4.019,-4.682804208406966,-1.7589497088160741e-9
-4.0089999999999995,7.094299380412606e-6,-5.76642527663092e-9
-3.9989999999999997,4.379497968674366e-6,-3.486959559678821e-9
-3.989,-4.977214494144866,-8.460268040643877e-9
-3.9789999999999996,-4.991322122482808,-9.574057409954662e-9
-3.9689999999999994,-4.657032153372663,2.229300948813782e-7
-3.9589999999999996,0.000010148536476858903,-1.1859323312630414e-8
-3.949,-5.469882061582886,-1.5745843296511364e-7
-3.9389999999999996,-4.918943508436684,1.7393042754270507e-8
-3.9289999999999994,-5.291667703980288,1.0767260850610276e-7
-3.9189999999999996,2.084668078467653e-6,-3.4245365764002716e-9
-3.909,4.5429892484681715e-6,-1.3920511297578779e-9
-3.8989999999999996,-4.955396261638918,-8.832938305003676e-9
-3.889,-4.537048754249629,-7.591884220301766e-9
-3.8789999999999996,7.135770904132794e-6,-8.642217148211567e-9
-3.8689999999999998,-3.9777197162590845,-1.1744557389288707e-7
-3.8589999999999995,8.772728183599033e-6,-8.842555240128175e-9
-3.8489999999999998,-11.368887794537208,-2.634913810814616e-9
-3.8389999999999995,-4.971049255032184,-7.308455615871803e-9
-3.8289999999999997,0.1519843371942178,3.2908407362604246e-7
-3.8189999999999995,-5.284698103485826,-1.0465052184541797e-8
-3.8089999999999997,0.125776120667944,0.00129136684194936
-3.7989999999999995,0.1256856235205352,0.0012926897221164839
-3.7889999999999997,0.125594699551522,0.0012940220327737196
-3.779,0.12550338434250682,0.0012953359088159078
-3.7689999999999997,0.12541172583311297,0.0012966751918056605
-3.7589999999999995,0.12531967345480213,0.0012980249918049481
-3.7489999999999997,0.1252272055730871,0.0012993657237673883
-3.739,0.1251343908035378,0.0013007096771227504
-3.7289999999999996,0.12504113284387128,0.0013020539502878077
-3.7189999999999994,0.12494752512661088,0.0013034136574191753
-3.7089999999999996,0.12485351569863472,0.0013047710917163916
-3.699,0.12475910702005866,0.0013061320678731773
-3.6889999999999996,0.12466429027504922,0.0013075079662114072
-3.6789999999999994,0.12456902206074616,0.0013088628968093929
-3.6689999999999996,0.1244734079028512,0.001310253725520477
-3.659,0.12437739231213787,0.0013116475199507378
-3.6489999999999996,0.14465221588390262,5.195297280632523e-6
-3.639,0.000010042382734109033,-1.231774344126459e-8
-3.6289999999999996,0.15044241243170853,2.0113177480194297e-8
-3.6189999999999998,-4.280610040085514,-1.1047836467325352e-8
-3.6089999999999995,5.351806545693791e-6,-5.26793732412265e-9
-3.5989999999999998,-5.406505551775023,-2.1211624801964408e-10
-3.5889999999999995,-4.57775519589636,-1.7653026430573544e-7
-3.5789999999999997,3.705538446501714e-6,-4.596118077738229e-9
-3.5689999999999995,0.1498145968985125,0.00001042518936207762
-3.5589999999999997,-4.894044798882878,-8.725662409676633e-9
-3.5489999999999995,0.000010347673160684227,-1.2858753333046332e-8
-3.5389999999999997,-10.592315499580964,1.4056409021540872e-6
-3.529,9.064503249762602e-6,-1.0465914663663804e-8
-3.5189999999999997,0.14878807616672124,0.000040895056063134706
-3.5089999999999995,-5.306643883998771,-1.2097163184659276e-6
-3.4989999999999997,5.357545711889525e-6,-4.6293481559117597e-10
-3.489,5.328777861140374e-6,-1.7974517910531992e-9
-3.4789999999999996,-4.818869981433851,4.60945723806317e-7
-3.4689999999999994,-4.904422192331023,-1.2183044562082267e-8
-3.4589999999999996,-4.939121699565928,5.712825257093238e-7
-3.449,-4.976677277582515,-3.6409448337114385e-9
-3.4389999999999996,1.7115118567853487e-6,-3.920427382572951e-9
-3.4289999999999994,5.914205712388237e-6,-3.2532972558889733e-9
-3.4189999999999996,6.755196041389946e-6,-8.188363130589468e-9
-3.409,-10.014412630078382,-9.477561368746567e-9
-3.3989999999999996,5.608187873967558e-6,-2.2499923675213885e-9
-3.3889999999999993,-4.1083095363966775,-2.7969866307362206e-8
-3.3789999999999996,-5.105988350576341,-4.369781732829748e-9
-3.3689999999999998,7.200295281366686e-6,-6.637509951991513e-9
-3.3589999999999995,4.694111111953955e-6,-1.8466534423236697e-9
-3.3489999999999993,-10.007442931414866,-1.6201718975436695e-8
-3.3389999999999995,0.14838248160257475,3.96438606991582e-8
-3.3289999999999997,8.407502973563465e-6,-9.81086215909559e-9
-3.319,0.1463722687758468,0.0000821409237272102
-3.3089999999999997,-4.788273736124753,-7.216419459582148e-9
-3.2989999999999995,0.14805290921356773,1.6130764430854015e-7
-3.2889999999999997,2.510959045085355e-6,-9.75470607100105e-10
-3.279,-4.9883005532314035,-6.46460669074635e-9
-3.2689999999999997,9.170008669800941e-6,-1.144062852827338e-8
-3.2589999999999995,-4.887771057313364,-1.0019847635013171e-8
-3.2489999999999997,0.14754697759631483,5.197762045335476e-6
-3.239,-4.7465101865547705,-5.493850124953523e-9
-3.2289999999999996,-4.803929049970042,-6.7285013010977804e-9
-3.2189999999999994,2.5825224100517537e-6,-4.16390687549345e-9
-3.2089999999999996,-4.420996861065351,-1.377064343315667e-8
-3.199,-4.422766326457305,-3.314212447388242e-9
-3.1889999999999996,0.14716256839329425,3.249239057596876e-7
-3.1789999999999994,-5.006533922110864,-8.61250742718097e-9
-3.1689999999999996,1.9243753251509225e-6,-3.4392994930586748e-9
-3.159,6.641814011505213e-6,-5.834859669905837e-9
-3.1489999999999996,6.552189100062113e-6,-7.730785862162497e-9
-3.1389999999999993,0.1458217443677783,0.000040827308968149385
-3.1289999999999996,2.8652655619931527e-6,-3.398548942519913e-9
-3.1189999999999998,-4.801983847199413,-2.988369926408334e-9
-3.1089999999999995,-5.132557337437501,-9.076490252368269e-9
-3.0989999999999993,-4.0956862465433215,-1.0986597471008712e-7
-3.0889999999999995,3.4824934605764962e-6,-1.1741161477619552e-9
-3.0789999999999997,-4.054137563928706,-4.6896283749632066e-8
-3.069,5.102862489007273e-6,-2.586980965026273e-9
-3.0589999999999997,-4.197473544195502,-1.02268665680092e-7
-3.0489999999999995,-3.650335071154764,-9.959806556571554e-9
-3.0389999999999997,-3.873970497797935,-1.1783552991748127e-8
-3.029,-5.359415236077903,-1.7392998806322734e-9
-3.0189999999999997,-4.456731568457581,-2.354227712419772e-9
-3.0089999999999995,6.207560443520287e-6,-6.779956569616061e-9
-2.9989999999999997,5.2695944168996925e-6,-4.809380752026277e-9
-2.989,-4.942717212140643,-7.325278078168342e-9
-2.9789999999999996,0.14148101918078626,0.00016130008185989572
-2.9689999999999994,5.919722522997012e-6,-7.24445710073092e-9
-2.9589999999999996,-4.627670505314497,-7.844377402823798e-7
-2.949,2.2400151105362258e-6,-3.5777347405370125e-9
-2.9389999999999996,-4.6822360402849,-6.255811729868671e-9
-2.9289999999999994,-4.161892849454118,-1.684681085226818e-9
-2.9189999999999996,-4.504030760320843,-9.723348086356563e-9
-2.909,0.12350762010908119,0.00031686449162443336
-2.8989999999999996,0.12343041047139776,0.00032186404051362636
-2.8889999999999993,0.1305887735622756,1.9760591851924436e-8
-2.8789999999999996,-4.995156547710391,-7.805322865429414e-9
-2.8689999999999998,0.13045434020749103,1.9828202399830582e-8
-2.8589999999999995,0.13035452245369397,1.2436412456374891e-6
-2.8489999999999993,8.317191936227422e-6,-1.0862960695978767e-8
-2.8389999999999995,-4.836378148284628,-2.4758875638777787e-7
-2.8289999999999997,0.1292571352752918,0.00004008893523243724
-2.819,-4.369458278915546,-1.3878049765281722e-7
-2.8089999999999997,0.13002627739815062,1.5659134720821549e-7
-2.7989999999999995,0.000010503674253551111,-1.4530441930385436e-8
-2.7889999999999997,4.173890171872084e-6,-5.416188266336043e-9
-2.779,0.1298237032776086,1.9689130455653453e-8
-2.7689999999999997,-4.889724371317465,-5.856407886297675e-9
-2.7589999999999995,0.1278203210138758,0.00007923300248289866
-2.7489999999999997,0.12958803255717757,1.565960438303264e-7
-2.739,-5.37129340029992,-1.4158846987206774e-8
-2.7289999999999996,-5.079222521852822,-9.652812760688421e-7
-2.7189999999999994,4.482072364837803e-6,-3.74912751785929e-9
-2.7089999999999996,-10.09952510376397,-8.062262824881208e-8
-2.699,7.494217868026387e-6,-7.989620007704677e-9
-2.6889999999999996,0.12821991717317832,0.000040494963392738816
-2.6789999999999994,-4.656834897586908,-9.96732071763116e-9
-2.6689999999999996,3.425287664905497e-6,-4.91930972628827e-9
-2.659,-3.011382997669899,-7.209492316756095e-9
-2.6489999999999996,-3.5242382171218045,2.7262049229968613e-7
-2.6389999999999993,7.710169895967966e-6,-8.981760413722746e-9
-2.6289999999999996,-4.255350825138299,-2.611508815036649e-7
-2.6189999999999998,0.10390289773982676,0.0011257639583763129
-2.6089999999999995,3.4921306592691794e-6,-3.4215174901787523e-9
-2.5989999999999993,0.12850526755970923,2.414030767393199e-6
-2.5889999999999995,-3.5579151682835364,-3.4738623405174916e-9
-2.5789999999999997,0.10232543736292127,0.0010831157881807658
-2.569,0.12869008232396215,2.3300004672981927e-6
-2.5589999999999997,-4.139008004046988,-9.773617209728634e-9
-2.5489999999999995,-3.880431700320845,2.744583228748676e-7
-2.5389999999999997,3.899925430477626e-6,-1.4463578785723535e-9
-2.529,9.171906211505507e-6,-1.3400173135530234e-8
-2.5189999999999997,0.11448705354662518,0.0005440234957921652
-2.5089999999999995,-4.900584800175771,-3.766439463635293e-8
-2.4989999999999997,6.644582563129987e-6,-7.914103261760873e-9
-2.4889999999999994,0.12706504897315588,4.447225620726441e-6
-2.4789999999999996,-3.844522474510725,8.691542006488465e-8
-2.4689999999999994,2.995307448938971e-6,-3.184089529268352e-9
-2.4589999999999996,0.12552916874920553,8.597305048970553e-6
-2.449,0.10821479411403906,9.94706996576311e-7
-2.4389999999999996,2.8411002404646745e-6,-1.795433423402813e-10
-2.429,0.10126744731469266,0.0009627211866636085
-2.4189999999999996,7.3690265587873375e-6,-9.831644341951175e-9
-2.409,-5.223440568029114,-4.428959107130765e-7
-2.3989999999999996,0.12520899849141676,3.256942914377634e-8
-2.389,-5.3273238391235,-1.2336898950197668e-8
-2.3789999999999996,3.511307380752291e-6,-3.436244758434457e-9
-2.3689999999999998,4.383325715482296e-6,-4.5030246012027324e-9
-2.3589999999999995,6.340837626369594e-6,-7.61755862708089e-9
-2.3489999999999998,4.192141895582474e-6,-1.034820894622327e-9
-2.3389999999999995,0.12574618988452882,4.888592277770304e-7
-2.3289999999999997,-4.29230671573512,-2.4060114829827025e-9
-2.3189999999999995,5.66152616153308e-6,-5.413721999879637e-9
-2.3089999999999997,0.05928459800124127,0.002774350993080524
-2.2989999999999995,0.12353014571968766,7.703134332905872e-6
-2.2889999999999997,0.12317979097888525,1.9024455693888434e-6
-2.2789999999999995,-4.834513415146173,-1.220947115885916e-7
-2.2689999999999997,-5.033544416804811,-6.080633371376744e-8
-2.2589999999999995,-2.2855076913372727,-2.933158043687283e-7
-2.2489999999999997,7.2052991373764045e-6,-9.897420239637503e-9
-2.2389999999999994,0.12453102869766494,2.2936460135388115e-7
-2.2289999999999996,-3.9992098421825197,-7.150805267404207e-7
-2.2189999999999994,4.260653561673252e-6,-4.383620863936974e-9
-2.2089999999999996,-2.5463103357038004,-6.929263155296625e-8
-2.1989999999999994,0.15984515129994267,7.780624533287448e-6
-2.1889999999999996,0.15912028136780884,9.878110181898277e-7
-2.179,-2.4785383028870367,-5.220986963539922e-9
-2.1689999999999996,0.07656760484548661,0.0028414322071635984
-2.159,3.1590569077629234e-6,-3.2539685042751515e-9
-2.1489999999999996,0.1558618866541834,0.00002938158231231565
-2.139,2.8180576183925523e-6,-4.065435712460915e-9
-2.1289999999999996,-2.2838294949783324,-4.701895947089762e-9
-2.1189999999999998,4.085273611168272e-6,-5.305620110315575e-9
-2.1089999999999995,6.927801937954588e-6,-9.791922963845996e-9
-2.0989999999999998,-2.491057854441041,-5.136434793215146e-9
-2.0889999999999995,-4.568290102025595,-4.618649772074615e-9
-2.0789999999999997,-2.261874139099907,-4.81070904698144e-8
-2.0689999999999995,-5.0187505181190835,6.442406343388372e-8
-2.0589999999999997,0.04562982261295875,0.00811045484364013
-2.0489999999999995,-4.857001064334309,-5.425467281600579e-9
-2.0389999999999997,0.12048972435165795,0.000798493991057712
-2.0289999999999995,0.1312735227959911,0.00041038845230758616
-2.0189999999999997,0.09997486348646986,0.0014154293214338884
-2.0089999999999995,7.248306700791205e-6,-1.0776742378576355e-8
-1.9989999999999997,-2.278360572637671,-3.4463052107418253e-9
-1.9889999999999994,-4.767612597003024,-2.3967358562119624e-7
-1.9789999999999996,-2.8815554330039803,-4.840952744111252e-7
-1.9689999999999994,8.061739646947493e-6,-1.3241780098584206e-8
-1.9589999999999996,0.13715398427382938,7.725503505413753e-7
-1.9489999999999994,-4.806785734332374,-1.195290055291984e-7
-1.9389999999999996,0.04036943872674744,0.0034125219799101443
-1.9289999999999998,3.4029289640751124e-6,-4.567460090691726e-9
-1.9189999999999996,-2.3609324914117864,-2.5840322640887454e-7
-1.9089999999999998,0.1641985000671895,0.000051988168649544434
-1.8989999999999996,0.164150637056904,3.12750405188685e-6
-1.8889999999999998,4.502507377395463e-6,-4.398300118383852e-9
-1.8789999999999996,2.672077046461417e-6,-3.85792160362886e-9
-1.8689999999999998,0.05013793061188193,0.00356023562497526
-1.8589999999999995,-4.658966088497305,1.7325487990404648e-7
-1.8489999999999998,-2.264557261889106,-9.119257119356789e-9
-1.8389999999999995,0.037833867675679964,0.006091072150859219
-1.8289999999999997,-2.2557460516978,-2.278130132599765e-9
-1.8189999999999995,7.179651907862181e-6,-1.1335447882527516e-8
-1.8089999999999997,3.955087669802999e-6,-5.799699885623036e-10
-1.7989999999999995,4.7741614768044e-6,-5.1744491241602605e-9
-1.7889999999999997,0.12004868710397296,0.0006360446453020105
-1.7789999999999995,0.13861011802570342,0.00004198077531536265
-1.7689999999999997,-1.9318255160352455,-9.528407420486291e-9
-1.7589999999999995,0.13705799090732246,1.9185128536552118e-8
-1.7489999999999997,-2.511441126079848,-1.325191099321127e-8
-1.7389999999999994,0.1355960951838254,4.757591547745755e-6
-1.7289999999999996,0.13449830601819113,0.00001872113105610838
-1.7189999999999994,-4.742225025347639,-9.815501003641343e-9
-1.7089999999999996,8.084222566867001e-6,-1.4665777179164644e-8
-1.6989999999999994,0.09888264581301191,0.0010281159258680294
-1.6889999999999996,0.13281798783567728,6.97358081669962e-8
-1.6789999999999998,0.13068049584190677,1.104666306540904e-6
-1.6689999999999996,0.1297664700164223,0.00007322371307079276
-1.6589999999999998,5.1297204640797125e-6,-7.088098079418167e-9
-1.6489999999999996,0.11265543401892837,0.0005256858431508665
-1.6389999999999998,0.047835923892960215,-2.5266648386284663e-7
-1.6289999999999996,0.12067467822232318,0.00012824189678163118
-1.6189999999999998,2.4079847954560714e-6,-4.290778652907544e-9
-1.6089999999999995,0.12333815177654908,2.498576277570171e-7
-1.5989999999999998,4.001382847154283e-6,-2.7851383666150997e-9
-1.5889999999999995,0.1205442403590569,0.000015670388155681266
-1.5789999999999997,-2.033087071457088,-1.2977848292653265e-8
-1.5689999999999995,0.11891868772442458,6.060998520933033e-8
-1.5589999999999997,-2.123178565606898,-1.115306252126395e-8
-1.5489999999999995,0.11714847774534547,4.526558538691981e-7
-1.5389999999999997,0.11713494275653137,1.154715851544371e-7
-1.5289999999999995,-2.34359643895068,-5.586739816836737e-9
-1.5189999999999997,-3.522395130579828,2.2951757340972687e-7
-1.5089999999999995,-1.9767490301309707,3.8341399833134146e-7
-1.4989999999999997,0.10212546540404928,0.00042717447701316963
-1.4889999999999994,0.11566999897935687,5.360556603748871e-8
-1.4789999999999996,-2.292463466917066,-6.883782147723079e-9
-1.4689999999999994,-2.4469360818144383,-8.130013348764286e-8
-1.4589999999999996,0.10768068444131235,0.00021032335625986406
-1.4489999999999994,0.11504418526069089,8.182860235046111e-7
-1.4389999999999996,0.11438330706691782,6.681165197440336e-6
-1.4289999999999994,0.067081215492963,-1.914839667781409e-8
-1.4189999999999996,0.09101000095641544,0.0007355448448756311
-1.4089999999999998,-2.2189918775381745,-3.30002441216756e-8
-1.3989999999999996,0.11502817623909842,0.000049066068330353685
-1.3889999999999998,0.11155458193514019,0.00009309071967305554
-1.3789999999999996,0.11505045632398103,9.330405422558259e-8
-1.3689999999999998,0.11477968803862204,2.2999421797135737e-8
-1.3589999999999995,0.08749550309395732,0.0006591155899278557
-1.3489999999999998,0.11012944750627562,0.00002299050874359888
-1.3389999999999995,0.04415565575863235,0.0018486128327742518
-1.3289999999999997,0.11035966073522033,0.000021382872444380818
-1.3189999999999995,-4.391182924299913,-1.2220313483726163e-8
-1.3089999999999997,-1.5745113020458292,4.0954127598455057e-8
-1.2989999999999995,2.0687820111982875e-6,-4.0160345438764105e-9
-1.2889999999999997,0.08916662270557078,0.00007595355092269014
-1.2789999999999995,0.07023659569326783,0.0010611388010633694
-1.2689999999999997,0.025223885853266435,0.002577300442511433
-1.2589999999999995,0.11340511365187177,6.343608820592161e-7
-1.2489999999999997,0.046119517013741146,0.0016392882107841328
-1.2389999999999994,0.13076932533197835,6.468275635413439e-7
-1.2289999999999996,0.10364161888313393,0.0005806773698874476
-1.2189999999999994,0.12785692848558253,2.0362475863290974e-8
-1.2089999999999996,3.4063770435202895e-6,-4.874299216669629e-9
-1.1989999999999994,0.10076912489425752,0.0005629117939731938
-1.1889999999999996,1.1436332833556493e-6,-3.8874463018512065e-9
-1.1789999999999994,0.12337337250719688,7.296233583525145e-8
-1.1689999999999996,0.1189226705315732,0.00007004945580471754
-1.1589999999999998,3.910397344702721e-6,-6.082295332370922e-9
-1.1489999999999996,0.0210665321716182,0.003998226682672339
-1.1389999999999998,0.11402580362360355,0.00003438459860474218
-1.1289999999999996,0.07572749895051505,0.0008471038135940056
-1.1189999999999998,0.10732089844855813,0.00012669290184512774
-1.1089999999999995,0.11009420251568779,0.000014751508895619737
-1.0989999999999998,3.6359814014163093e-6,-5.614924264997358e-9
-1.0889999999999995,0.026376491582728357,0.001970814771261921
-1.0789999999999997,0.10961643709565415,5.562611334415667e-8
-1.0689999999999995,4.1580657495883595e-6,-7.468607619545285e-9
-1.0589999999999997,0.10304097013018988,0.00010568339017251428
-1.0489999999999995,0.030193047935742793,-1.2062870915707005e-7
-1.0389999999999997,4.381337987701665e-6,-8.322649446567293e-9
-1.0289999999999995,0.08306058146117991,0.0003767487286927089
-1.0189999999999997,0.09780553468487622,0.000012937127014822124
-1.0089999999999995,0.02520366053239043,0.0016732116611782645
-0.9989999999999997,0.09539492058132754,8.986434993590485e-8
-0.9889999999999994,4.770503174522096e-6,-9.359781981220693e-9
-0.9789999999999996,0.015456822233543527,0.002557749329666254
-0.9689999999999994,0.09652662593027055,6.834057349094118e-7
-0.9589999999999996,0.08742532601694278,0.000166091988313918
-0.9489999999999994,0.06754774992971213,0.000591432233464217
-0.9389999999999996,-1.0041070672992605,-4.975683545619173e-9
-0.9289999999999994,3.426710690137736e-6,-6.73524551466052e-9
-0.9189999999999996,0.05114373014511516,0.001009943559442702
-0.9089999999999998,-1.0000078703784472,-2.8683023948743152e-8
-0.8989999999999996,-1.9703810455835122,-2.610325864719759e-9
-0.8889999999999998,2.004369367162441e-6,-2.7499980824110577e-9
-0.8789999999999996,0.09560109987182458,0.000018473217004701993
-0.8689999999999998,0.03293178351526409,0.00004486031102580903
-0.8589999999999995,0.09977794640297498,1.3456041183758722e-7
-0.8489999999999998,0.08392533974027763,0.00025916300247331146
-0.8389999999999995,0.07346387795233017,0.00045115026531610447
-0.8289999999999997,0.10028077371420899,8.525475806483603e-6
-0.8189999999999995,0.10230379606071585,4.7213565905181064e-7
-0.8089999999999997,0.10028031632337436,5.215212472577211e-7
-0.7989999999999995,0.09179232366112317,0.00010933844161710224
-0.7889999999999997,0.08352790464541286,0.0002096443096329659
-0.7789999999999995,0.09431447693458812,0.000015133977920129388
-0.7689999999999997,0.08037714680003309,0.00022375575820620308
-0.7589999999999995,0.05159684796813022,0.0006444262090486476
-0.7489999999999997,0.012394717416393001,0.0013527072034307834
-0.7389999999999994,0.08607163250004668,6.365682484016457e-6
-0.7289999999999996,0.07430840256843818,0.00018408978359442396
-0.7189999999999994,0.049179311557939864,0.0005743596578783755
-0.7089999999999996,0.009892796392682169,0.0022428869951871717
-0.6989999999999994,0.07875985932287687,1.6820844915185885e-7
-0.6889999999999996,0.05968854880816428,0.0002950608784295265
-0.6789999999999994,0.07473697729026753,0.0000387874961766877
-0.6689999999999996,1.1417891346211085e-6,-3.4133602294611815e-9
-0.6589999999999998,0.0703295186853983,9.772000353325049e-7
-0.6489999999999996,0.011165720738838734,0.0009617617837069136
-0.6389999999999998,0.06355060474962336,0.0000642281429122096
-0.6289999999999996,0.06833687445546612,0.0000154056218788514
-0.6189999999999998,0.043299645207909236,0.00039658087461237677
-0.6089999999999995,0.022877824725660807,-1.6802869513300904e-8
-0.5989999999999998,0.012731076386166681,0.0008551584121271067
-0.5889999999999995,0.04107719599141142,0.00032177605550324844
-0.5789999999999997,1.7413579497419968e-6,-1.1164757671604358e-9
-0.5689999999999995,0.04960016522643568,5.18863713782206e-6
-0.5589999999999997,0.0140003335814475,0.0007512849407824939
-0.5489999999999995,0.06098732898343093,-4.716920545999866e-6
-0.5389999999999997,0.05821864766955101,-4.580382893418247e-6
-0.5289999999999995,0.05537140478509841,-4.680187721425795e-6
-0.5189999999999997,0.05278440880745094,-1.4417636996566793e-7
-0.5089999999999995,0.04972528205975582,-1.7902058806898774e-6
-0.49899999999999967,0.04693261265990369,-2.668728816971449e-7
-0.4889999999999999,0.04381377244264762,-3.83178032605663e-6
-0.4789999999999992,0.04116343006860376,-8.41546631723922e-7
-0.4689999999999994,0.03841978175617731,-2.028142397061488e-7
-0.45899999999999963,0.035532115131577086,-2.5427860185039197e-6
-0.44899999999999984,0.03308207685894733,-1.637940790215215e-7
-0.43899999999999917,0.03250860117049902,0.000042829099573095625
-0.4289999999999994,0.02591571733298421,0.00012765927067411481
-0.4189999999999996,2.0714853494991956e-6,-6.402280376033614e-9
-0.4089999999999998,0.027868857421179633,0.00003257869623461401
-0.399,0.010241548880576969,-1.7421820589294153e-8
-0.38899999999999935,0.0024057851849486477,0.0006320256370518312
-0.37899999999999956,0.0022537294684854743,0.0002795767723140308
-0.3689999999999998,2.5060873710332406e-6,-1.1661397323393024e-8
-0.359,3.558421261355593e-6,-1.3222651959471497e-8
-0.3489999999999993,9.114605680162206e-7,-2.366459360420776e-9
-0.3389999999999995,0.0014123506709010085,0.0003459754869239315
-0.32899999999999974,-0.802898750024208,-4.074572540037332e-9
-0.31899999999999995,0.003898758501515121,-2.119257350771357e-7
-0.3089999999999993,3.1833246634150566e-6,-1.382276090746117e-8
-0.2989999999999995,0.0059955529735828,-1.031699920632865e-7
-0.2889999999999997,0.005014592958788324,-3.251835855292622e-7
-0.2789999999999999,2.0621241974577698e-6,-1.0579659335202089e-8
-0.26899999999999924,8.623139295225361e-7,-3.588319965437822e-9
-0.25899999999999945,8.138034671156771e-7,-3.8709794947722835e-9
-0.24899999999999967,-0.3100905920597606,-3.0063684607441974e-17
-0.23899999999999988,0.0038831144217591936,4.473129602780275e-7
-0.2289999999999992,0.0028336205939411903,2.1275746828229896e-7
-0.21899999999999942,5.085181142384067e-7,-3.697738449957881e-9
-0.20899999999999963,0.0012353619071513188,6.892492692965944e-8
-0.19899999999999984,9.020080313599064e-7,-1.047415415054265e-8
-0.18899999999999917,1.9941060717895374e-6,-9.21413332093105e-9
-0.17899999999999938,7.649135178530079e-7,-1.2960967738744725e-8
-0.1689999999999996,-2005.516363062925,-7240.865052599161
-0.1589999999999998,-946.8725326479613,1087.6260457276164
-0.14899999999999913,-0.3636487532012721,0.0644125507803221
-0.13899999999999935,-0.37397889870475576,0.10043813085711989
-0.12899999999999956,-0.3663808593329739,0.11625225243738847
-0.11899999999999977,-0.42880003857784293,0.2165188482338262
-0.10899999999999999,-0.4420541253304631,0.2566224142863261
-0.09899999999999931,-0.4693785041167082,0.31178982102088726
-0.08899999999999952,-0.8092221435020533,0.711351243555278
-0.07899999999999974,-0.819935923692914,0.7425740009757219
-0.06899999999999995,-0.8802763392659638,0.8273669740923331
-0.058999999999999275,-0.9494521115245851,0.9210769287828104
-0.04899999999999949,-1.2727279361567145,1.2891488301230307
-0.0389999999999997,-1030.3391793587573,0.008410026199521803
-0.028999999999999915,-6.351538380238134,6.808999242158124
-0.01899999999999924,-7.274996302874936,7.823176098852857
-0.008999999999999453,33151.75148515936,51676.16349266944
0.001000000000000334,1.3860659312447077,1.9556908437969057e-21
0.01100000000000012,-0.20506534339082047,-0.09078495065343538
0.021000000000000796,1.9589766433028246,4.717542964561716e-16
0.031000000000000583,-0.21899086623059075,0.0753624619570516
0.04100000000000037,-0.2265870332718623,-0.06813739858018394
0.051000000000000156,-0.2344846773562912,-0.061255255333355525
0.06100000000000083,-0.2426098872302951,0.05470539616486124
0.07100000000000062,-0.25090398709785566,0.04846712321953313
0.0810000000000004,-0.2593219000600387,0.04251534532756434
0.09100000000000019,-0.2678296503946252,-0.03682410727785737
0.10100000000000087,-0.27640187555417695,0.03136853627189868
0.11100000000000065,-0.2850197051336967,0.026125767036018977
0.12100000000000044,-0.2936690863526811,-0.021075267203078563
0.13100000000000023,3.8289672071236676,1.9097673756192242e-22
0.14100000000000001,2.859728161268027,1.8858319473596255e-24
0.1510000000000007,7.931696270761152,3.509783525305604e-17
0.16100000000000048,0.15498510768502435,-3.4478901356675807e-25
0.17100000000000026,0.1654410568691436,2.212002142821667e-15
0.18100000000000005,0.1758732981089007,1.2025679376679494e-21
0.19100000000000072,0.18628095421155974,2.409622966651894e-25
0.2010000000000005,0.19666381101901323,-8.668031276179052e-16
0.2110000000000003,-0.3739262201742023,1.735370565475958e-18
0.22100000000000009,-0.3930466056334499,-4.363674792072133e-14
0.23100000000000076,-0.3933946564111846,-5.521157029500013e-20
0.24100000000000055,-0.40328099824398583,-1.3353847127968268e-14
0.25100000000000033,2.2128911731259917,-3.56600454991046e-14
0.2610000000000001,5.744040854084328,-1.7037160872650255e-19
0.2710000000000008,-0.43376309896489423,-1.2203035318770794e-13
0.2810000000000006,-0.44421587718696076,-2.0709771174054287e-16
0.29100000000000037,-0.4546420084559821,-2.567533746060989e-13
0.30100000000000016,-0.4611293420036328,1.0960048412629312e-19
0.31100000000000083,-0.4826882325153575,-1.0622100563441475e-16
0.3210000000000006,-0.48697907643113175,2.733233213139485e-20
0.3310000000000004,-0.4981337836496002,-2.8546023419162976e-15
0.3410000000000002,-0.5090856493785616,-1.7172760776258593e-19
0.35100000000000087,-0.520548972860506,1.9574409334064563e-18
0.36100000000000065,-0.5318890639631677,3.681012994059102e-13
0.37100000000000044,-0.5420602619894891,5.144363574129377e-15
0.3810000000000002,-0.5549629409708474,-1.171023576509664e-13
0.391,-0.5667254277492539,3.5621580842442e-20
0.4010000000000007,-0.5788550528739933,1.0973618389338117e-18
0.4110000000000005,5.134824667864089,2.2025236188178927e-14
0.42100000000000026,5.872531687585475,-4.699288773244142e-14
0.43100000000000005,-39.85388225901487,2.2151811852721172e-16
0.4410000000000007,5.9052972294431765,4.038310541383132e-14
0.4510000000000005,5.810072123141183,2.683656634870453e-21
0.4610000000000003,5.903509034124889,4.794889325517351e-19
0.4710000000000001,5.924363823250864,3.909104842972462e-16
0.48100000000000076,6.796138796382104,-1.3299442872454505e-17
0.49100000000000055,5.973076067087373,5.615757366869829e-16
0.5010000000000003,6.0429203989153235,2.8189471131529724e-23
0.5110000000000001,6.267499091741132,1.5077290561806636e-16
0.5210000000000008,5.106934263785156,3.4770050459671184e-16
0.5310000000000006,6.283845509720119,8.158943609765253e-17
0.5410000000000004,6.195892656855544,3.051932658801287e-14
0.5510000000000002,53.44747681731617,-3.3530340730849487e-16
0.5610000000000008,54.417237195769836,-8.783321045401144e-19
0.5710000000000006,6.294067068680342,2.2031347750690765e-22
0.5810000000000004,59.509066314177076,-7.072812146034449e-16
0.5910000000000002,6.366903297804172,-2.4903846528622485e-23
0.6010000000000009,5.19247417925775,-6.908355597688598e-22
0.6110000000000007,-0.8089748386414293,2.5449867803764533e-16
0.6210000000000004,6.490746012288132,4.1560231810338537e-22
0.6310000000000002,6.494633395112267,5.517359305336641e-17
0.641,6.532959425891094,-9.135524921326906e-18
0.6510000000000007,6.324007449722248,-2.998710060418546e-21
0.6610000000000005,6.568166644640008,1.2548118856360065e-22
0.6710000000000003,6.639372339728565,3.5467769315794946e-15
0.681,66.05437206086505,-6.654486022001055e-23
0.6910000000000007,70.77302752300201,-9.647381673585911e-17
0.7010000000000005,67.99389599192553,1.1229852262008646e-16
0.7110000000000003,68.96365808009742,3.184897793818827e-23
0.7210000000000001,6.713589931698255,2.0432005232338324e-18
0.7310000000000008,74.86901633081409,-4.997981367152206e-22
0.7410000000000005,75.89301372280727,-1.0662238865478045e-19
0.7510000000000003,72.84270717365936,1.2792758128367798e-21
0.7610000000000001,73.81246961756557,8.256645883931795e-16
0.7710000000000008,6.724149799753645,2.9701294112132548e-18
0.7810000000000006,6.924793855465703,-1.3231220052834943e-16
0.7910000000000004,6.723371777963701,6.174001264562105e-18
0.8010000000000002,6.9526763429713405,-1.3903641900084124e-23
0.8110000000000008,11.961707645094755,-3.5905484609334364e-15
0.8210000000000006,7.508677908170733,-3.505607333377129e-18
0.8310000000000004,15.926108185903859,-3.657405444785237e-19
0.8410000000000002,7.028191472685617,-5.3480556313711495e-17
0.8510000000000009,7.0816568295692495,-1.688445024531718e-20
0.8610000000000007,-1.0608990924433168,-4.4870814609135325e-20
0.8710000000000004,7.491517783824442,5.622104386427041e-23
0.8810000000000002,7.4618196040376,7.28371282764639e-18
0.891,7.414450504220136,-5.625180387137219e-16
0.9010000000000007,15.910175680772008,-8.872914052364571e-16
0.9110000000000005,7.2611046441629155,7.797367839149037e-13
0.9210000000000003,7.6078699969476205,2.681455394040103e-16
0.931,9.983044902446936,2.981518585688732e-14
0.9410000000000007,7.3281495930917195,-1.8926005676091466e-14
0.9510000000000005,7.430667803488966,-3.98134185711058e-19
0.9610000000000003,7.389357028028617,-0.0662771410935103
0.9710000000000001,7.446982534796468,-0.0690381494351229
0.9810000000000008,10.862184043531832,-6.529446959381063e-15
0.9910000000000005,7.451937834056722,-2.942306500397087e-14
1.0010000000000003,7.39908688753909,-4.81280289646284e-16
1.0110000000000001,9.768372193437036,-9.1979618710556e-18
1.0210000000000008,9.726000070015159,-9.347926393368303e-14
1.0310000000000006,7.771292222416727,-0.07305625085747885
1.0410000000000004,16.018001978159685,2.246399675904595e-16
1.0510000000000002,7.610335028699993,4.658326790471154e-21
1.0610000000000008,7.171853153886528,-2.2619311720593678e-17
1.0710000000000006,7.807090474903889,4.820178530976827e-21
1.0810000000000004,7.737868451537235,-1.203949464363303e-13
1.0910000000000002,7.785704733970572,-2.708721301991093e-19
1.1010000000000009,9.798508695833663,-2.114887505732168e-13
1.1110000000000007,8.316026323313714,-0.08497232540397318
1.1210000000000004,8.375948128053643,-0.08782377896155796
1.1310000000000002,8.786904020557353,3.59703333132234e-15
1.141,7.869209607002513,-1.3122669907742639e-14
1.1510000000000007,7.915428365048644,-2.9904736517683453e-15
1.1610000000000005,7.897575191241188,-1.4087310182670131e-15
1.1710000000000003,13.486413177623799,1.6494718671340052e-18
1.181,10.510372764873534,-1.583210470978379e-15
1.1910000000000007,8.227928171116634,0.08367747662366504
1.2010000000000005,8.016207084127,3.603204604784349e-21
1.2110000000000003,8.710889273239728,-0.09457414681420345
1.221,8.090705165623039,5.995172417245886e-14
1.2310000000000008,8.12958860494456,4.116729249844682e-16
1.2410000000000005,13.367438063531628,1.4657422931787943e-18
1.2510000000000003,7.982678287519536,-8.614398937155812e-10
1.2610000000000001,8.252149052775943,-1.9359057982997597e-20
1.2710000000000008,8.209510312628408,4.1979521120392385e-15
1.2810000000000006,8.332867843647723,-1.754804734418152e-9
1.2910000000000004,11.958830569785711,-2.4031696217834205e-17
1.3010000000000002,8.705703999431881,-0.09674986950258965
1.3110000000000008,8.417081031652538,8.097921693999763e-21
1.3210000000000006,8.504511932953259,-3.841011700974518e-18
1.3310000000000004,8.596995218495453,-2.3992978908175436e-15
1.3410000000000002,8.633253422860774,4.641519736543073e-22
1.3510000000000009,8.657056870875202,1.5619051170815738e-18
1.3610000000000007,9.225957405850743,-8.775460083083763e-18
1.3710000000000004,10.337658441587081,-2.3806405199166615e-21
1.3810000000000002,14.349893321138627,1.161324400840856e-16
1.391,14.697575568961899,-3.918765961233815e-17
1.4010000000000007,14.724786741173782,3.016171790352153e-16
1.4110000000000005,9.273616784587947,-1.2514671624205023e-14
1.4210000000000003,8.796464006991599,-3.7869588243920404e-16
1.431,8.651759827672446,-0.012427830927608813
1.4410000000000007,8.72043302443033,0.004043209912802735
1.4510000000000005,9.469538331831195,8.310923102494649e-18
1.4610000000000003,10.17309429606579,4.566266087740359e-14
1.471,12.502313381230076,-2.3500663885279967e-14
1.4810000000000008,23.88116139379887,2.2803158621717726e-18
1.4910000000000005,22.15405816599999,-1.9417128646938234e-19
1.5010000000000003,20.61697337212093,-1.53379145010616e-18
1.5110000000000001,18.461884983879095,1.188229223678016e-16
1.5210000000000008,17.200575761559165,2.3333181804729696e-21
1.5310000000000006,15.672713420954722,-1.1762644726442339e-14
1.5410000000000004,9.424268672769209,0.4672333765743599
1.5510000000000002,14.984928086544397,-2.082042527268016e-18
1.5610000000000008,16.015414035159022,2.255006016431193e-14
1.5710000000000006,13.511093434154244,-7.090254084268278e-14
1.5810000000000004,10.065133846718918,0.12953952549495795
1.5910000000000002,10.25519482929068,0.13283804487113782
1.6010000000000009,23.611269885872204,1.264821215819036e-16
1.6110000000000007,11.217352740205948,0.0001711616782534092
1.6210000000000004,11.644886051015218,1.7703510515461862e-17
1.6310000000000002,10.898270316992747,-0.15235892690574543
1.641000000000001,9.683731259743075,-0.24091277275779793
1.6510000000000007,9.73611224013797,-0.2438630196503328
1.6610000000000005,9.785371053295401,-0.24736711281184226
1.6710000000000003,19.014184394513844,2.6023530684892403e-16
1.681,19.769762157988335,1.496036533456901e-20
1.6910000000000007,13.943883622212665,1.116240114244699e-16
1.7010000000000005,15.6216372538352,-1.0283502323544518e-16
1.7110000000000003,11.378282140410226,-1.3315790914651833e-16
1.721,14.269685818848926,7.379958058836084e-16
1.7310000000000008,10.457122939994047,-0.582784597618883
1.7410000000000005,10.51820749378268,-0.5901597706800099
1.7510000000000003,10.579486038460786,-0.5975582132857229
1.7610000000000001,10.640958911192902,-0.6050126843678478
1.7710000000000008,10.89459430094217,0.15062549130296243
1.7810000000000006,10.987579042940501,-1.3385874504201197e-16
1.7910000000000004,24.974485520326425,3.7585214568921396e-20
1.8010000000000002,14.638151200116477,7.312659035455199e-15
1.8110000000000008,10.33307402021726,0.000027249440500436064
1.8210000000000006,28.496958875461427,4.811366714851793e-21
1.8310000000000004,11.987303513536984,-0.18272960914883973
1.8410000000000002,10.431325309143888,0.2824721122892686
1.8510000000000009,18.78235806605583,-2.8110405058461676e-16
1.8610000000000007,16.004931248735915,-6.64606056748064e-19
1.8710000000000004,10.582389033513314,0.29106883316709653
1.8810000000000002,14.260777130631302,3.647171756482116e-18
1.891000000000001,11.472321722145834,-0.710695166545861
1.9010000000000007,11.53659755205625,-0.7193525546293336
1.9110000000000005,11.60107808566282,-0.7280808378003043
1.9210000000000003,11.66578239052298,-0.736801113288984
1.931,11.730723642635954,-0.745607107066854
1.9410000000000007,11.79586575469197,-0.7545440850119587
1.9510000000000005,10.962081602320213,0.3126078899809863
1.9610000000000003,15.209145227490097,-7.755568756579101e-17
1.971,17.79322036753942,-1.4930827151103266e-23
1.9810000000000008,17.111423501210496,1.1647198050741874e-22
1.9910000000000005,12.123655812948485,-0.8000892132135067
2.0010000000000003,11.315388113168954,0.3349551752759885
2.011,141.44985001176062,-2.051891434068424e-21
2.021000000000001,142.15318208573817,6.666686238506467e-17
2.0310000000000006,137.95034910716922,-2.276013595134611e-24
2.0410000000000004,19.823016673765647,-5.941923642833473e-16
2.051,93.10446307802923,5.961075967669567e-17
2.061000000000001,20.017248374210823,-6.533646422092198e-14
2.0710000000000006,136.75234258961868,-2.9572052569793907e-18
2.0810000000000004,125.9269446650541,8.168260243110967e-27
2.091,94.92012412636171,7.674407175233045e-19
2.101000000000001,13.046006001086406,-1.8723169523929403e-16
2.1110000000000007,136.71102140306124,-7.578539430242335e-19
2.1210000000000004,12.056038732072023,0.3834716102410607
2.1310000000000002,168.86619835719029,1.156550571566046e-19
2.141000000000001,33.50422617370655,-1.591346657740554e-18
2.1510000000000007,19.634033894741556,2.7887405219988595e-16
2.1610000000000005,13.771849325274262,0.2503091310886225
2.1710000000000003,177.9746651642081,1.4529835233686526e-18
2.181,12.10681480238888,0.38557317468423735
2.1910000000000007,15.739162789849045,1.5212133585137848e-17
2.2010000000000005,13.175293741922696,-5.5139607872610576e-17
2.2110000000000003,24.742853091048403,-8.430845472014984e-14
2.221,19.275279732068952,-2.586582668291772e-21
2.2310000000000008,182.89314310519396,-3.188664878533764e-20
2.2410000000000005,183.7128894343908,-1.4601491848049857e-17
2.2510000000000003,47.53657850197665,2.9970684219421194e-19
2.261,12.554388838865094,-0.41686945843071155
2.271000000000001,166.1178711209781,2.6823659229221406e-18
2.2810000000000006,150.61843167874994,1.2508003726043522e-17
2.2910000000000004,126.41270834342575,5.978937097205989e-23
2.301,16.420236988227646,-0.16810805650442545
2.311000000000001,12.419518957344144,5.658099930303078e-20
2.3210000000000006,157.64664781657748,4.9192039248648587e-20
2.3310000000000004,20.415952878599573,1.3385186765560405e-16
2.341,16.70500171756485,2.2709601667992845e-13
2.351000000000001,21.53157622631195,-7.554928737737977e-14
2.3610000000000007,28.298290799667523,-1.6231730812745596e-18
2.3710000000000004,14.889086382483715,2.306854630575261e-18
2.3810000000000002,174.1635825600707,1.9987571622841695e-19
2.391000000000001,174.89501088574005,2.190608421200636e-21
2.4010000000000007,175.62643921346205,3.5654934648918634e-19
2.4110000000000005,18.502895497579072,1.2565000824320375e-15
2.4210000000000003,20.321996179692622,8.243463557322972e-20
2.431,17.463071655651444,-1.2152145394605835e-16
2.4410000000000007,17.056333099483687,8.32667998197264e-18
2.4510000000000005,15.942544237088038,2.5834746932058212e-17
2.4610000000000003,13.526030209406297,0.48703351606865375
2.471,14.206208339211809,0.5405896586706922
2.4810000000000008,16.235164846600664,2.2820667262937952e-17
2.4910000000000005,17.12926534481685,1.3600494784641736e-16
2.5010000000000003,17.6099411260642,4.162665858277533e-15
2.511,19.345168567825166,3.756969685450036e-17
2.521000000000001,18.783955847363533,6.44887698848653e-14
2.5310000000000006,19.423751224061114,-8.409020528275547e-22
2.5410000000000004,20.744118878385706,-7.867014184155416e-15
2.551,16.902288527423536,-3.3673665960884395e-19
2.561000000000001,26.09746748086781,4.471303901920227e-17
2.5710000000000006,35.31235957441825,-1.9602855265804786e-14
2.5810000000000004,36.46008795832668,-1.3957272169962401e-16
2.591,16.793497194092396,-2.2649210369821767e-21
2.601000000000001,21.39534655300804,2.5260867841427857e-17
2.6110000000000007,25.939964255095134,-3.862010265020484e-14
2.6210000000000004,27.545663426143967,1.1865663090176352e-17
2.6310000000000002,14.316431046267056,0.5478260362720634
2.641000000000001,15.242102859623767,4.574661592874194e-18
2.6510000000000007,15.602392188018827,8.784929604731005e-20
2.6610000000000005,14.247822056209829,-0.2663899681642434
2.6710000000000003,14.519826586723987,0.564022275735124
2.681,15.424365614952734,-1.2515674268798954e-17
2.6910000000000007,19.752981333671553,-3.7357145868467227e-16
2.7010000000000005,21.10194711780745,3.976308045050024e-21
2.7110000000000003,21.355730644174752,4.633631507296011e-15
2.721,22.639958015095477,-2.933622548145728e-21
2.7310000000000008,22.387353595639155,-3.768000398032757e-15
2.7410000000000005,23.901033461138226,-1.2013280046313816e-15
2.7510000000000003,24.947728831497653,-7.458435799538357e-15
2.761,24.181840645895047,1.193290227037966e-13
2.771000000000001,25.92885292946002,7.319957090959741e-24
2.7810000000000006,17.021323332593635,-0.3322382794475227
2.7910000000000004,45.31167322653071,1.1403844334940012e-16
2.801,26.604513671604252,-7.916222600035692e-16
2.811000000000001,20.77551902571188,4.27190025944454e-21
2.8210000000000006,16.429423404513738,0.013776521212646577
2.8310000000000004,17.162286698278653,2.490571063086231e-16
2.841,26.192058285714346,-2.65420845447147e-17
2.851000000000001,34.17088944971988,-2.0203714805474725e-22
2.8610000000000007,18.682522649313093,0.18065241625638062
2.8710000000000004,21.6962634146602,-8.232154323722222e-14
2.8810000000000002,32.393366944839,1.1604552532819637e-13
2.891000000000001,16.802890973235016,-1.9098310560055905e-19
2.9010000000000007,28.174987603975236,-6.8314025200136955e-18
2.9110000000000005,15.779067167806739,-9.664728117871206e-16
2.9210000000000003,20.016514983725713,-5.4979690696561985e-15
2.931,24.490325463015623,-1.4868547438392377e-18
2.9410000000000007,19.328765851716206,-1.0076456334024736e-19
2.9510000000000005,27.85411194121651,3.6805719706345465e-16
2.9610000000000003,20.51343851017175,-1.5251590391937793e-15
2.971,31.39035975054982,-1.055065543201891e-19
2.9810000000000008,33.9190363570816,-5.314746749606728e-20
2.9910000000000005,34.245546414665114,1.4788927200842828e-17
3.0010000000000003,37.4779379489365,5.620608706150742e-22
3.011,24.471771946464415,6.521998032037762e-21
3.021000000000001,42.42339419269168,-7.668107914160189e-23
3.0310000000000006,19.458972820282796,9.429031132475666e-16
3.0410000000000004,16.163806697719973,-0.32540785951727924
3.051,18.439527613121452,1.4922756832177507e-14
3.061000000000001,16.2536388619494,-0.32598266841623075
3.0710000000000006,17.775337349156906,2.055307454858608e-14
3.0810000000000004,18.021261398043254,4.1621651928912206e-17
3.091,37.76593720963755,-1.2632951009242545e-14
3.101000000000001,-3.8188721126652654,6.092155869579346e-7
3.1110000000000007,21.087416123017963,3.618657848166834e-16
3.1210000000000004,34.554636499030906,-3.604392869121327e-20
3.1310000000000002,229.0207113509567,-2.8800442951163745e-16
3.141000000000001,229.7521397803126,3.66226150893958e-23
3.1510000000000007,230.48356821057195,-1.4716421524354802e-18
3.1610000000000005,240.83530721109574,-4.214154025595228e-21
3.1710000000000003,17.73718022340279,-1.9319372636482462e-14
3.181,22.397585000089663,-2.749772883963784e-17
3.1910000000000007,600.6026014530157,7.965515098689525e-17
3.2010000000000005,602.484698526824,-3.125401513638313e-15
3.2110000000000003,16.36562380696618,7.758676723587116e-18
3.221,18.688870728073724,2.5755393492567954e-16
3.2310000000000008,-3.6547462152562735,4.453786320095033e-9
3.2410000000000005,-3.9365138457512967,1.2080219519337693e-7
3.2510000000000003,-4.062209500589007,-4.598173773974328e-9
3.261,-3.9001544592148814,7.386659283289088e-8
3.271000000000001,-4.21851874378073,2.4802168106906467e-6
3.2810000000000006,1312.832668237276,-1.3919255612692659e-18
3.2910000000000004,1316.8338233950635,1.23049796634685e-17
3.301,1320.834978553667,-8.721067127477553e-17
3.311000000000001,1324.8361337130805,5.62827178933648e-21
3.3210000000000006,1328.837288873294,1.290914700620325e-17
3.3310000000000004,41.59890892677755,-1.7274480715838777e-17
3.341,19.281752323696054,1.1883598585673224e-19
3.351000000000001,34.635406893466715,-9.448968400159687e-21
3.3610000000000007,31.131108510224525,4.41658995313875e-15
3.3710000000000004,27.39748145749965,-2.3177351717747972e-17
3.3810000000000002,28.89698814452366,-1.8255634159628471e-22
3.391000000000001,28.046123870116613,-5.796742085038679e-16
3.4010000000000007,22.79666840168682,-0.22448361438241882
3.4110000000000005,40.35415461689913,-1.802106344866122e-16
3.4210000000000003,45.54218689849144,-2.457823202561902e-15
3.431000000000001,50.59711279924343,-3.463702430753617e-17
3.4410000000000007,23.186513900303922,1.4937008665156578e-21
3.4510000000000005,31.15276651141634,1.8404935227616137e-14
3.4610000000000003,27.7956901537872,3.6883276189497447e-22
3.471,26.41570956605886,2.4048867476639495e-16
3.4810000000000008,18.27611934095802,-0.00006243679170789104
3.4910000000000005,18.22643577335779,0.364912435179318
3.5010000000000003,21.73852485926106,-5.006608174316602e-19
3.511,23.624382547913996,-1.323221943726451e-20
3.521,21.721038571774468,1.581149326367956e-17
3.5309999999999997,27.695601576780486,-1.6386709962713756e-21
3.5410000000000013,25.86574559350413,1.0096249505925165e-18
3.551000000000001,19.437931636919124,1.2447701690701735e-18
3.561000000000001,21.02532054539089,-1.1388373774983768e-16
3.5710000000000006,197.03618932035843,4.1217548644038425e-14
3.5810000000000004,203.72728466414083,1.0278360227644886e-17
3.591,188.49797992801277,-1.6503002691304315e-19
3.601,129.424623556018,-2.9069704194052714e-17
3.6109999999999998,29.478746371239897,3.443579243515582e-17
3.6210000000000013,29.179615478333957,-3.2676809793914973e-19
3.631000000000001,29.006049593686768,-6.61481590798782e-19
3.641000000000001,25.036690789134266,6.168777767627849e-17
3.6510000000000007,29.25144798995154,4.997606752885534e-22
3.6610000000000005,29.401858275245893,-2.2375881804412956e-24
3.6710000000000003,27.351996619203156,-3.3088896634804686e-21
3.681,23.94249024273059,1.6044767250169812e-19
3.691,19.20951534470423,0.38397488242327416
3.7009999999999996,25.36123343324514,-1.1206946346132164e-17
3.711000000000001,28.89689726445297,5.363656514481085e-22
3.721000000000001,32.98826910540185,-6.224996445060865e-22
3.7310000000000008,30.066006669866514,-5.673127515977372e-20
3.7410000000000005,51.7695656936313,1.8612113026848383e-26
3.7510000000000003,21.159044423653874,-0.4191184520440905
3.761,36.33430962791081,-1.3066077909021569e-20
3.771,36.62408335530653,2.5122924546453266e-19
3.7809999999999997,-4.736401985019031,1.2677998586330434e-23
3.7910000000000013,-4.938886796215992,-8.564333278069972e-21
3.801000000000001,-4.708928821194519,-1.2357001149647694e-28
3.811000000000001,-4.673163719128985,-1.1412691051847e-15
3.8210000000000006,-4.533435655353052,2.4764146138560717e-6
3.8310000000000004,-4.40780230250144,4.5278799902618376e-8
3.841,-4.368213310469952,0.01404121417809924
3.851,-4.4991004274991955,-7.038837698870602e-8
3.8609999999999998,-4.863497455531311,-3.716006930675491e-22
3.8710000000000013,-4.580214278648732,6.8101687929377994e-9
3.881000000000001,-4.484153897919068,0.007974450311333876
3.891000000000001,-4.7878427906384164,2.6745708182042218e-6
3.9010000000000007,-4.789698541589318,1.5345328229648907e-15
3.9110000000000005,-4.711588718005333,-9.974790967667878e-9
3.9210000000000003,-4.639374855791512,-5.255827646815649e-7
3.931,-4.837965927942518,7.051689699646667e-16
3.941,-4.4700013921675295,2.8890079864525645e-9
3.9509999999999996,-4.7184737579319025,-1.482383482730894e-9
3.961000000000001,32.33586926356956,3.5437062115321856e-16
3.971000000000001,20.282245389249855,0.00003232194314282471
3.9810000000000008,119.90282116222656,3.552511466021161e-15
3.9910000000000005,55.22902280142046,-2.809140132576588e-16
4.001,26.792434254364508,1.7932057116962306e-15
4.011,-4.848735279805398,-7.61906250482211e-11
4.021,34.895591260457095,-1.1690673593815082e-17
4.031,-131.00759223027188,-1.056972113734469e-18
4.041000000000001,-4.688618903318021,-2.1718497814580262e-8
4.051000000000001,-4.977208805089289,3.506110735336452e-26
4.061000000000001,-4.798822423754715,-5.3496048013244075e-8
4.071000000000001,-4.974568551023067,-9.738392751502733e-31
4.081,-4.8510959751782,-9.33940745539711e-10
4.091,-4.8824834525877305,-1.889969563802705e-9
4.101,-4.721420847425349,-4.000057202417555e-8
4.111,-4.7698372654926535,1.6495206932432263e-7
4.121000000000001,-4.747185902577287,-0.008915755699931138
4.131000000000001,-4.9159515998962515,-1.4194991150736575e-8
4.141000000000001,-4.968558877302868,-2.1652472046659063e-9
4.151000000000001,-4.937273818277767,-1.4733800060637357e-8
4.1610000000000005,-4.995587745238933,-4.110921811357652e-9
4.171,-4.9635522100919935,-9.105398800720033e-9
4.181,-5.019599244195138,-1.39923091335921e-10
4.191,-5.035960722689744,-2.7987384435195113e-6
4.201000000000001,-5.04927740545452,1.3976525375180556e-6
4.211000000000001,-5.05817795797097,-5.127950373906401e-9
4.221000000000001,-5.076044827311235,1.0225738923347496e-14
4.231000000000001,-5.04628053172868,-1.3364149208042797e-8
4.2410000000000005,25.99367721773006,8.125712031389496e-16
4.251,53.08768031658977,-1.2658751779226879e-15
4.261,25.894201205808326,-0.5129896337250972
4.271,24.174177737494695,2.753033663852873e-14
4.281,36.682465303280146,-1.790324649067334e-16
4.291000000000001,25.62038055991638,5.890724258510637e-19
4.301000000000001,25.312719225672154,-3.086490644737258e-20
4.311000000000001,27.940819328837712,-3.7549216056404e-19
4.321000000000001,39.440839027010036,2.6639142541860797e-16
4.331,23.002086600632705,-0.9187656459222848
4.341,29.069132625744366,-2.0232743917434578e-18
4.351,-5.151263901859259,5.1631636515088046e-6
4.361,156.73927281246813,2.6611121478078076e-17
4.371000000000001,36.367939685381245,5.723913792498724e-15
4.381000000000001,172.54974663106466,4.859164567027378e-22
4.391000000000001,26.28375676843538,2.5802369197088804e-22
4.401000000000001,24.51794980773195,7.653712635941151e-15
4.4110000000000005,-5.171345753268824,-3.161608996932599e-8
4.421,31.546769079899118,-7.860473510301234e-15
4.431,22.51494437270267,-0.44968194717982224
4.441,25.136353807202443,8.029396917913702e-18
4.451000000000001,36.174614630237784,-1.1097820091456708e-18
4.461000000000001,41.741593792325865,-1.2813851133013705e-21
4.471000000000001,23.482317008195345,0.466122760051921
4.481000000000001,26.207139802813234,-0.5108856320224222
4.4910000000000005,24.82452118094148,-0.4896030974093232