-4.499,1.2250803734801257e-9,9.627912884854583e-11
-4.489,5.686457271654364e-10,9.530828412160271e-11
-4.479,5.587199110363222e-10,9.520402536940597e-11
-4.468999999999999,5.481643905892227e-10,9.490187372276461e-11
-4.459,5.369741171061184e-10,9.439509475034554e-11
-4.449,5.251572136762599e-10,9.368025030660037e-11
-4.439,5.127056250677149e-10,9.275092189077234e-11
-4.428999999999999,4.99631521880586e-10,9.160531800360964e-11
-4.419,4.859313743678556e-10,9.023898537289076e-11
-4.409,4.716138803495799e-10,8.865077353546151e-11
-4.399,4.5716541361961e-10,-8.528413676974463e-11
-4.388999999999999,1.390890021288734e-10,-1.089986149452618e-11
-4.379,4.282831532996258e-10,8.032879087702112e-11
-4.369,4.1383713678616506e-10,-7.739437094090371e-11
-4.359,3.989381464367695e-10,-7.380034856153853e-11
-4.348999999999999,3.8339097865727357e-10,-7.018814159743047e-11
-4.3389999999999995,3.672103962267314e-10,-6.656038132168088e-11
-4.329,3.504114728424744e-10,-6.291911626217177e-11
-4.319,3.3301394028398097e-10,-5.926677207633555e-11
-4.308999999999999,3.1503242635785724e-10,-5.5603703163753294e-11
-4.2989999999999995,2.964997710151824e-10,-5.193267124943367e-11
-4.289,2.7743675037369303e-10,-4.8253778891345954e-11
-4.279,2.578725666520497e-10,-4.456753372897951e-11
-4.268999999999999,2.378449257198862e-10,-4.087546545128599e-11
-4.2589999999999995,2.1739141036333452e-10,-3.7177970670514335e-11
-4.249,1.965535145655744e-10,-3.347574142746338e-11
-4.239,1.7537722342927455e-10,-2.976929846764019e-11
-4.228999999999999,1.5391424381638595e-10,-2.6059672780412935e-11
-4.218999999999999,1.322185892704002e-10,-2.2347701591268408e-11
-4.209,1.1035496452730632e-10,-1.8635647251764957e-11
-4.199,8.838527538670165e-11,-1.492490214307602e-11
-4.189,6.637895587161043e-11,-1.121782277595232e-11
-4.178999999999999,4.4412278203760565e-11,-7.517880631406821e-12
-4.169,2.2566889435876374e-11,-3.829376016908686e-12
-4.159,9.276249565029455e-13,-1.5734352366348922e-13
-4.149,2.5468589980529555e-15,-2.0965471413770847e-16
-4.138999999999999,2.0816805543632065e-15,-1.8430348145432545e-16
-4.129,1.5965944546433427e-15,-1.5542437389057173e-16
-4.119,1.0929436605516363e-15,-1.2281248640100875e-16
-4.109,5.721378953966632e-16,-8.629802669737564e-17
-4.098999999999999,3.58202831161337e-17,-4.5767187548684616e-17
-4.0889999999999995,-5.141447961562161e-16,-1.1685098939323751e-18
-4.079,-1.0758841124105235e-15,4.7502440213458303e-17
-4.069,-1.6472759596023535e-15,1.0016648600168143e-16
-4.058999999999999,-2.2260158297349804e-15,1.5666644591280603e-16
-4.0489999999999995,-2.809672869461309e-15,2.1676288177810537e-16
-4.039,7.41787537222301e-12,8.369565786262683e-13
-4.029,1.9727051408574053e-11,2.2168304125113384e-12
-4.019,3.262977421987325e-11,3.658996253714135e-12
-4.0089999999999995,4.6092388866552757e-11,5.167992033499468e-12
-3.9989999999999997,6.008581291524426e-11,6.750237000053951e-12
-3.989,7.456884830305007e-11,8.412403575772763e-12
-3.9789999999999996,8.95069943753697e-11,1.0163336349214568e-11
-3.9689999999999994,1.0485499320423765e-10,1.2012299739657467e-11
-3.9589999999999996,1.2056886137552287e-10,1.396982921201464e-11
-3.949,1.3660234283937987e-10,1.6047959605801054e-11
-3.9389999999999996,1.529070174635099e-10,1.8259478894989124e-11
-3.9289999999999994,1.6942842104264937e-10,2.0617753682236046e-11
-3.9189999999999996,2.623531756374283e-10,4.937338432765632e-12
-3.909,2.857794459769323e-10,5.4233280823764625e-12
-3.8989999999999996,3.09202388380801e-10,6.014853915115486e-12
-3.889,3.325642293534638e-10,6.738534124869907e-12
-3.8789999999999996,3.5580121463247754e-10,7.62259156124817e-12
-3.8689999999999998,3.788573151563231e-10,8.697207791754047e-12
-3.8589999999999995,4.0166939818221243e-10,9.992307141485111e-12
-3.8489999999999998,4.2418219790791584e-10,1.1538997632667646e-11
-3.8389999999999995,4.46333226545514e-10,1.3368360936286832e-11
-3.8289999999999997,4.680650467347191e-10,1.5510935497479458e-11
-3.8189999999999995,4.893246892977058e-10,1.7997046617716823e-11
-3.8089999999999997,5.100522352061409e-10,2.085534362816946e-11
-3.7989999999999995,5.301944292204389e-10,2.4113037554709487e-11
-3.7889999999999997,5.496989337557149e-10,2.7794114697681402e-11
-3.779,5.685132816400119e-10,3.1919587360622654e-11
-3.7689999999999997,5.86591561882155e-10,3.6507903527194564e-11
-3.7589999999999995,6.038817274023906e-10,4.1571469788027136e-11
-3.7489999999999997,6.203370880135554e-10,4.71182926530149e-11
-3.739,6.359144574448225e-10,5.315044831912816e-11
-3.7289999999999996,6.50567164018029e-10,5.96631349892332e-11
-3.7189999999999994,6.64254279388896e-10,6.664398325320378e-11
-3.7089999999999996,6.769295488806388e-10,7.407374449827109e-11
-3.699,6.885545960860474e-10,8.192445898031965e-11
-3.6889999999999996,6.990817992128009e-10,9.0157872350855e-11
-3.6789999999999994,7.084688019628369e-10,9.872643605575468e-11
-3.6689999999999996,7.166668097899337e-10,1.0757322071024017e-10
-3.659,9.73624562043443e-11,-9.380153477696289e-13
-3.6489999999999996,2.021416414596504e-10,-2.472789986316895e-12
-3.639,3.059832182003302e-10,-4.40743793202175e-12
-3.6289999999999996,4.0839254683830855e-10,-6.581555412511447e-12
-3.6189999999999998,5.088841527948012e-10,-8.820817308056822e-12
-3.6089999999999995,6.070063863340373e-10,-1.0940916452509725e-11
-3.5989999999999998,7.023401779508869e-10,-1.2750871492814848e-11
-3.5889999999999995,7.944774233502275e-10,-1.4055080920697366e-11
-3.5789999999999997,8.830524350923348e-10,-1.465860177920056e-11
-3.5689999999999995,9.677585289025648e-10,-1.4371992223925324e-11
-3.5589999999999997,1.0483071432413748e-9,-1.3011676989621928e-11
-3.5489999999999995,1.1244434226041145e-9,-1.040870687720212e-11
-3.5389999999999997,1.1959837336360574e-9,-6.409883691666195e-12
-3.529,1.262753157669137e-9,-8.821212849754866e-13
-3.5189999999999997,1.3246255482039502e-9,6.281157834401349e-12
-3.5089999999999995,1.3815285664538717e-9,1.516073598494654e-11
-3.4989999999999997,1.4333824672185158e-9,2.580669316334202e-11
-3.489,1.4801895642044835e-9,3.8232408752683564e-11
-3.4789999999999996,1.5219265368897532e-9,5.241722328044914e-11
-3.4689999999999994,1.5586290553275991e-9,6.830341270856151e-11
-3.4589999999999996,1.5903393490777791e-9,8.578988956311453e-11
-3.449,1.6171020729200175e-9,1.0473871328124479e-10
-3.4389999999999996,1.6389715789739008e-9,1.2497375288757563e-10
-3.4289999999999994,1.6560190149186312e-9,1.4627570963551977e-10
-3.4189999999999996,1.6682819887053312e-9,1.6839088890306598e-10
-3.409,1.6758098016639674e-9,1.9103005055560866e-10
-3.3989999999999996,1.6786387007657206e-9,2.1387212397365028e-10
-3.3889999999999993,1.6767678640225448e-9,2.3656705487884953e-10
-3.3789999999999996,1.6701853427019622e-9,2.5874086748725683e-10
-3.3689999999999998,1.6588523728278922e-9,2.8000622801272164e-10
-3.3589999999999995,1.6426908777221576e-9,2.999579221335827e-10
-3.3489999999999993,1.6292408252539646e-9,-2.940807857745738e-10
-3.3389999999999995,1.6157624859404274e-9,-2.70371436888515e-10
-3.3289999999999997,1.5962945940315026e-9,-2.4695681702946956e-10
-3.319,1.5704536972351157e-9,-2.2412728226711068e-10
-3.3089999999999997,1.5378236329931338e-9,-2.0214373644921793e-10
-3.2989999999999995,1.4979919900402875e-9,-1.8122772938066116e-10
-3.2889999999999997,1.450557397811594e-9,-1.615628208119716e-10
-3.279,1.395118092151611e-9,-1.4327982771310225e-10
-3.2689999999999997,1.3313289351280237e-9,-1.2645977365761131e-10
-3.2589999999999995,1.2588865969338852e-9,-1.1112439300720813e-10
-3.2489999999999997,1.1775511917439135e-9,-9.723695626703199e-11
-3.239,1.0871768200280098e-9,-8.470444382304046e-11
-3.2289999999999996,9.87738505393498e-10,-7.336960006158277e-11
-3.2189999999999994,8.793218514562105e-10,-6.302527842742109e-11
-3.2089999999999996,7.621874308481254e-10,-5.341329186041822e-11
-3.199,6.367416327955382e-10,-4.423458887136286e-11
-3.1889999999999996,5.036170742213822e-10,-3.516209776076393e-11
-3.1789999999999994,3.636057119720583e-10,-2.5849022601388776e-11
-3.1689999999999996,2.177547824264135e-10,-1.594931885714845e-11
-3.159,6.730353589987554e-11,-5.129447394350664e-12
-3.1489999999999996,3.353856572651396e-14,-4.55177876650374e-15
-3.1389999999999993,2.931931846916282e-14,-4.668634871698874e-15
-3.1289999999999996,2.4834577994161397e-14,-4.671653007874643e-15
-3.1189999999999998,2.013463086377318e-14,-4.5499177377181054e-15
-3.1089999999999995,1.5274229675552998e-14,-4.296751522691312e-15
-3.0989999999999993,1.0311148004907047e-14,-3.9096407507506635e-15
-3.0889999999999995,5.306408331298553e-15,-3.3907806444705664e-15
-3.0789999999999997,3.2166252692324774e-16,-2.747122384075361e-15
-3.069,-4.580905247366912e-15,-1.990169399014038e-15
-3.0589999999999997,-9.340550090864612e-15,-1.1359311658905215e-15
-3.0489999999999995,-1.3898596794058145e-14,-2.0429786953655307e-16
-3.0389999999999997,-1.8199446206106786e-14,7.812688594500184e-16
-3.029,-2.219281824612073e-14,1.7947167197294466e-15
-3.0189999999999997,-2.583331486104367e-14,2.8081696887538862e-15
-3.0089999999999995,1.6984187280343138e-11,2.798670187624138e-12
-2.9989999999999997,8.460342682659135e-11,9.248392017273389e-12
-2.989,1.3306760430297917e-10,1.4889649604892403e-11
-2.9789999999999996,1.7943322095529418e-10,2.0716031226575262e-11
-2.9689999999999994,2.2331473137725283e-10,2.6795260685256302e-11
-2.9589999999999996,2.643562559158501e-10,3.3174278898518996e-11
-2.949,3.0223346991603894e-10,3.987492729458114e-11
-2.9389999999999996,3.366519942112345e-10,4.688761054975616e-11
-2.9289999999999994,3.6734739698048194e-10,5.41688267679669e-11
-2.9189999999999996,3.940762236166042e-10,6.163708419821564e-11
-2.909,4.166275792544217e-10,6.91740747243207e-11
-2.8989999999999996,4.347997252556324e-10,7.662215009722035e-11
-2.8889999999999993,4.484239887236475e-10,8.379212744571585e-11
-2.8789999999999996,4.573407579905525e-10,9.046293241715052e-11
-2.8689999999999998,1.3964002648312822e-10,1.455496742955044e-11
-2.8589999999999995,2.8016736746318135e-10,2.919158178860146e-11
-2.8489999999999993,4.143422223941835e-10,4.357871558934668e-11
-2.8389999999999995,5.407502184802992e-10,5.796461533425899e-11
-2.8289999999999997,6.582147489178238e-10,7.256850974874954e-11
-2.819,7.65788868593525e-10,8.755894470610108e-11
-2.8089999999999997,8.62735715386797e-10,1.030355259141445e-10
-2.7989999999999995,9.485390448363195e-10,1.190193098942558e-10
-2.7889999999999997,1.0228281197773269e-9,1.3543763456418626e-10
-2.779,1.0853919845909337e-9,1.521269585660584e-10
-2.7689999999999997,1.1361375194390387e-9,1.6882972199146423e-10
-2.7589999999999995,1.175050884418553e-9,1.8520472092370016e-10
-2.7489999999999997,1.2021899782705513e-9,2.0083752076139785e-10
-2.739,1.2176467941860044e-9,2.1525616078956245e-10
-2.7289999999999996,1.221539947322808e-9,2.2795172129628087e-10
-2.7189999999999994,1.2208915228802487e-9,-2.2017575355225093e-10
-2.7089999999999996,5.5660306549092366e-11,7.387746391383781e-12
-2.699,1.2137924494045927e-9,2.256669760384757e-10
-2.6889999999999996,1.2062750163592847e-9,-2.189740471233002e-10
-2.6789999999999994,1.1893705937874238e-9,-2.0536167823489215e-10
-2.6689999999999996,1.1609246169995786e-9,-1.9077156596950923e-10
-2.659,1.1209317846900051e-9,-1.75590465904808e-10
-2.6489999999999996,1.0694802693747884e-9,-1.601365112753145e-10
-2.6389999999999993,1.0067897241408446e-9,-1.4465226228256824e-10
-2.6289999999999996,9.332608122801881e-10,-1.293002592929381e-10
-2.6189999999999998,8.494896588896741e-10,-1.1416320423761912e-10
-2.6089999999999995,7.563335534912402e-10,-9.925653788866173e-11
-2.5989999999999993,6.548959692564967e-10,-8.453576476219111e-11
-2.5889999999999995,5.465623673761258e-10,-6.991855707394433e-11
-2.5789999999999997,4.3300742286936735e-10,-5.5307073548824925e-11
-2.569,3.1615667900106533e-10,-4.060929007767719e-11
-2.5589999999999997,1.981809031678066e-10,-2.576751344068038e-11
-2.5489999999999995,8.14226723287555e-11,-1.0777369427831836e-11
-2.5389999999999997,2.4386121114036188e-14,-4.3195614028986766e-15
-2.529,2.014808494233551e-14,-3.861427169069878e-15
-2.5189999999999997,1.582363446638973e-14,-3.313605868846417e-15
-2.5089999999999995,1.1509884572206898e-14,-2.6885518070174806e-15
-2.4989999999999997,7.302640920258635e-15,-2.0042322711722483e-15
-2.4889999999999994,3.2918469858171958e-15,-1.2829729197068686e-15
-2.4789999999999996,-4.395823372722755e-16,-5.503243651455628e-16
-2.4689999999999994,-3.819489304126137e-15,1.6670261585135333e-16
-2.4589999999999996,-6.787215667927082e-15,8.411708198154066e-16
-2.449,-9.295936642504155e-15,1.4480533289373268e-15
-2.4389999999999996,1.9216971852825207e-10,3.494646062547768e-11
-2.429,2.779276384908243e-11,6.032709706391626e-12
-2.4189999999999996,5.3057470135990324e-11,1.1714059578698246e-11
-2.409,7.407766620473982e-11,1.6661868584063897e-11
-2.3989999999999996,9.05895961782172e-11,2.0779500332672216e-11
-2.389,1.024410340124595e-10,2.3974643809266253e-11
-2.3789999999999996,1.0958932865730141e-10,2.6166021644466983e-11
-2.3689999999999998,1.121053035640642e-10,2.7292569109199363e-11
-2.3589999999999995,1.1017480288524343e-10,2.7322479397352756e-11
-2.3489999999999998,2.3539520335298816e-11,4.112647192726784e-12
-2.3389999999999995,7.274955366851827e-11,1.2806361607313904e-11
-2.3289999999999997,1.1398352281259562e-10,2.0265942456153552e-11
-2.3189999999999995,1.4638658211596447e-10,2.63333845770279e-11
-2.3089999999999997,1.6940145835279895e-10,3.0866626176678434e-11
-2.2989999999999995,1.8277834517271405e-10,3.3750939597863586e-11
-2.2889999999999997,1.865543898195245e-10,3.4908114312561784e-11
-2.2789999999999995,1.8122684417425347e-10,-3.392359684480455e-11
-2.2689999999999997,1.6731441737308547e-10,-3.094980564130283e-11
-2.2589999999999995,1.4540351886626243e-10,-2.66133145971369e-11
-2.2489999999999997,1.1653164780313252e-10,-2.113974833163545e-11
-2.2389999999999994,8.196741655022507e-11,-1.4767301303066883e-11
-2.2289999999999996,4.318444243295377e-11,-7.743708991000074e-12
-2.2189999999999994,1.8117263886310882e-12,-3.2326106384587797e-13
-2.2089999999999996,4.5148146559847726e-15,-9.863377493605073e-16
-2.1989999999999994,3.1270719307751507e-15,-7.149039490595073e-16
-2.1889999999999996,1.5767560501030252e-15,-3.985332443183595e-16
-2.179,-6.83161679210409e-17,-4.885228024687755e-17
-2.1689999999999996,-1.737843801399216e-15,3.2022810109352414e-16
-2.159,-3.362896320984328e-15,6.932335370163795e-16
-2.1489999999999996,-4.87910283628818e-15,1.0539775162690377e-15
-2.139,5.02683170700672e-12,1.4048884449712532e-12
-2.1289999999999996,3.22002176866907e-11,8.705063790286123e-12
-2.1189999999999998,4.8723896341108826e-11,1.3291397183923466e-11
-2.1089999999999995,6.356175018639658e-11,1.7517637159995375e-11
-2.0989999999999998,7.625389990177941e-11,2.1252999872580327e-11
-2.0889999999999995,8.64546133576258e-11,2.4385615595340874e-11
-2.0789999999999997,9.394106915606058e-11,2.6827128814005353e-11
-2.0689999999999995,9.861829315764249e-11,2.8517709186002713e-11
-2.0589999999999997,1.0051743993082267e-10,2.943000914282498e-11
-2.0489999999999995,1.6381593086562003e-11,2.909263611696923e-12
-2.0389999999999997,5.213003983194368e-11,9.275754008943461e-12
-2.0289999999999995,8.446786612735372e-11,1.5081325504760393e-11
-2.0189999999999997,1.1238224635567869e-10,2.0153244129263296e-11
-2.0089999999999995,1.3547245273792032e-10,2.4415730318028206e-11
-1.9989999999999997,1.5360349482435117e-10,2.7831100076912375e-11
-1.9889999999999994,1.6688493767450654e-10,3.0399961442805695e-11
-1.9789999999999996,1.7563671502512682e-10,3.2159261708874374e-11
-1.9689999999999994,1.8034421398678128e-10,3.317779677035934e-11
-1.9589999999999996,1.817942733135707e-10,3.3583175397216285e-11
-1.9489999999999994,1.8039522027469357e-10,3.3440073092906005e-11
-1.9389999999999996,1.7683208670638446e-10,3.286986659093877e-11
-1.9289999999999998,1.718625028193291e-10,3.2009988428262055e-11
-1.9189999999999996,1.660950310596841e-10,3.0974697657457977e-11
-1.9089999999999998,1.6002579566754447e-10,2.985867094161196e-11
-1.8989999999999996,1.5412357018089712e-10,2.8754349641827306e-11
-1.8889999999999998,1.4868260533848233e-10,2.7719436256805937e-11
-1.8789999999999996,1.4392608898833652e-10,2.6798346789864022e-11
-1.8689999999999998,1.4000488434724878e-10,2.6020986545558603e-11
-1.8589999999999995,1.370239959010749e-10,2.5407573385343065e-11
-1.8489999999999998,1.35019500200353e-10,2.4964500230550808e-11
-1.8389999999999995,1.3420873339882498e-10,2.4730221888581745e-11
-1.8289999999999997,1.3469071286018843e-10,2.4720198546301694e-11
-1.8189999999999995,1.3668245201171425e-10,2.497005835171434e-11
-1.8089999999999997,1.4047452128834115e-10,2.552695397700986e-11
-1.7989999999999995,1.464318231918424e-10,2.64490616453677e-11
-1.7889999999999997,1.5498104308731866e-10,2.7802500354210777e-11
-1.7789999999999995,1.665895302314709e-10,2.965665060191438e-11
-1.7689999999999997,1.8174227351997855e-10,3.207920988025408e-11
-1.7589999999999995,2.0090546776409106e-10,3.512902458720721e-11
-1.7489999999999997,2.2450400900892712e-10,3.885169859418561e-11
-1.7389999999999994,2.528915531039625e-10,4.327418759691624e-11
-1.7289999999999996,2.863353661908136e-10,4.84021831494557e-11
-1.7189999999999994,3.2564620426275693e-10,5.432612779128377e-11
-1.7089999999999996,3.6968563341453164e-10,6.080114812763568e-11
-1.6989999999999994,4.1905053160306765e-10,6.786839868573646e-11
-1.6889999999999996,4.73699477702134e-10,7.545241707536409e-11
-1.6789999999999998,5.335775106696975e-10,8.346467623857391e-11
-1.6689999999999996,5.986404490923391e-10,9.180430062876558e-11
-1.6589999999999998,6.688965811794e-10,1.0036051683040457e-10
-1.6489999999999996,7.444344000337356e-10,1.0901144395833719e-10
-1.6389999999999998,8.254524684639524e-10,1.1762153758237078e-10
-1.6289999999999996,9.122742053278032e-10,1.2603543608889357e-10
-1.6189999999999998,1.005363696523043e-9,1.3406939734842607e-10
-1.6089999999999995,1.1053322172233463e-9,1.4149969924807926e-10
-1.5989999999999998,1.212924293386898e-9,1.4804423363200744e-10
-1.5889999999999995,1.329016830938157e-9,1.533437279380694e-10
-1.5789999999999997,1.4545941774846224e-9,1.5693492835588654e-10
-1.5689999999999995,1.5907177193373885e-9,1.5821765342186026e-10
-1.5589999999999997,1.7384976578745285e-9,1.564183737340173e-10
-1.5489999999999995,1.899046542127893e-9,1.505436645391368e-10
-1.5389999999999997,2.0734258972565003e-9,1.393256280202877e-10
-1.5289999999999995,2.2626127516335365e-9,1.2116153922974622e-10
-1.5189999999999997,2.4674127654751115e-9,9.403710592927915e-11
-1.5089999999999995,2.6884217964588128e-9,5.544281618244165e-11
-1.4989999999999997,2.925954789942859e-9,2.27540456936421e-12
-1.4889999999999994,3.179972635072661e-9,-6.928196505575565e-11
-1.4789999999999996,3.450025157542779e-9,-1.6389216014319576e-10
-1.4689999999999994,3.7351743787380215e-9,-2.8722444798456734e-10
-1.4589999999999996,4.034226678091193e-9,-4.4611926609986653e-10
-1.4489999999999994,4.3443767659500995e-9,-6.488807979252348e-10
-1.4389999999999996,4.663064997199396e-9,-9.054025948134988e-10
-1.4289999999999994,4.986566693789585e-9,-1.2275380247793453e-9
-1.4189999999999996,5.310235197814534e-9,-1.6294024564376342e-9
-1.4089999999999998,5.628392298338982e-9,-2.1277463079891075e-9
-1.3989999999999996,5.934240895039884e-9,-2.7423967789789027e-9
-1.3889999999999998,2.564274365758544e-9,-1.2234759006863398e-10
-1.3789999999999996,2.986060085171724e-9,-2.932616900282819e-10
-1.3689999999999998,3.3730767754456923e-9,-5.484432590331754e-10
-1.3589999999999995,3.6676440922109886e-9,-9.16632635969989e-10
-1.3489999999999998,3.785431889008028e-9,-1.4346462713209722e-9
-1.3389999999999995,3.6075155444493726e-9,-2.149421646155001e-9
-1.3289999999999997,2.9713345143760265e-9,-3.120565352592968e-9
-1.3189999999999995,1.4550433381086548e-12,-2.0008307363301167e-12
-1.3089999999999997,3.654032178081082e-12,-5.6828035800081186e-12
-1.2989999999999995,1.333442278227981e-12,-5.617613019249765e-12
-1.2889999999999997,1.7949593097028822e-12,-4.5504859377134025e-14
-1.2789999999999995,4.516764395839665e-12,-2.736229750023428e-12
-1.2689999999999997,6.080975868069525e-12,-3.4955028903674513e-12
-1.2589999999999995,8.194350819079973e-12,-4.465153198291274e-12
-1.2489999999999997,1.1056451964187332e-11,-5.700516299265398e-12
-1.2389999999999994,1.494259063593469e-11,-7.268444971479436e-12
-1.2289999999999996,2.023340337100707e-11,-9.247159653409495e-12
-1.2189999999999994,2.7456711708942362e-11,-1.1723399564239852e-11
-1.2089999999999996,3.734592854497636e-11,-1.478431170413452e-11
-1.1989999999999994,5.092116645638347e-11,-1.8499481563913314e-11
-1.1889999999999996,6.96003469251933e-11,-2.288456102409674e-11
-1.1789999999999994,9.534860572425838e-11,-2.7832466605467513e-11
-1.1689999999999996,1.3086832063451422e-10,-3.298902013392515e-11
-1.1589999999999998,1.798174301641352e-10,-3.753519910670959e-11
-1.1489999999999996,2.4699397445926843e-10,-3.982212027740565e-11
-1.1389999999999998,3.382891381410346e-10,-3.681267361783049e-11
-1.1289999999999996,4.5987338103767166e-10,-2.3354169884001896e-11
-1.1189999999999998,6.152723202715943e-10,8.31481284507419e-12
-1.1089999999999995,7.454289155656919e-10,4.356836270125238e-10
-1.0989999999999998,8.33309666706976e-10,4.661472833029209e-10
-1.0889999999999995,8.471131267354243e-10,4.4217026950143973e-10
-1.0789999999999997,7.081184957341692e-10,3.326692116164526e-10
-1.0689999999999995,2.813720681077972e-10,1.131335590076295e-10
-1.0589999999999997,-1.4613318434220841e-12,-2.063776679023465e-13
-1.0489999999999995,-2.0253324895389397e-12,-1.2404961753848975e-12
-1.0389999999999997,2.668108833575455e-12,5.6406399015989e-12
-1.0289999999999995,7.608627982890048e-12,3.115724520934748e-11
-1.0189999999999997,1.0723127893132057e-11,-1.262214319827027e-11
-1.0089999999999995,3.1191661960745033e-11,-2.482599401452227e-11
-0.9989999999999997,8.009407418162704e-11,-4.043700738649067e-11
-0.9889999999999994,2.0401156839671234e-11,-1.3176815645277137e-11
-0.9789999999999996,-1.4121532176963535e-14,9.773401298182637e-15
-0.9689999999999994,8.326488615883426e-15,-7.803473611656116e-15
-0.9589999999999996,8.111799984384423e-14,-6.260616958832643e-14
-0.9489999999999994,1.235580799471107e-9,-1.5962002111761158e-10
-0.9389999999999996,3.809245595251057e-9,-4.465374213178729e-10
-0.9289999999999994,5.486428978566056e-9,-8.912745588246822e-10
-0.9189999999999996,6.492429441871086e-9,2.6194350101963194e-10
-0.9089999999999998,3.1743708304916078e-9,7.077520418302295e-10
-0.8989999999999996,-2.5773489046244666e-12,7.728878212377401e-13
-0.8889999999999998,2.1257394177315635e-10,-2.328489127111895e-11
-0.8789999999999996,4.697400115086499e-10,-8.201075432137331e-11
-0.8689999999999998,2.3041906766965217e-9,4.321040150123609e-10
-0.8589999999999995,3.364121888092857e-9,5.749946469623063e-10
-0.8489999999999998,4.069413424563112e-9,5.792200160728929e-10
-0.8389999999999995,4.1618942361608586e-9,4.75953393323195e-10
-0.8289999999999997,3.5067722144155923e-9,3.6828802589372664e-10
-0.8189999999999995,2.292145678686794e-9,2.7429975093072966e-10
-0.8089999999999997,1.9531164352763924e-9,1.60002419791162e-10
-0.7989999999999995,1.7938776390249896e-11,-4.012903739327786e-10
-0.7889999999999997,3.089449587971831e-10,-5.083894874789534e-11
-0.7789999999999995,6.572748075246614e-11,-1.2333736863611242e-11
-0.7689999999999997,3.1346840165877435e-11,5.853279653104508e-12
-0.7589999999999995,1.7638745089913197e-10,-9.68714668824324e-10
-0.7489999999999997,5.250733930731766e-9,1.1819542218150702e-10
-0.7389999999999994,2.5444608178683047e-15,-3.0387816693994108e-15
-0.7289999999999996,1.6511160140622773e-11,-1.5642941965522518e-12
-0.7189999999999994,2.784105915984184e-12,-3.411385473032521e-12
-0.7089999999999996,6.362094477134912e-9,-1.7907279137924526e-9
-0.6989999999999994,5.7856874603796416e-11,1.0843949604135784e-11
-0.6889999999999996,-8.300747573470423e-17,1.1034276023566789e-16
-0.6789999999999994,1.7579027744175873e-12,3.884527969293182e-12
-0.6689999999999996,3.5058947936822914e-12,1.1021947720150366e-11
-0.6589999999999998,1.4275781435268923e-9,-4.004237894344863e-9
-0.6489999999999996,6.567345241872368e-9,5.983582635154197e-10
-0.6389999999999998,-7.08806559070605e-15,1.1036220259500372e-14
-0.6289999999999996,2.599291497498562e-11,-6.063739470679168e-13
-0.6189999999999998,2.808864821012777e-10,1.2375374967008327e-12
-0.6089999999999995,1.0929924763764008e-9,2.67177986610243e-10
-0.5989999999999998,2.5421327943077883e-9,1.9624723933570214e-10
-0.5889999999999995,8.197238516200829e-9,7.826682478462847e-10
-0.5789999999999997,7.527192095211695e-9,9.447102126191425e-10
-0.5689999999999995,1.0781842178888838e-8,-3.168615484655431e-9
-0.5589999999999997,1.4450663995180702e-8,-1.059890719567892e-9
-0.5489999999999995,7.085123598869604e-11,3.753327232234425e-12
-0.5389999999999997,-4.432273736061878e-15,1.004438867953081e-14
-0.5289999999999995,7.398899810242344e-15,-2.9647055698059795e-14
-0.5189999999999997,1.5387571643781602e-13,-6.762586885652425e-13
-0.5089999999999995,7.935757039591769e-9,-5.817043645907401e-10
-0.49899999999999967,2.0105102998405504e-10,-4.440988269508235e-11
-0.4889999999999999,8.870855163220256e-11,-2.1827204900004255e-11
-0.4789999999999992,9.125365778201552e-6,3.5857144024851176e-6
-0.4689999999999994,0.000010763765189919035,3.8838786719421814e-6
-0.45899999999999963,7.648019826672497e-6,2.747303829834072e-6
-0.44899999999999984,5.939434974498721e-11,-2.7605862750162465e-10
-0.43899999999999917,6.462039444319407e-11,-8.396928413166184e-12
-0.4289999999999994,-1.3320637783793786e-14,1.8561265478195734e-14
-0.4189999999999996,5.692443033396199e-10,-2.3049749555530735e-10
-0.4089999999999998,1.4663055584427288e-9,-1.1517852469260956e-10
-0.399,8.226482348993607e-8,-2.56547958112197e-9
-0.38899999999999935,2.526174652142651e-10,-3.2029029536722196e-11
-0.37899999999999956,2.439938977215938e-9,7.416820371408434e-10
-0.3689999999999998,1.1379985952980287e-9,1.9244482821770564e-10
-0.359,0.000011141864948183727,-3.2566730416416414e-7
-0.3489999999999993,-0.0010512749972864577,1.3205818072252625e-15
-0.3389999999999995,-0.001631055664036142,1.9197715860389382e-16
-0.32899999999999974,1.2102745411080115e-9,2.1030193374314629e-10
-0.31899999999999995,-0.0006268607975483395,0.000010349727022394917
-0.3089999999999993,0.14459257068110973,-0.011199764191876486
-0.2989999999999995,0.13576233944815402,0.01582359896594322
-0.2889999999999997,0.12708588023933176,-0.020450819484679302
-0.2789999999999999,0.11857253922827558,0.0250735037106649
-0.26899999999999924,0.11023182197896526,0.029682124126770057
-0.25899999999999945,0.1020732366148901,0.034265357843813946
-0.24899999999999967,0.09410609769931574,0.038809898535298586
-0.23899999999999988,0.08633928962423347,0.043300276922579914
-0.2289999999999992,0.07878099075598935,0.04771869669574253
-0.21899999999999942,0.07143836255144083,0.05204489188635268
-0.20899999999999963,0.06431721111111405,0.0562560091154267
-0.19899999999999984,0.05742163154032264,0.060326513688737045
-0.18899999999999917,0.05075364754615814,0.0642281115443567
-0.17899999999999938,0.04431285898666405,0.06792966957279624
-0.1689999999999996,0.03809610793315312,0.07139710452763459
-0.1589999999999998,0.03209716857622878,0.07459319529235542
-0.14899999999999913,0.02630645758329707,0.07747725362761647
-0.13899999999999935,0.020710748988384743,0.08000456217280301
-0.12899999999999956,0.01529286083881729,0.08212544994916708
-0.11899999999999977,0.010031258196232013,0.08378381389438132
-0.10899999999999999,0.004899485180488739,0.08491478810068111
-0.09899999999999931,-0.00013471035086517444,0.0854410657420551
-0.08899999999999952,-0.005110779057059754,0.08526699607603246
-0.07899999999999974,-0.01007767262165023,0.08426878814789487
-0.06899999999999995,-0.015097727187685666,0.08227739086209361
-0.058999999999999275,-0.02025347362785663,0.07904628899708283
-0.04899999999999949,-0.02566030152700037,0.07418431301522782
-0.0389999999999997,-0.03149214510657333,0.06699250383571652
-0.028999999999999915,-0.03804081769987238,0.05595764368081635
-0.01899999999999924,-0.04588465571202103,0.03611279944780441
-0.008999999999999453,-0.09285300258469083,8.937932895673383e-23
0.001000000000000334,-0.1671184014419683,-8.579379072084784e-9
0.01100000000000012,-0.16179695827740395,-0.00022779517665956494
0.021000000000000796,0.0291178736865656,9.077623454595627e-18
0.031000000000000583,0.04040068650807714,1.643887518867436e-27
0.04100000000000037,0.05100083545304243,-1.3403945848280927e-24
0.051000000000000156,4.482771767786069e-13,-3.536719954455476e-16
0.06100000000000083,-2.1670004256407575e-9,6.299883520898607e-10
0.07100000000000062,4.901193674671457e-12,-6.860544753382005e-12
0.0810000000000004,-1.6875755268990304e-12,3.4468408404874766e-13
0.09100000000000019,3.0697666274600535e-12,-9.499681918168395e-15
0.10100000000000087,0.00042225894201309736,-4.3668358682998664e-10
0.11100000000000065,8.315170265584709e-13,-1.0574705554783488e-15
0.12100000000000044,1.3670501711535892e-13,-2.2056621897585684e-16
0.13100000000000023,-2.1863138506551796e-9,-8.852454537186296e-10
0.14100000000000001,-6.92015439327513e-9,2.5750955699699877e-9
0.1510000000000007,-3.866686045154052e-9,7.527605111393619e-10
0.16100000000000048,-6.471659021238708e-11,7.529729760757442e-11
0.17100000000000026,2.3257960197221666e-13,-1.0071723184264605e-15
0.18100000000000005,3.467263102807608e-13,-2.7690277106561654e-15
0.19100000000000072,8.722659376407362e-13,-2.469107786604328e-14
0.2010000000000005,2.8537056248771615e-12,-2.7260032016091956e-13
0.2110000000000003,-1.735847956160523e-11,3.007166128617275e-13
0.22100000000000009,-1.3746463115919958e-9,-1.457627096810309e-9
0.23100000000000076,-3.7309386337598405e-14,1.0539135345017675e-12
0.24100000000000055,3.4688423371247796e-13,6.600952269770005e-15
0.25100000000000033,-1.6363272565339738e-10,-5.1242266570462885e-11
0.2610000000000001,3.660705966752078e-9,2.798916854910875e-7
0.2710000000000008,-5.848335222018099e-9,2.754770817266551e-9
0.2810000000000006,-1.249041897979361e-9,-4.015665062884539e-10
0.29100000000000037,8.869873098694656e-14,-3.3526377232905893e-16
0.30100000000000016,1.23949919464328e-11,-3.6720784573036184e-12
0.31100000000000083,3.603308720865611e-12,-3.179277391321e-13
0.3210000000000006,2.676956007549934e-14,-2.4803159689159765e-17
0.3310000000000004,2.7974993562448374e-13,-2.1635086181476818e-15
0.3410000000000002,-1.7680614980789878e-12,5.410900992526251e-13
0.35100000000000087,-2.010913018856024e-9,-1.0007819704041081e-9
0.36100000000000065,-6.715454013035604e-10,2.1144990991817565e-11
0.37100000000000044,-1.1658812454837426e-11,1.2621164231046218e-11
0.3810000000000002,3.6179349606598456e-13,-7.839137516070651e-15
0.391,2.7050754759522443e-13,2.1812393710728968e-14
0.4010000000000007,8.582199555043691e-13,-1.8544286721276188e-14
0.4110000000000005,7.506768626543926e-12,-1.5004820119494528e-12
0.42100000000000026,7.609549748594168e-13,-3.133052949214359e-14
0.43100000000000005,-6.713763309174318e-14,1.691179037014224e-15
0.4410000000000007,-3.7102330488288984e-9,-4.679667967266832e-10
0.4510000000000005,-4.081876785003644e-9,-1.0783606873425058e-9
0.4610000000000003,-8.277173760197529e-9,-2.6130925500941428e-9
0.4710000000000001,9.987811269267134e-13,-5.154415423612477e-14
0.48100000000000076,-1.6403057248978555e-8,-1.1410300460807775e-8
0.49100000000000055,-8.792720067821339e-9,-2.8316326125112115e-10
0.5010000000000003,1.3819537626946548e-13,-1.0627426057432126e-15
0.5110000000000001,-7.774134233651949e-11,3.15845395443195e-11
0.5210000000000008,2.7310739067927064e-12,-1.6463636336681605e-12
0.5310000000000006,-0.000014061378035441365,3.965549113730297e-6
0.5410000000000004,-3.702861938476899e-12,5.239730445147775e-13
0.5510000000000002,4.335319610001138e-12,8.216174488188427e-13
0.5610000000000008,-4.929354199602601e-11,-2.093458141825925e-11
0.5710000000000006,-8.122222784090672e-11,2.126045518906748e-11
0.5810000000000004,6.619145491078043e-13,5.223157781840041e-14
0.5910000000000002,-2.1919466875912203e-10,1.503810401341449e-10
0.6010000000000009,8.726583098990956e-15,8.548896386055346e-18
0.6110000000000007,1.0365053729121187e-12,-1.0317684467460654e-13
0.6210000000000004,-5.6040714009957754e-9,-5.254213182373195e-10
0.6310000000000002,-6.924612002052817e-13,2.205220128394501e-14
0.641,-1.8101400795611777e-10,1.261588411882943e-10
0.6510000000000007,7.77059270993944e-13,-6.4108288103301875e-15
0.6610000000000005,-7.639972399550721e-13,3.3753555725385728e-12
0.6710000000000003,-3.603305490721357e-9,5.301661977888865e-10
0.681,-4.5681700575805424e-10,3.18517623788693e-10
0.6910000000000007,-1.747998211737069e-11,4.489455689391274e-12
0.7010000000000005,2.9659782340156467e-12,1.3444298298333514e-11
0.7110000000000003,1.225593704408024e-12,2.2082519670338383e-12
0.7210000000000001,4.162365854742067e-13,3.965643984912361e-13
0.7310000000000008,1.4470322245103872e-13,7.731326082773571e-14
0.7410000000000005,5.122613743816478e-14,1.6108138150968276e-14
0.7510000000000003,1.791981126809813e-14,3.5356693116725258e-15
0.7610000000000001,6.0370176003501525e-15,8.076634356678311e-16
0.7710000000000008,1.9280876960097756e-15,1.8961518889033006e-16
0.7810000000000006,5.96229745649133e-16,4.4924967118847103e-17
0.7910000000000004,2.1013083895255835e-16,1.0363643944666387e-17
0.8010000000000002,7.342372665190314e-14,-1.7811933825105745e-16
0.8110000000000008,2.0428605617970548e-14,-2.7320992126180942e-17
0.8210000000000006,1.1364940752550184e-8,-9.314224947519924e-7
0.8310000000000004,-3.0780690587248534e-9,-2.404850099178245e-9
0.8410000000000002,-9.876572427968012e-10,1.0291909823129695e-9
0.8510000000000009,1.4686569819552514e-12,6.714567000771477e-13
0.8610000000000007,-6.699923636224382e-9,-7.365630918933535e-10
0.8710000000000004,-5.015772804645154e-9,-6.815176011560235e-10
0.8810000000000002,-3.7693752984660194e-9,-6.042149843527219e-10
0.891,-2.842869458563554e-9,-5.215658918639693e-10
0.9010000000000007,-2.1513500128252323e-9,-4.42366401888703e-10
0.9110000000000005,-1.6331616493226936e-9,-3.707172498526659e-10
0.9210000000000003,-1.2433716421565985e-9,-3.080978340695368e-10
0.931,-9.490991479400987e-10,-2.545754627570783e-10
0.9410000000000007,-7.261643037798089e-10,-2.0950926574001117e-10
0.9510000000000005,-5.567227089492427e-10,-1.719572105788493e-10
0.9610000000000003,-4.2754383687552986e-10,-1.4089292292342048e-10
0.9710000000000001,-3.2877635023789725e-10,-1.1532874815899226e-10
0.9810000000000008,-2.5306313483898356e-10,-9.43652071161774e-11
0.9910000000000005,-1.9487885584870188e-10,-7.721630831173925e-11
1.0010000000000003,-1.5006830521954498e-10,-6.320833502362655e-11
1.0110000000000001,-1.1549146018554794e-10,-5.1777058068018495e-11
1.0210000000000008,-8.876286099394492e-11,-4.2451648911002605e-11
1.0310000000000006,-6.807313722914277e-11,-3.484328280799705e-11
1.0410000000000004,-5.2041766395444245e-11,-2.8633274937713247e-11
1.0510000000000002,-3.960729047042118e-11,-2.3561685233508958e-11
1.0610000000000008,-2.9960015413417433e-11,-1.9416001699203882e-11
1.0710000000000006,-2.2476890744908745e-11,-1.6023431165359043e-11
1.0810000000000004,-1.667251785288169e-11,-1.3244485764773387e-11
1.0910000000000002,-1.2176257612258736e-11,-1.0965108037380126e-11
1.1010000000000009,-8.700904111063752e-12,-9.092332973066058e-12
1.1110000000000007,-6.018699142755332e-12,-7.552439482198718e-12
1.1210000000000004,-3.957043242044652e-12,-6.283965906362325e-12
1.1310000000000002,-3.3295072233595494e-12,-4.590283604612857e-12
1.141,-2.8588602476864885e-12,-2.0355282665744426e-12
1.1510000000000007,-2.2439014460402644e-12,6.244029162433018e-13
1.1610000000000005,3.970082183760904e-13,-3.067888909780556e-12
1.1710000000000003,8.906345605202355e-13,-2.5752867771739843e-12
1.181,1.2449578030602029e-12,-2.165655056804157e-12
1.1910000000000007,1.4913426052381892e-12,-1.8244131894295972e-12
1.2010000000000005,1.327899862389033e-12,-1.7852910089529087e-12
1.2110000000000003,9.299344436983777e-13,-1.7784389613154362e-12
1.221,1.8075157221665295e-12,-1.0998473010013543e-12
1.2310000000000008,1.8214556952402058e-12,-9.322963019792892e-13
1.2410000000000005,1.807788309091346e-12,-7.914085820956209e-13
1.2510000000000003,1.7738153247558867e-12,-6.727871011980475e-13
1.2610000000000001,1.7252132083301412e-12,-5.727382164727995e-13
1.2710000000000008,1.6664519101595514e-12,-4.883059089987662e-13
1.2810000000000006,1.6010081221281897e-12,-4.1701647910432253e-13
1.2910000000000004,1.5315908085489318e-12,-3.568154543043065e-13
1.3010000000000002,1.4603050125687273e-12,-3.0598484999263035e-13
1.3110000000000008,1.388780870734439e-12,-2.6308103671603586e-13
1.3210000000000006,1.318261918509003e-12,-2.2687719283672165e-13
1.3310000000000004,1.2496841349077496e-12,-1.9632798991559224e-13
1.3410000000000002,1.1837228824411429e-12,-1.7053561494924432e-13
1.3510000000000009,1.1208363213163795e-12,-1.4872842130902258e-13
1.3610000000000007,1.0612972515623357e-12,-1.3024395052104373e-13
1.3710000000000004,1.0052109805108877e-12,-1.145124049262425e-13
1.3810000000000002,9.525417124526977e-13,-1.0104779296379067e-13
1.391,9.031310241270969e-13,-8.943728045693202e-14
1.4010000000000007,8.567137153799085e-13,-7.933167252815571e-14
1.4110000000000005,8.129398559910469e-13,-7.043819402595341e-14
1.4210000000000003,7.713989390214609e-13,-6.251451080438605e-14
1.431,7.316405409677683e-13,-5.536240396233332e-14
1.4410000000000007,6.931992123790017e-13,-4.8823862144052223e-14
1.4510000000000005,6.556241226512214e-13,-4.277908768255592e-14
1.4610000000000003,6.185086365026972e-13,-3.7144668009542944e-14
1.471,5.815129712504595e-13,-3.18713987379162e-14
1.4810000000000008,5.443990187710467e-13,-2.69432421489543e-14
1.4910000000000005,5.070477060428438e-13,-2.237249337649328e-14
1.5010000000000003,4.694762296331775e-13,-1.819335828170267e-14
1.5110000000000001,4.318439478373413e-13,-1.4452291815406417e-14
1.5210000000000008,3.944486377398317e-13,-1.11962069786587e-14
1.5310000000000006,3.577925204215138e-13,-8.46438601895518e-15
1.5410000000000004,3.22220703598143e-13,-6.2609407819478816e-15
1.5510000000000002,2.883834900545559e-13,-4.574032103258162e-15
1.5610000000000008,2.568515275421184e-13,-3.357124864198647e-15
1.5710000000000006,2.2814481116678057e-13,-2.5385324652121967e-15
1.5810000000000004,2.0267922718390026e-13,-2.0312466194433528e-15
1.5910000000000002,1.8072308408526497e-13,-1.745285757833001e-15
1.6010000000000009,1.6236215845167687e-13,-1.5987242502944487e-15
1.6110000000000007,1.4749101486734365e-13,-1.525563296524602e-15
1.6210000000000004,1.3583702755471082e-13,-1.4790461453892028e-15
1.6310000000000002,1.270048668110486e-13,-1.4300375225264812e-15
1.641000000000001,1.2055828044723178e-13,-1.3627810887883312e-15
1.6510000000000007,1.1611984969655682e-13,-1.2695141560323227e-15
1.6610000000000005,1.1347145816767098e-13,-1.1455318150001995e-15
1.6710000000000003,1.1266001616543324e-13,-9.860942278534608e-16
1.681,1.1385765025744294e-13,-7.812062040341351e-16
1.6910000000000007,1.1825940185489315e-13,-5.339387650193164e-16
1.7010000000000005,1.2681901934422234e-13,-2.427557767284739e-16
1.7110000000000003,1.4103601292869331e-13,6.805161377253055e-17
1.721,1.6263374989375841e-13,3.2999451572777353e-16
1.7310000000000008,1.933866425855439e-13,4.0055153367382965e-16
1.7410000000000005,2.348002490639667e-13,4.088618910267906e-17
1.7510000000000003,2.8817236776089225e-13,-1.1295429564546548e-15
1.7610000000000001,3.5376840247574663e-13,-3.577345962297529e-15
1.7710000000000008,4.305374840431e-13,-7.793906501256458e-15
1.7810000000000006,5.170088674554615e-13,-1.424932093175599e-14
1.7910000000000004,6.088569448064942e-13,-2.3052388248020228e-14
1.8010000000000002,7.019605379743359e-13,-3.396158957127974e-14
1.8110000000000008,7.895992556094455e-13,-4.5968523729057196e-14
1.8210000000000006,8.646617554937866e-13,-5.73150780420403e-14
1.8310000000000004,9.198336351724848e-13,-6.550927694347314e-14
1.8410000000000002,9.482651611569176e-13,-6.757048824760786e-14
1.8510000000000009,9.442727227644498e-13,-6.050679276257625e-14
1.8610000000000007,9.043239834066598e-13,-4.2154118927863554e-14
1.8710000000000004,8.256191835360586e-13,-1.1333602610843104e-14
1.8810000000000002,-6.912538289137572e-10,-1.7981594230247785e-9
1.891000000000001,-6.09268242085372e-10,-1.9735200834647754e-9
1.9010000000000007,-1.0025700625151775e-9,-1.9064135082230013e-9
1.9110000000000005,-1.402859568050849e-9,-1.7543845090313143e-9
1.9210000000000003,7.971077460910214e-15,-1.8622238160507207e-18
1.931,4.414235599803106e-9,-1.5253677452646216e-9
1.9410000000000007,3.3865130466460583e-9,-8.748787446671124e-10
1.9510000000000005,4.702628562830541e-9,-1.628876268393885e-10
1.9610000000000003,9.324594738262395e-14,4.097165196149496e-16
1.971,1.2219012383326051e-13,-1.6492868726328724e-16
1.9810000000000008,1.4819144624017536e-13,-7.881958626067708e-16
1.9910000000000005,1.6980037453595466e-13,-1.3550225430113124e-15
2.0010000000000003,1.8564914695333107e-13,-1.7553181997460758e-15
2.011,1.945032987957025e-13,-1.8929606125549885e-15
2.021000000000001,1.9531786099458096e-13,-1.7053034874182141e-15
2.0310000000000006,1.8727532801659654e-13,-1.1793463136282304e-15
2.0410000000000004,1.6980952575869283e-13,-3.6153384486243713e-16
2.051,-4.299291190437527e-11,-2.164363677717537e-10
2.061000000000001,-7.353353013769935e-11,-2.1109190347663107e-10
2.0710000000000006,-1.1840067733263553e-10,-1.9282211513128026e-10
2.0810000000000004,-1.5978116883089413e-10,-1.6484581644706364e-10
2.091,-1.9573256830671073e-10,-1.2785368708985724e-10
2.101000000000001,-2.2446299777608188e-10,-8.292178576650415e-11
2.1110000000000007,-2.2841245283203413e-10,9.218652802090298e-11
2.1210000000000004,-2.095324356068419e-10,1.4560407665025533e-10
2.1310000000000002,-1.7985763273050808e-10,1.9611345938628099e-10
2.141000000000001,-1.3993568126078352e-10,2.4165435305363177e-10
2.1510000000000007,-9.069396007804246e-11,2.80296033010692e-10
2.1610000000000005,-1.404642502927662e-10,2.6172042301276044e-10
2.1710000000000003,-4.374533208632599e-13,1.8487513112259897e-15
2.181,-3.819461947553472e-13,6.8765313495620555e-15
2.1910000000000007,-2.890921958606517e-13,1.2865669495561402e-14
2.2010000000000005,-1.4991825812306592e-13,1.9274563739663824e-14
2.2110000000000003,4.7850177754911846e-14,2.531155316973198e-14
2.221,3.223157954821505e-13,2.989362228301992e-14
2.2310000000000008,7.026181717998885e-13,3.155024613927701e-14
2.2410000000000005,1.2402484563962581e-12,2.817263868357689e-14
2.2510000000000003,2.037622827990381e-12,1.6319571064031734e-14
2.261,3.3328830962085175e-12,-1.0951247605134395e-14
2.271000000000001,1.674639404707667e-9,2.1437394166080223e-8
2.2810000000000006,1.4744372268088704e-9,4.965918407937488e-7
2.2910000000000004,1.743660349712943e-9,3.9719190382017604e-8
2.301,9.867549649018936e-9,7.008508174818609e-9
2.311000000000001,8.556106841848804e-8,1.2882115171387066e-8
2.3210000000000006,8.480197381939225e-8,-1.3603436679543692e-8
2.3310000000000004,9.530792016251863e-9,1.822202658541742e-10
2.341,-5.152919516878037e-11,-3.0398505587110545e-12
2.351000000000001,7.082875614932657e-9,7.574922252272774e-10
2.3610000000000007,2.104792207442472e-12,-2.456334941871454e-14
2.3710000000000004,6.94695200570156e-13,-3.8126528699621e-14
2.3810000000000002,4.9387152670196396e-14,-2.2451655681996033e-14
2.391000000000001,-2.3057521912188703e-13,-8.857011795506182e-15
2.4010000000000007,-3.3150838377949745e-13,-1.248742475340224e-15
2.4110000000000005,-2.5748497220079822e-11,1.7163937607424483e-11
2.4210000000000003,-2.5080539357443212e-11,8.631930248508957e-12
2.431,1.0645290993834731e-10,1.0717909847904435e-12
2.4410000000000007,1.8003995879626052e-10,1.8662482162142908e-12
2.4510000000000005,-1.193214219401096e-11,6.978829313895734e-12
2.4610000000000003,-4.172096104306039e-15,-2.106701873465124e-20
2.471,5.032862507068895e-13,-3.3278746918393006e-12
2.4810000000000008,8.624188066577781e-12,2.917968931502828e-13
2.4910000000000005,1.3633181984644719e-11,1.5878565308766074e-13
2.5010000000000003,1.7379194066166367e-11,2.9956516021391486e-13
2.511,5.497557288178238e-12,-2.5683159971573072e-14
2.521000000000001,-8.660631334864537e-14,8.122815170761198e-17
2.5310000000000006,-1.5813976214900505e-14,6.67796555782476e-18
2.5410000000000004,1.1857855085385548e-11,1.8662205442319642e-13
2.551,8.954908169015134e-12,5.471342925546634e-14
2.561000000000001,5.4666520235572535e-12,-2.1000805156885942e-14
2.5710000000000006,2.049072183518829e-12,-1.0383376880759985e-13
2.5810000000000004,3.1168479335758346e-13,1.1712128919328715e-12
2.591,6.00698152266482e-13,1.1654356580472173e-12
2.601000000000001,8.507407690330667e-13,1.0978437666048426e-12
2.6110000000000007,-8.010383615388495e-17,3.3020391701359804e-21
2.6210000000000004,-2.1721477510693972e-16,-5.687330990654668e-21
2.6310000000000002,-7.677544794662692e-15,2.2812648849133573e-19
2.641000000000001,-7.583883152595656e-15,2.1345207874731725e-18
2.6510000000000007,-6.8814411582418916e-15,2.752549386775652e-18
2.6610000000000005,-5.4926873793913175e-15,2.102388723530106e-18
2.6710000000000003,-3.2607846355193593e-15,7.279958935008195e-19
2.681,5.371133291068991e-13,-2.557407131684515e-13
2.6910000000000007,-6.7899514286073445e-15,1.5356960294275954e-18
2.7010000000000005,-6.299070187184058e-15,2.440973780720727e-18
2.7110000000000003,-5.616609339421431e-15,2.524460405856191e-18
2.721,-4.8018428617411e-15,2.0572238736781894e-18
2.7310000000000008,-3.9090334400020476e-15,1.3047852317083348e-18
2.7410000000000005,-2.9860170984350476e-15,4.907959931167042e-19
2.7510000000000003,2.9219769535330366e-13,-6.624249343136119e-12
2.761,2.3728352924891384e-11,-3.206086893197907e-13
2.771000000000001,3.197097547002811e-11,-6.312645434623086e-13
2.7810000000000006,3.772320705268454e-11,-8.826888227986041e-13
2.7910000000000004,4.124011808384031e-11,-1.0752794616585254e-12
2.801,4.2809850945083056e-11,-1.2114970166334586e-12
2.811000000000001,4.273389764175787e-11,-1.295281728404451e-12
2.8210000000000006,4.131700601348273e-11,-1.3317359777963073e-12
2.8310000000000004,-2.8117038333469035e-13,-9.547993614895261e-15
2.841,-3.180935484433478e-13,-3.6606955455257795e-15
2.851000000000001,-3.4962643008256357e-13,2.3428750205916796e-15
2.8610000000000007,-3.7569313701855683e-13,8.216712444961248e-15
2.8710000000000004,-3.9630692968467257e-13,1.3728698135488693e-14
2.8810000000000002,-4.115656911642481e-13,1.8669593183202685e-14
2.891000000000001,-4.2162887533102194e-13,2.2856467445358406e-14
2.9010000000000007,-4.267403561679684e-13,2.6143234912626682e-14
2.9110000000000005,-4.2717718508764386e-13,2.841798813094377e-14
2.9210000000000003,-4.232721712020484e-13,2.9609561976193594e-14
2.931,-4.1538375329354516e-13,2.9686009409733777e-14
2.9410000000000007,-4.038998359807562e-13,2.865523337986353e-14
2.9510000000000005,-3.8921219538090933e-13,2.65610075620569e-14
2.9610000000000003,-3.7172255254038335e-13,2.3481803256174313e-14
2.971,-3.5182758237605024e-13,1.9525928863463867e-14
2.9810000000000008,-3.2990993493066445e-13,1.4826047572102915e-14
2.9910000000000005,-3.0633124495382696e-13,9.53382761787159e-15
3.0010000000000003,-2.814387310951843e-13,3.816346957062021e-15
3.011,2.0331303628211143e-9,-1.9752679925931896e-10
3.021000000000001,2.3978218934351655e-9,-2.6103065923142154e-10
3.0310000000000006,2.7174758096625498e-9,-3.1824305776487807e-10
3.0410000000000004,2.9956426128476884e-9,-3.685779501440847e-10
3.051,3.2358203584667087e-9,-4.1164701974047486e-10
3.061000000000001,3.441188993095994e-9,-4.471980301920436e-10
3.0710000000000006,3.614817673892639e-9,-4.75144363588706e-10
3.0810000000000004,3.759509166721466e-9,-4.955281225341383e-10
3.091,3.8779272757659755e-9,-5.085168157087503e-10
3.101000000000001,3.972437832886533e-9,-5.143789080858562e-10
3.1110000000000007,4.045211218136231e-9,-5.134707388805312e-10
3.1210000000000004,4.098244299899412e-9,-5.062424820296753e-10
3.1310000000000002,4.1332888167649765e-9,-4.931940538408299e-10
3.141000000000001,4.151933438295525e-9,-4.748989786667625e-10
3.1510000000000007,4.15554198981942e-9,-4.5195853106873475e-10
3.1610000000000005,4.145344717200301e-9,-4.2501825111483423e-10
3.1710000000000003,4.122365107126702e-9,-3.9473483184255097e-10
3.181,4.0874975391391585e-9,-3.6178715885405646e-10
3.1910000000000007,4.738435876218565e-9,-2.220673241567952e-9
3.2010000000000005,3.892122946061875e-9,3.6219932612220026e-10
3.2110000000000003,3.836587150507773e-9,4.0135728174433576e-10
3.221,3.772739899151417e-9,4.370448290521327e-10
3.2310000000000008,3.7006156900071696e-9,4.687657571535763e-10
3.2410000000000005,3.6201654150467455e-9,4.961003858140967e-10
3.2510000000000003,3.5313172729297796e-9,5.18687086718558e-10
3.261,3.4339178748499546e-9,5.362242407982018e-10
3.271000000000001,3.327845058512225e-9,5.48487642730552e-10
3.2810000000000006,3.2129356093780515e-9,5.553159945157537e-10
3.2910000000000004,3.089032762180783e-9,5.566205028300533e-10
3.301,2.9559898196639503e-9,5.523745517641401e-10
3.311000000000001,2.8137098573294528e-9,5.426233941107832e-10
3.3210000000000006,2.6621316827352673e-9,5.274882098829466e-10
3.3310000000000004,2.501233860060817e-9,5.071338082377146e-10
3.341,2.3310870967573056e-9,4.818057451050368e-10
3.351000000000001,2.1518105784810908e-9,4.517939603427516e-10
3.3610000000000007,1.9636024212272657e-9,4.1744412956913005e-10
3.3710000000000004,1.76678548195258e-9,3.7915831552908933e-10
3.3810000000000002,3.6115942492123918e-9,6.015354214434275e-10
3.391000000000001,3.488374468184602e-9,5.941310612979889e-10
3.4010000000000007,3.358766221109432e-9,5.823178277670692e-10
3.4110000000000005,3.2229092670651572e-9,5.664550588141022e-10
3.4210000000000003,3.08107752518475e-9,5.469399994406669e-10
3.431000000000001,2.9335589482593837e-9,5.241727796688765e-10
3.4410000000000007,2.7807919005169482e-9,4.985818084706865e-10
3.4510000000000005,2.623239593886281e-9,4.705946790484502e-10
3.4610000000000003,2.46145284556993e-9,4.4064928627204366e-10
3.471,2.296057777557679e-9,4.0917648613062974e-10
3.4810000000000008,2.1277527473747912e-9,3.7660215562330097e-10
3.4910000000000005,1.957265448944683e-9,3.433367305674708e-10
3.5010000000000003,1.785385656170391e-9,3.097747459135604e-10
3.511,1.6129382570817313e-9,2.7628793264277605e-10
3.521,1.4407805648049301e-9,2.4322667178293513e-10
3.5309999999999997,1.2697723583812936e-9,2.109058897585999e-10
3.5410000000000013,1.1008022854744347e-9,1.7961452555641085e-10
3.551000000000001,9.347074393164197e-10,1.4960114542050286e-10
3.561000000000001,7.723756039099027e-10,1.2108851186631077e-10
3.5710000000000006,6.145912338448261e-10,9.42532837976903e-11
3.5810000000000004,4.621499873033807e-10,6.924322601239882e-11
3.591,3.157693026070237e-10,4.616570269334074e-11
3.601,1.7612503312231717e-10,2.509617652838541e-11
3.6109999999999998,4.3817217711118254e-11,6.075442693398093e-12
3.6210000000000013,8.715780039924768e-14,-4.355752759651192e-16
3.631000000000001,7.69017376767e-14,-1.0099672173344862e-15
3.641000000000001,6.713034060598013e-14,-1.4595193568720835e-15
3.6510000000000007,5.785531701077263e-14,-1.7957756201013554e-15
3.6610000000000005,4.908641197447828e-14,-2.0302743021341115e-15
3.6710000000000003,4.082894157231813e-14,-2.1746291054177655e-15
3.681,3.308660766867864e-14,-2.2403419458675822e-15
3.691,2.5857682148636544e-14,-2.2385963710227396e-15
3.7009999999999996,1.9138949321349256e-14,-2.1800411895538175e-15
3.711000000000001,1.2922964011176991e-14,-2.074932479562409e-15
3.721000000000001,7.203981482266384e-15,-1.932809468197849e-15
3.7310000000000008,1.969817316218054e-15,-1.7625145702109512e-15
3.7410000000000005,-2.790912476499622e-15,-1.5721867593938683e-15
3.7510000000000003,-7.091797476391456e-15,-1.3691673473833466e-15
3.761,-1.0948082503032793e-14,-1.1599800002695967e-15
3.771,-1.437507982446122e-14,-9.504748882597158e-16
3.7809999999999997,-1.7388959288783077e-14,-7.456482728039518e-16
3.7910000000000013,-2.0007158842796223e-14,-5.497617753642338e-16
3.801000000000001,-2.224770592004654e-14,-3.6631728402433575e-16
3.811000000000001,-2.4128448603280225e-14,-1.9822413982316533e-16
3.8210000000000006,-2.56666203908534e-14,-4.7662995345122625e-17
3.8310000000000004,-2.688125661495033e-14,8.375905235269381e-17
3.841,-1.1501819607086485e-16,1.2036789315015392e-21
3.851,-1.5531620129955892e-13,2.5459847355025458e-15
3.8609999999999998,-1.5927135890842214e-13,5.788942011331092e-15
3.8710000000000013,-1.6131045847805976e-13,8.444240791799917e-15
3.881000000000001,-1.6161611085536426e-13,1.0501038824840216e-14
3.891000000000001,-1.603738846328085e-13,1.1962726511714413e-14
3.9010000000000007,-1.577516496570839e-13,1.2842696794414731e-14
3.9110000000000005,-1.5391265727893333e-13,1.3165312498721822e-14
3.9210000000000003,-1.4901244958493405e-13,1.2963404103029016e-14
3.931,-1.4319373151235424e-13,1.2276488178142312e-14
3.941,-1.3658887629196088e-13,1.1149825970957273e-14
3.9509999999999996,-1.2932027925643218e-13,9.633170672301749e-15
3.961000000000001,-1.2149799907652463e-13,7.778987477079276e-15
3.971000000000001,-1.132257345865906e-13,5.642812673299157e-15
3.9810000000000008,-1.0459239949312552e-13,3.2800645309767982e-15
3.9910000000000005,-9.567993335869059e-14,7.4707901787382e-16
4.001,1.1188464340345194e-9,-1.1123684515047245e-10
4.011,1.3451834567643728e-9,-1.5929899489952922e-10
4.021,1.552316591163273e-9,-2.0484509204758491e-10
4.031,1.7411509287596685e-9,-2.474785534578691e-10
4.041000000000001,1.912613838688758e-9,-2.8687347599690374e-10
4.051000000000001,2.06766522940924e-9,-3.2277839304536806e-10
4.061000000000001,2.2072407489232786e-9,-3.5499232353624285e-10
4.071000000000001,2.332175948641808e-9,-3.8334751788116036e-10
4.081,2.4434158787730997e-9,-4.077625902076153e-10
4.091,2.5417744803057716e-9,-4.281658984832166e-10
4.101,2.6280860407372246e-9,-4.445445404100154e-10
4.111,2.703138093351811e-9,-4.569110727117423e-10
4.121000000000001,2.767643569792786e-9,-4.653036143765359e-10
4.131000000000001,2.8223444262003654e-9,-4.698031044617722e-10
4.141000000000001,2.8679166449177646e-9,-4.705098282377857e-10
4.151000000000001,2.9049965500732873e-9,-4.675394369516897e-10
4.1610000000000005,-1.1366503772564241e-13,-1.636394007206843e-14
4.171,-1.0356476832541375e-13,-1.7290183541752076e-14
4.181,-9.339561648413791e-14,-1.816798124449969e-14
4.191,-8.318961981104751e-14,-1.8992777240930517e-14
4.201000000000001,-7.297747457790536e-14,-1.9761474710553784e-14
4.211000000000001,-6.278939430104752e-14,-2.0471206426783908e-14
4.221000000000001,-5.264954763129271e-14,-2.112134466831021e-14
4.231000000000001,-4.258218838887065e-14,-2.1710627387060558e-14
4.2410000000000005,-3.261071772796384e-14,-2.224006847382139e-14
4.251,-2.2753544560135668e-14,-2.2710068244304516e-14
4.261,-1.302936637586344e-14,-2.3123423580415457e-14
4.271,-3.453895896467023e-15,-2.3482489781341147e-14
4.281,5.958264097044549e-15,-2.379048317966123e-14
4.291000000000001,1.5192857712605463e-14,-2.405080104192702e-14
4.301000000000001,2.4238476734735306e-14,-2.4268065596739595e-14
4.311000000000001,3.308081599890751e-14,-2.4446742866258793e-14
4.321000000000001,4.171305493196017e-14,-2.4591124768909892e-14
4.331,5.012516805896062e-14,-2.4706721646098393e-14
4.341,5.830809735267317e-14,-2.479838955797683e-14
4.351,6.62506533153383e-14,-2.4871152723898822e-14
4.361,7.39514611235607e-14,-2.4930125422920774e-14
4.371000000000001,1.1585498647969754e-13,-3.1449387555947613e-15
4.381000000000001,7.613722343897034e-12,6.556622043287889e-13
4.391000000000001,2.8540161767766525e-15,-6.491873842806814e-19
4.401000000000001,2.5678809598105078e-15,-4.20691142602217e-18
4.4110000000000005,2.231247202210612e-15,-7.993567718927939e-18
4.421,1.8461556024500986e-15,-1.18291902218894e-17
4.431,1.415355701753892e-15,-1.5512751776803114e-17
4.441,9.422668076115887e-16,-1.8829278585621783e-17
4.451000000000001,4.3094262351830877e-16,-2.156124338252125e-17
4.461000000000001,-1.139318574568587e-16,-2.3497553759382252e-17
4.471000000000001,-6.871353584677982e-16,-2.4445238741505647e-17
4.481000000000001,-1.2828827815124013e-15,-2.4240585630724733e-17
4.4910000000000005,-1.7164398584818387e-16,-1.193230139363378e-17