-4.499,-4.499000057866085,7.180039510240307e-10
-4.489,-4.4890000641480645,-8.635968137809824e-13
-4.479,-4.4790000026895,-2.917236648340394e-9
-4.468999999999999,-4.469000094600743,2.9909402644727553e-9
-4.459,-4.459000007281113,-1.1297023562147207e-9
-4.449,-4.449000001147874,-5.097042832001747e-9
-4.439,-4.439000099851788,1.7769215874933635e-9
-4.428999999999999,-4.429000002998891,-2.5999935601161944e-9
-4.419,-4.419000001412956,-5.8766208689869534e-9
-4.409,-4.409003503550016,7.000905800213364e-7
-4.399,-4.39900002340387,-1.5223273297553348e-11
-4.388999999999999,-4.389000062618886,-2.8909116537857415e-10
-4.379,-4.3790000010840595,-7.644022041557303e-11
-4.369,-4.369000041204669,7.417084033705993e-11
-4.359,-4.359000007859288,-4.7653010092425443e-11
-4.348999999999999,-4.353828796584077,5.224635765844745e-25
-4.3389999999999995,-4.344012562218145,-0.000010987595136648831
-4.329,-4.3290000964748145,2.59530724304697e-9
-4.319,-4.3190000006332765,-1.0825983223172831e-9
-4.308999999999999,-4.309000004359058,3.6953372652026637e-10
-4.2989999999999995,-4.299000095456614,3.051699634247255e-9
-4.289,-4.2890006107611,-4.663306734134652e-9
-4.279,-4.279000255914159,-2.3981520106666746e-11
-4.268999999999999,-4.269000609051787,-1.8151240724365055e-9
-4.2589999999999995,-4.259000007106775,-9.063973548999536e-10
-4.249,-4.249000001429869,-3.835483283234786e-9
-4.239,-4.239000091235635,4.558621631310168e-9
-4.228999999999999,-4.229000093008064,1.2600395461730803e-9
-4.218999999999999,-4.2190000040356805,-1.4393890915243425e-8
-4.209,-4.209000600343871,-2.7319173641895995e-9
-4.199,-4.199000013795081,7.034059983968001e-10
-4.189,-4.189000086005055,2.9811509756380694e-9
-4.178999999999999,-4.179000595920379,-6.457563772655561e-9
-4.169,-4.169000003753278,1.5125767061173678e-10
-4.159,-4.159000024902005,-1.6050089509518697e-8
-4.149,-4.149000381629334,5.108883566086238e-9
-4.138999999999999,-4.139000095169976,-5.907465215442895e-10
-4.129,-4.1290003808551035,-1.696888929594245e-8
-4.119,-4.119000091340318,3.042373600400379e-9
-4.109,-4.1090000389820105,-7.081704089384134e-11
-4.098999999999999,-4.099000056691842,-2.6512363307817163e-9
-4.0889999999999995,-4.089000058357602,-6.782480995709062e-14
-4.079,-4.079000375087145,-1.1458702240136618e-10
-4.069,-4.069000013053289,-7.581742944379711e-9
-4.058999999999999,-4.059000056891055,-1.678110426649246e-9
-4.0489999999999995,-4.049000013809458,-1.7104462185788557e-10
-4.039,-4.03900000727188,-3.047431346783731e-11
-4.029,-4.029000370559627,4.113381644282039e-9
-4.019,-4.0190003698868075,-8.721400469891168e-9
-4.0089999999999995,-4.0090000272765405,2.32717667855206e-10
-3.9989999999999997,-3.9990000137154187,-2.886668577082984e-11
-3.989,-3.9890000033563533,-7.091021794022808e-9
-3.9789999999999996,-3.9790000075059364,-1.6886133267237233e-8
-3.9689999999999994,-3.969000366181531,-1.6912682082329076e-8
-3.9589999999999996,-3.959651061455094,7.086551938485285e-29
-3.949,-3.9490000107716643,-7.961986467801256e-9
-3.9389999999999996,-3.9390000128476506,-5.92390876680599e-9
-3.9289999999999994,-3.9290000070258886,2.6208209989600537e-11
-3.9189999999999996,-3.9190000037806403,-9.571485916526437e-10
-3.909,-3.909000003083832,-1.8288691593659333e-9
-3.8989999999999996,-3.8990000556066997,-7.19008075563832e-11
-3.889,-3.889422622743146,2.088459033801289e-30
-3.8789999999999996,-3.879000008712178,-6.879116925319101e-9
-3.8689999999999998,-3.8695256210893607,-8.660498207192844e-28
-3.8589999999999995,-3.8590000365694666,-9.575591959370208e-15
-3.8489999999999998,-3.8490000548911247,-3.6588501622352334e-11
-3.8389999999999995,-3.8390000501509123,-6.438579960614083e-9
-3.8289999999999997,-3.829000054565698,-4.282259745704362e-10
-3.8189999999999995,-3.8192068223174007,-1.6559505556889918e-34
-3.8089999999999997,-3.809000047180611,-3.2660862421392053e-9
-3.7989999999999995,-3.7991890911212023,8.458821545731325e-37
-3.7889999999999997,-3.7892465908866715,-6.25358752491889e-42
-3.779,-3.779138760718575,1.9789155611712275e-36
-3.7689999999999997,-3.7691286922663023,-1.8091196913956126e-37
-3.7589999999999995,-3.759000048475931,-6.762554875401707e-9
-3.7489999999999997,-3.749000008781734,-1.2336071257029213e-8
-3.739,-3.739000025943309,-7.20123757877914e-11
-3.7289999999999996,-3.729079573713078,-1.8624752842484967e-42
-3.7189999999999994,-3.7190000006135264,-4.107062552530318e-9
-3.7089999999999996,-3.709000001117163,-3.436597484897237e-9
-3.699,-3.6990000116592374,-7.348258794352212e-9
-3.6889999999999996,-3.6890687262467985,-7.309199264121238e-11
-3.6789999999999994,-3.6790431406356507,-4.983461720828221e-25
-3.6689999999999996,-3.6690359210056736,-4.213498140632117e-25
-3.659,-3.6590301878591007,-1.7242867376490769e-10
-3.6489999999999996,-3.6490257040708554,2.874624355284302e-8
-3.639,-3.6390420070084333,-1.862843040708418e-7
-3.6289999999999996,-3.6290183333526596,0.0003095566048294283
-3.6189999999999998,-3.619015396694356,0.0002706566172469031
-3.6089999999999995,-3.6090137378624947,1.4762604682699077e-8
-3.5989999999999998,-3.599010782994274,0.00020216028444333467
-3.5889999999999995,-3.5890089176040965,0.0001733717308423574
-3.5789999999999997,-3.5790073618988942,0.0001475395122768985
-3.5689999999999995,-3.609377591548051,1.8205373297141183e-22
-3.5589999999999997,-3.5590050521112384,0.00010641952629271103
-3.5489999999999995,-3.5881628453032572,-8.695179823123583e-23
-3.5389999999999997,-3.577049925275278,-3.316562609299526e-23
-3.529,-3.566667168404268,-1.857770962795443e-24
-3.5189999999999997,-3.5190019145734577,-0.0000485825168106248
-3.5089999999999995,-3.544629171803949,8.957735730295788e-24
-3.4989999999999997,-3.4990011227036177,-0.000030817772234394865
-3.489,-3.4890008446619123,-0.000024079867467519052
-3.4789999999999996,-3.4790003841979136,-0.000018628106512767897
-3.4689999999999994,-3.5022144644282656,1.5922004782008647e-22
-3.4589999999999996,-3.4590003324374323,-0.000010488293843561163
-3.449,-3.480249201309161,3.836029321190323e-21
-3.4389999999999996,-3.4693949527699193,-3.919877885785106e-27
-3.4289999999999994,-3.4290001144730375,-3.855561948407674e-6
-3.4189999999999996,-3.448848460141939,-7.473605829738734e-22
-3.409,-3.4090000012536277,-1.7124866536042842e-6
-3.3989999999999996,-3.4266693296717983,-6.570651959962693e-22
-3.3889999999999993,-3.3889999949028895,4.712470664016051e-7
-3.3789999999999996,-3.3790000060563776,-2.0645992932214463e-11
-3.3689999999999998,-3.3690000114704253,-1.9644896820509463e-10
-3.3589999999999995,-3.359000006038745,-1.1674802577595492e-10
-3.3489999999999993,-3.3490000060106184,-8.385031318004084e-11
-3.3389999999999995,5.292826906504437,1.3902372760938282e-22
-3.3289999999999997,-3.329000005810861,-2.8129007467130463e-10
-3.319,-3.319000003594037,-1.751950632216546e-10
-3.3089999999999997,-3.3090000002369715,-1.2252962955781017e-9
-3.2989999999999995,-3.319975404808729,1.3849657069500093e-24
-3.2889999999999997,-3.2890000034584683,-3.808530640052363e-9
-3.279,4.615375874703487,1.0517993621901401e-20
-3.2689999999999997,5.014886645923352,-9.245569733415414e-18
-3.2589999999999995,4.822796688193486,2.242529574798944e-23
-3.2489999999999997,5.454097196772482,-3.9640122870570927e-22
-3.239,4.5368318540514,-4.560215108042567e-18
-3.2289999999999996,5.206487632398455,-1.24555356248926e-16
-3.2189999999999994,5.054172520924713,-3.9853592844534005e-23
-3.2089999999999996,5.05980895756738,-1.640051745132998e-17
-3.199,4.475910449287448,0.023547459279891804
-3.1889999999999996,4.859666635350883,5.019894657224011e-22
-3.1789999999999994,4.840683477739021,-2.0618551052548897e-18
-3.1689999999999996,4.83252277739049,-3.982791446705433e-21
-3.159,4.93811250519325,-2.368612549758595e-17
-3.1489999999999996,4.548604988996447,-9.517611625843747e-18
-3.1389999999999993,4.605474600328876,-0.012714515281732612
-3.1289999999999996,4.335938753318963,-0.0440767426754078
-3.1189999999999998,5.010480100966979,1.2230165155294934e-22
-3.1089999999999995,4.377446306733872,0.011120805688698205
-3.0989999999999993,4.469602132540756,-2.3964649384089403e-19
-3.0889999999999995,4.458689500138277,6.482843047578272e-18
-3.0789999999999997,4.4442556637932045,-9.524243633242699e-20
-3.069,4.8349042571477145,6.0219798281763186e-24
-3.0589999999999997,5.059852288841566,3.0168173097137126e-24
-3.0489999999999995,4.266386392120788,2.5277910695952684e-17
-3.0389999999999997,4.8092622657425235,-3.0572955389302346e-23
-3.029,4.50277395855793,-0.011879871283693022
-3.0189999999999997,4.275931147299448,-0.02120238008605871
-3.0089999999999995,4.860007662751111,-2.411632963033816e-19
-2.9989999999999997,4.87028481807328,-7.892355573530066e-22
-2.989,4.893768504981357,-2.1648507012884445e-17
-2.9789999999999996,4.1340273761830035,0.039323589872385586
-2.9689999999999994,4.173397658641148,2.151823961956781e-18
-2.9589999999999996,4.279823101847528,-0.010439060443608775
-2.949,4.235818000050733,3.279797365907809e-19
-2.9389999999999996,4.221454666829289,5.447595544524886e-17
-2.9289999999999994,4.416772029782624,-1.6885021708778698e-20
-2.9189999999999996,4.129625800100077,-1.300169832368054e-20
-2.909,4.446047862164236,4.77354814649284e-19
-2.8989999999999996,4.075002962790431,1.7904993931527784e-17
-2.8889999999999993,4.644770437527407,5.208862739848334e-17
-2.8789999999999996,4.419469871132765,5.972510547178298e-22
-2.8689999999999998,4.401262947093284,-3.201831276906466e-21
-2.8589999999999995,4.311217416520983,5.6431578722970395e-21
-2.8489999999999993,4.293400129705134,-1.3026944044776114e-22
-2.8389999999999995,4.272148093848798,-1.7720633907813107e-16
-2.8289999999999997,4.244222376494269,1.2768172710276734e-21
-2.819,4.312093519271906,-1.196434864226054e-14
-2.8089999999999997,4.277287736134969,-1.2399681058148064e-20
-2.7989999999999995,4.0455017571292755,8.297165655558987e-17
-2.7889999999999997,4.255797303171203,1.9404890138947778e-20
-2.779,4.234875540958726,1.282003685958425e-21
-2.7689999999999997,4.1576171288747625,-8.668234699704835e-21
-2.7589999999999995,4.058148349940894,4.5680388174449957e-20
-2.7489999999999997,4.127587969045304,-2.585822164575822e-18
-2.739,4.112573390244457,-6.664673513397876e-18
-2.7289999999999996,4.091090425190155,-1.9755658441355353e-17
-2.7189999999999994,4.137602199206064,-3.1951992402502406e-18
-2.7089999999999996,4.104736427551304,3.80120669827952e-17
-2.699,4.043553018953351,1.772485973768692e-17
-2.6889999999999996,4.085421239474069,-4.897716297713421e-18
-2.6789999999999994,4.05521816032087,2.4842570574518085e-23
-2.6689999999999996,4.05167188233505,1.1905176811719956e-19
-2.659,4.028975932904938,6.834423181308938e-21
-2.6489999999999996,3.9686456747585144,1.4628704590130198e-18
-2.6389999999999993,4.000485774790244,6.286167301230695e-16
-2.6289999999999996,4.073282659325058,-1.38568921490176e-22
-2.6189999999999998,4.196494379044708,-6.742480575689522e-20
-2.6089999999999995,3.9404942842004433,1.3062301648434355e-22
-2.5989999999999993,3.876453848185287,-9.617701251279302e-21
-2.5889999999999995,3.619769538883355,0.028484705678845985
-2.5789999999999997,3.643056893633135,1.2766345621329998e-19
-2.569,3.6325875248592143,4.8398644705430665e-17
-2.5589999999999997,3.8941283127112847,6.941216929182071e-18
-2.5489999999999995,3.7907831834918335,-0.007801443719016853
-2.5389999999999997,3.9071425772818875,1.960882916139691e-16
-2.529,3.82641511654327,-0.008042392835479542
-2.5189999999999997,3.6203735872467133,1.758287286479971e-18
-2.5089999999999995,3.6158275465875147,3.219096068475945e-8
-2.4989999999999997,3.6751343072809415,-0.007256720976768534
-2.4889999999999994,3.756156278180147,4.128305552222197e-20
-2.4789999999999996,3.5525964411612168,1.0015023796432769e-17
-2.4689999999999994,3.5382660492102382,5.888749130538032e-18
-2.4589999999999996,3.534141472170506,2.290719376810882e-24
-2.449,3.5212555319501346,5.897558354655458e-19
-2.4389999999999996,3.619678998286782,-6.119783656161473e-23
-2.429,3.8386163507186537,-9.185316802519275e-21
-2.4189999999999996,3.6240720958068073,-1.389314529416006e-19
-2.409,3.3978692653255687,7.807044826944484e-6
-2.3989999999999996,3.390842539938881,-6.198062611850038e-7
-2.389,3.479526163264367,5.460740281867652e-21
-2.3789999999999996,3.411965188840208,1.0190247231878978e-15
-2.3689999999999998,3.589565256411882,-7.525756026370674e-21
-2.3589999999999995,3.956440333240063,-1.943996782864555e-19
-2.3489999999999998,4.140637903488372,4.2453697197110007e-17
-2.3389999999999995,3.577873013165539,-1.3872646072059489e-21
-2.3289999999999997,4.080313224771617,-3.1246559115035497e-16
-2.3189999999999995,4.044910219129624,1.2741440344123238e-21
-2.3089999999999997,4.011321678192526,4.295396701014352e-17
-2.2989999999999995,3.9704895420332496,-4.649060212417324e-18
-2.2889999999999997,3.946057950510064,2.528100174630938e-17
-2.2789999999999995,3.9168461839427153,-1.9577759364992238e-23
-2.2689999999999997,3.8596022104647645,-4.719617953290801e-14
-2.2589999999999995,3.328055256933691,3.8079188690723776e-22
-2.2489999999999997,3.8291380136686306,-1.7306218224525127e-21
-2.2389999999999994,3.171409476029491,-0.00036609589436599477
-2.2289999999999996,3.7665375082763344,-5.86992524687821e-23
-2.2189999999999994,3.746181374082196,-1.8046352845406212e-16
-2.2089999999999996,3.720622340897551,4.28305112367466e-23
-2.1989999999999994,3.3265402563765645,5.109319810716536e-16
-2.1889999999999996,3.665614933970452,1.5044728099392649e-16
-2.179,3.640456263140077,-1.3407329160369627e-19
-2.1689999999999996,3.614107460010894,-1.1543533675103713e-20
-2.159,3.3498917734594933,-3.9742620532337935e-24
-2.1489999999999996,3.5695453668596033,2.245169042358822e-19
-2.139,3.5214891364254783,-2.6169953943166395e-20
-2.1289999999999996,3.5215675113908382,1.788318066905702e-18
-2.1189999999999998,3.4987284270162693,-3.079224844363605e-17
-2.1089999999999995,3.4752230942629496,-5.959264049540402e-17
-2.0989999999999998,3.452531694765159,-4.0839482496737847e-22
-2.0889999999999995,3.4073064732310145,-4.035677472795835e-15
-2.0789999999999997,3.40388184438084,3.525590008995473e-15
-2.0689999999999995,3.3844852082045884,1.2712383279148576e-15
-2.0589999999999997,3.362336010124344,3.5236177670754124e-18
-2.0489999999999995,3.3408829276693597,3.2526606161662545e-23
-2.0389999999999997,2.978988988503216,0.008542925183916649
-2.0289999999999995,3.0532708865943223,5.532892526809226e-18
-2.0189999999999997,3.2761211509760595,4.8176277806175264e-18
-2.0089999999999995,3.254932626968547,-2.370304838501261e-22
-1.9989999999999997,3.1273164023999613,-4.0746390913341954e-17
-1.9889999999999994,3.212571624903612,2.338367580929884e-18
-1.9789999999999996,3.1909923766630106,-1.0181943862221484e-16
-1.9689999999999994,3.1711720216672137,6.197961485176154e-23
-1.9589999999999996,3.0557012745726833,-3.074287969649016e-22
-1.9489999999999994,3.038118863110243,4.80485616688967e-18
-1.9389999999999996,3.1000561135021045,3.0463687364510766e-16
-1.9289999999999998,2.9994804058601883,1.2489061478716635e-16
-1.9189999999999996,3.0705611052834856,-1.0059781675707062e-21
-1.9089999999999998,3.044942716338246,-2.371412427571741e-20
-1.8989999999999996,2.9441757056714244,-1.3137800672994252e-19
-1.8889999999999998,3.0104184769804756,1.5734235347976946e-16
-1.8789999999999996,2.992065450885288,-1.2131152982715674e-21
-1.8689999999999998,2.9727165345943436,1.8291240376287757e-17
-1.8589999999999995,2.8607475808991336,7.17554330428458e-19
-1.8489999999999998,2.930982873388269,7.188654386594648e-21
-1.8389999999999995,2.9151316747473865,-1.5088325708232537e-18
-1.8289999999999997,2.8029761608930968,-5.138329610594025e-18
-1.8189999999999995,2.8681519505738864,-1.405136938016916e-19
-1.8089999999999997,2.8588165097245017,6.365789496748662e-19
-1.7989999999999995,2.7804580773149015,-4.279772890986231e-17
-1.7889999999999997,2.818425776976307,1.030162907353877e-19
-1.7789999999999995,2.79802746171645,-4.82058461823796e-16
-1.7689999999999997,2.784520734447082,-3.087682884206992e-14
-1.7589999999999995,2.766572273821255,3.6246104352115617e-16
-1.7489999999999997,2.6953018034267613,-2.2218759137864192e-17
-1.7389999999999994,2.730430424109697,3.5175304588166456e-19
-1.7289999999999996,2.7072457106395027,3.585408217802054e-19
-1.7189999999999994,2.689286688296848,-3.577712576259432e-14
-1.7089999999999996,2.6736428180892866,8.809126551109192e-21
-1.6989999999999994,2.652883745157063,-9.534979305987941e-16
-1.6889999999999996,2.599150509592125,5.458267820386992e-17
-1.6789999999999998,2.621655523737732,7.034681001211595e-20
-1.6689999999999996,2.6060414160000733,-2.7532434487639014e-19
-1.6589999999999998,2.588945344032312,1.8291972281688057e-18
-1.6489999999999996,2.4036591976502897,0.009703884776534222
-1.6389999999999998,2.3905227481778235,0.00956367740567415
-1.6289999999999996,2.362877738598193,-0.018815698696688476
-1.6189999999999998,2.67612058263157,2.899856701316725e-21
-1.6089999999999995,2.6535429088468074,2.6399961953218618e-20
-1.5989999999999998,2.626107645559433,-8.090371162332538e-22
-1.5889999999999995,2.667488912516937,-7.448257616194943e-18
-1.5789999999999997,2.6553818401464517,-5.24144381646153e-22
-1.5689999999999995,2.1787778927856665,-5.2073564311897365e-20
-1.5589999999999997,2.4187060561502896,1.5610082044971477e-17
-1.5489999999999995,2.401555582138474,1.009116603005347e-22
-1.5389999999999997,2.370165872742983,-9.494530805276303e-16
-1.5289999999999995,2.3489950271514095,-1.0800187700236295e-15
-1.5189999999999997,2.353522670632194,4.144335297955242e-21
-1.5089999999999995,2.3278213076170293,4.880653064172487e-18
-1.4989999999999997,2.313473942198054,-4.299596762434937e-19
-1.4889999999999994,-1.488957050383585,2.0578166342132018e-19
-1.4789999999999996,-1.4789494180988452,5.9930276631837e-16
-1.4689999999999994,-1.4689405312230042,-3.387333393320613e-17
-1.4589999999999996,-1.4589302028764968,1.0475342626098342e-14
-1.4489999999999994,-1.4489182218819976,7.092683362113412e-13
-1.4389999999999996,-1.4389043502379537,-1.9401757733811469e-16
-1.4289999999999994,-1.4288883204197294,2.4477619301733055e-22
-1.4189999999999996,-1.418869832561754,-1.124283754327419e-21
-1.4089999999999998,-1.4088485514904208,-3.706246983212981e-16
-1.3989999999999996,-1.3988241036557134,4.117631418515666e-18
-1.3889999999999998,-1.3887960739770648,-2.0455752961135407e-14
-1.3789999999999996,-1.3787640026372954,1.7613814843319212e-14
-1.3689999999999998,-1.368727381858761,-3.0327069304642834e-16
-1.3589999999999995,-1.3586856527073023,-3.75758027786648e-17
-1.3489999999999998,-1.3486382019727738,8.758939663457134e-14
-1.3389999999999995,-1.3385843591780506,2.4368050666988596e-19
-1.3289999999999997,-1.3285233937745864,1.811005503379776e-18
-1.3189999999999995,-1.3184545125901663,1.6211151798583725e-16
-1.3089999999999997,-1.3083768575875097,4.0322560799322152e-22
-1.2989999999999995,-1.2982895040010032,-1.7826566471936085e-14
-1.2889999999999997,-1.2881914589123626,-1.7790243013715962e-14
-1.2789999999999995,-1.278081660324302,-3.8110106989498647e-25
-1.2689999999999997,-1.2679589767839359,9.569930387613007e-24
-1.2589999999999995,-1.257822207600439,3.1683329769866344e-23
-1.2489999999999997,-1.247670083689468,-7.280669429840003e-20
-1.2389999999999994,-1.2375012690653042,1.1626572809058327e-19
-1.2289999999999996,-1.2273143629868772,-9.899992738803997e-20
-1.2189999999999994,-1.2171079027485945,1.0009988534786657e-19
-1.2089999999999996,-1.2068803670909947,-1.5765164309788459e-24
-1.1989999999999994,-1.1966301801904509,1.0388795169291106e-20
-1.1889999999999996,-1.1863557161722764,-1.074868699430808e-20
-1.1789999999999994,-1.1760553040767787,-4.0239610174298926e-19
-1.1689999999999996,-1.1657272332011939,5.177190538452672e-16
-1.1589999999999998,-1.1553697587222567,3.811145094468e-15
-1.1489999999999996,-1.1449811075090934,9.22689580069946e-25
-1.1389999999999998,-1.1345594840263369,1.9019297585359276e-23
-1.1289999999999996,-1.1241030762298774,-7.952202600767967e-23
-1.1189999999999998,-1.1136100613621231,-7.26596096301433e-21
-1.1089999999999995,-1.1030786115590745,1.0782781941284966e-24
-1.0989999999999998,-1.0925068991908735,-1.3868174713785388e-26
-1.0889999999999995,-1.0818931018680644,-6.794616748849619e-26
-1.0789999999999997,-1.0712354070579355,-6.868166818247617e-17
-1.0689999999999995,-1.060532016260342,-4.636356421037348e-25
-1.0589999999999997,-1.0497811487676592,2.878153021092027e-18
-1.0489999999999995,-1.038981044828719,-6.067912888847387e-19
-1.0389999999999997,-1.0281299684837688,1.0916376860870465e-21
-1.0289999999999995,-1.0172262098046565,-4.2619322362702323e-19
-1.0189999999999997,-1.00626808671932,-1.2229580237779125e-18
-1.0089999999999995,-0.9952539463904443,-1.3236909284765809e-22
-0.9989999999999997,-0.984182166187199,2.0573209680415557e-22
-0.9889999999999994,-0.973051154286596,1.1009773953080798e-21
-0.9789999999999996,-0.9618593499450674,-3.3071004007296825e-21
-0.9689999999999994,-0.9506052234835933,-2.888154358480829e-19
-0.9589999999999996,-0.9392872760314802,-6.6948013837441086e-18
-0.9489999999999994,-0.9279040390745653,-1.2688598093545405e-16
-0.9389999999999996,-0.9164540738537706,1.2891375586504522e-24
-0.9289999999999994,-0.9049359706593728,8.62747763305674e-22
-0.9189999999999996,-0.8933483480655686,4.912877172557436e-19
-0.9089999999999998,-0.8816898521488682,3.0545848306698817e-16
-0.8989999999999996,-0.8699591557328363,-5.949399620559618e-25
-0.8889999999999998,-0.8581549577006984,-3.047921450362091e-21
-0.8789999999999996,-0.8462759824167603,2.10490841018779e-18
-0.8689999999999998,-0.8343209792970999,1.7326540922274303e-26
-0.8589999999999995,-0.8222887225702051,1.180640785189975e-25
-0.8489999999999998,-0.810178011268834,8.544629833692237e-17
-0.8389999999999995,-0.797987669495644,4.073677714561305e-27
-0.8289999999999997,-0.7857165470071577,1.074912320283423e-21
-0.8189999999999995,-0.7733635201633432,6.765154800901757e-21
-0.8089999999999997,-0.7609274932938309,2.9210623174345736e-22
-0.7989999999999995,-0.7484074005343848,-4.653799713373595e-24
-0.7889999999999997,-0.7358022082093133,1.2471890911544197e-27
-0.7789999999999995,-0.7231109177830466,6.849960374441978e-16
-0.7689999999999997,-0.710332569537353,1.2143145809127986e-19
-0.7589999999999995,-0.6974662469732675,-3.619167615409167e-25
-0.7489999999999997,-0.6845110820953691,2.287508530408871e-19
-0.7389999999999994,-0.6714662616646523,-2.2332256505702062e-17
-0.7289999999999996,-0.6583310345525347,-2.279627567122772e-19
-0.7189999999999994,-0.6451047203401934,1.644586922946005e-23
-0.7089999999999996,-0.6317867193287819,-1.1938112302540283e-16
-0.6989999999999994,-0.6183765241499471,-1.1403719753784943e-18
-0.6889999999999996,-0.6048737331934958,-2.204866230092728e-28
-0.6789999999999994,-0.591278066099413,5.565833385579365e-21
-0.6689999999999996,-0.5775893816062895,2.9850496653563087e-27
-0.6589999999999998,-0.5638076980563418,2.595628324821683e-17
-0.6489999999999996,-0.549933216973011,8.976667405002025e-21
-0.6389999999999998,-0.535966350086252,1.024443801601318e-23
-0.6289999999999996,-0.5219077503225505,2.129293355372555e-26
-0.6189999999999998,-0.5077583472945442,-1.210708290163388e-15
-0.6089999999999995,-0.4935193879161,-1.4321644528627194e-16
-0.5989999999999998,-0.4791924828453099,3.9276936789335995e-17
-0.5889999999999995,-0.4647796595452721,-9.089512831732581e-18
-0.5789999999999997,-0.45028342284465267,2.6164992497292534e-18
-0.5689999999999995,-0.43570682397428434,-8.901508223581809e-19
-0.5589999999999997,-0.4210535391602397,2.0352468779137539e-19
-0.5489999999999995,-0.4063279589120106,7.323530148708607e-20
-0.5389999999999997,-0.3915352892703877,-5.785339978287089e-20
-0.5289999999999995,-0.3766816662765387,-6.097872078164351e-21
-0.5189999999999997,-0.3617742849436125,4.186962078544681e-21
-0.5089999999999995,-0.3468215439576166,9.12808346236471e-22
-0.49899999999999967,-0.33183320714893993,2.581425512211995e-23
-0.4889999999999999,-0.3168205824743824,1.4898479259663293e-20
-0.4789999999999992,-0.3017967187382843,1.9730449017627516e-17
-0.4689999999999994,-0.2867766195057728,6.530001246802283e-23
-0.45899999999999963,-0.2717774725355473,-8.866796574684173e-28
-0.44899999999999984,-0.25681889149571546,-6.713075747349844e-17
-0.43899999999999917,-0.24192316459952537,-6.692108613582216e-20
-0.4289999999999994,-0.2271155020755168,3.579167859016616e-20
-0.4189999999999996,-0.21242427091253485,2.426055466897821e-20
-0.4089999999999998,-0.19788120118396063,5.825100385445754e-23
-0.399,-0.18352154352389313,-9.468490902650156e-20
-0.38899999999999935,-0.16938415229513973,-1.0013207107474798e-22
-0.37899999999999956,-0.15551146420915613,-1.8354584453958326e-25
-0.3689999999999998,-0.14194933847290186,-1.940597826843689e-28
-0.359,-0.12874672313363003,-3.28390504660205e-17
-0.3489999999999993,-0.11595511461346507,1.629678155627473e-19
-0.3389999999999995,-0.10362778501604186,2.632674973402881e-19
-0.32899999999999974,-0.09181876582994583,5.740853687956104e-18
-0.31899999999999995,-0.08058159756858971,1.6718848743294238e-15
-0.3089999999999993,-0.06996788160277066,-8.01482679704548e-28
-0.2989999999999995,-0.06002570004690732,-1.2868151521454815e-24
-0.2889999999999997,-0.050797997268416537,-1.2937718703440232e-21
-0.2789999999999999,-0.04232103642798146,-4.7655008843607005e-18
-0.26899999999999924,-0.03462305068976051,-4.316394437879706e-25
-0.25899999999999945,-0.027723197666266297,8.095606153740112e-26
-0.24899999999999967,-0.021630897177916972,-3.1160005756229966e-28
-0.23899999999999988,-0.016345590562350576,-4.039462608291335e-23
-0.2289999999999992,-0.011856911929977728,-4.321921093277288e-18
-0.21899999999999942,-0.008145216576361611,-1.7537955644873534e-24
-0.20899999999999963,-0.00518237669623175,5.054949352484282e-20
-0.19899999999999984,-0.0029327339676998377,-1.997906414778977e-17
-0.18899999999999917,-0.0013540930332576312,-1.1718509733617048e-19
-0.17899999999999938,0.8343496951805878,-0.5641520645115091
-0.1689999999999996,0.8342568917087622,-0.5835374912873558
-0.1589999999999998,0.8344689877630881,-0.6027779650551874
-0.14899999999999913,0.8349663791127093,0.6218613256210458
-0.13899999999999935,0.8357296308639802,0.6407779966239012
-0.12899999999999956,0.8367397753193783,0.6595207231000513
-0.11899999999999977,0.837978534549069,0.6780842969735451
-0.10899999999999999,0.8394284769293567,0.6964652853037155
-0.09899999999999931,0.8410731181710954,0.7146617715138676
-0.08899999999999952,0.8428969772689555,0.7326731162040779
-0.07899999999999974,0.8448855970997006,0.7504997411059561
-0.06899999999999995,0.847025538192945,0.7681429375295887
-0.058999999999999275,0.8493043529209406,0.7856046990991147
-0.04899999999999949,0.8517105460125491,0.8028875775398293
-0.0389999999999997,0.8542335261482054,0.8199945597352485
-0.028999999999999915,0.8568635522351408,0.8369289638635166
-0.01899999999999924,0.8595916771696678,0.8536943524452771
-0.008999999999999453,0.862409691143729,0.8702944601872643
0.001000000000000334,0.10309789722568262,0.1096182030019428
0.01100000000000012,0.4704792459064645,0.4890937577526742
0.021000000000000796,0.47858429539116343,0.4801569520550411
0.031000000000000583,-31025.584889791862,8.375617138485212e-9
0.04100000000000037,14929.840832848038,-18787.988515540637
0.051000000000000156,-26855.700407572953,-8.70525934328006e-8
0.06100000000000083,742.8140883073229,-9661.7705048168
0.07100000000000062,864.4765399742523,-10771.671458806715
0.0810000000000004,23771.92756957956,-5710.304747620694
0.09100000000000019,20296.267677453274,-13542.400767919533
0.10100000000000087,1230.3689006464024,18662.720003999646
0.11100000000000065,-6294.831880821545,-0.024677953792296273
0.12100000000000044,-6841.134381388086,0.016733671311464825
0.13100000000000023,-300.567805634975,-0.0013325357901517263
0.14100000000000001,-322.81797578510077,0.017573821802986625
0.1510000000000007,-346.6251915047268,-0.00022172239682593495
0.16100000000000048,42285.59959981819,-28331.90823810889
0.17100000000000026,1976.7338295224934,-4631.148435642023
0.18100000000000005,2114.7696418507653,-5669.936948590001
0.19100000000000072,2317.7022202790463,-16177.805565039474
0.2010000000000005,-43141.96673910535,2.2250874232420323e-8
0.2110000000000003,2477.3562159359603,7167.692156102685
0.22100000000000009,27468.284129349904,13352.053262450518
0.23100000000000076,427.7500375697542,462.56566724494866
0.24100000000000055,-1567.0226714687042,-6.858464905849762e-6
0.25100000000000033,26222.860362878404,-176.17876891426184
0.2610000000000001,26333.6034392991,-665.9892208807553
0.2710000000000008,15912.700414992614,19034.197693103437
0.2810000000000006,-0.11440326477447162,-3.7933412783014015e-9
0.29100000000000037,-0.10926147614706522,3.643215873726638e-8
0.30100000000000016,-0.051672321294000734,-8.041472232550778e-10
0.31100000000000083,-2.317704843081938,-4.854645865886294e-9
0.3210000000000006,-2.62117600491915,-8.075747797482934e-9
0.3310000000000004,-2.836785488867512,-1.1015282879528802e-8
0.3410000000000002,-3.0237269927412993,-9.242001944722797e-9
0.35100000000000087,-3.2042449716258004,-1.7995002896507967e-8
0.36100000000000065,-3.4293231761794205,-5.751338371970853e-9
0.37100000000000044,-3.6220121855224274,-4.8141848597476745e-9
0.3810000000000002,46062.06259454304,-27902.02151366136
0.391,-461.4018802295992,-0.006558679761332887
0.4010000000000007,28224.149833130155,921.0097219600359
0.4110000000000005,3901.255017888612,5306.6074039377345
0.42100000000000026,5007.772480861217,19301.715651556056
0.43100000000000005,5134.646828577606,20763.041376150813
0.4410000000000007,5108.340423533772,12249.666466816607
0.4510000000000005,-5.2603284548303835,-2.2212121706883015e-9
0.4610000000000003,-0.2774597229661059,-2.5476510590929614e-7
0.4710000000000001,-0.3793335487675777,-0.00039243142503956544
0.48100000000000076,5691.427204779945,19148.590815985885
0.49100000000000055,10289.762435193185,-0.17200981443785907
0.5010000000000003,27352.456170741647,-9795.82484143675
0.5110000000000001,-6.583844935895555,-4.404641979686763e-8
0.5210000000000008,-6.7126258966336145,-7.3817054985907654e-9
0.5310000000000006,-7.072263148983203,-7.864018075189475e-9
0.5410000000000004,-0.20490911122278696,-1.1158833778072005e-9
0.5510000000000002,-7.582326842112155,-1.970737154646644e-7
0.5610000000000008,-7.7094516571979455,-4.001396706300574e-9
0.5710000000000006,-7.966445990813596,-5.3314330862002e-9
0.5810000000000004,-7.882425452113372,-9.51779878286928e-9
0.5910000000000002,-8.259178126738963,6.976863214891089e-8
0.6010000000000009,-8.72772853235335,-1.0415431590818563e-8
0.6110000000000007,-9.082997666724527,-1.5588840399469865e-9
0.6210000000000004,-9.348088655444496,-2.5655587368341416e-7
0.6310000000000002,-9.531209284979507,-3.450235303114693e-9
0.641,20026.651059880925,15619.821304487281
0.6510000000000007,24455.405547579103,13986.398117444303
0.6610000000000005,62733.01834374969,93411.19256208927
0.6710000000000003,14052.84378598533,-0.015584705318535418
0.681,14316.730172266727,1.825739446279873
0.6910000000000007,35015.76573004643,-8293.753876350518
0.7010000000000005,30521.227142367432,-9505.732664532106
0.7110000000000003,29107.1885178123,-10481.575986192154
0.7210000000000001,29175.802307621547,-12531.399499867743
0.7310000000000008,15356.255753657088,0.0005602277083967162
0.7410000000000005,15404.663655388087,8.813668766306343e-6
0.7510000000000003,14099.078242901664,-4320.329738390942
0.7610000000000001,14409.27518238081,-5094.860320891861
0.7710000000000008,18272.613366873244,-5806.800889053708
0.7810000000000006,-5.842176445421748,-3.7079525216443216e-9
0.7910000000000004,-11.758839817743555,-7.024716631237162e-10
0.8010000000000002,-11.744329589710835,1.5221186436944113e-6
0.8110000000000008,-13.64056328897935,-5.134350711923158e-9
0.8210000000000006,-11.602179596982173,9.715528813008365e-7
0.8310000000000004,-13.11530057687642,-1.5927985908333305e-8
0.8410000000000002,-2.069233115955852,-4.096705994508071e-10
0.8510000000000009,-10.773679462345422,-9.14656574977652e-9
0.8610000000000007,-10.75826338803675,6.595258848174826e-8
0.8710000000000004,-0.07416384791148406,-0.00009003077469051928
0.8810000000000002,-10.807138537194945,-1.4966091537353813e-8
0.891,-10.858428503736139,-5.162130635945686e-10
0.9010000000000007,-10.869224934892582,-2.783642965658245e-7
0.9110000000000005,-10.495114343620504,-2.2447953537176178e-9
0.9210000000000003,-1.2957466619979605,-1.29066346662565e-8
0.931,-10.532373173358248,1.199156496428943e-6
0.9410000000000007,-10.77871630505628,-2.3177717117983633e-8
0.9510000000000005,-10.893108234481131,-1.9860528716160855e-9
0.9610000000000003,-10.720388845072796,5.4703573884917314e-8
0.9710000000000001,-0.1440254667328505,-0.0023165255584720115
0.9810000000000008,-11.236756417283797,-2.4079181760572765e-6
0.9910000000000005,-16.66806178940768,-6.353076859436174e-10
1.0010000000000003,-11.32433349662467,-4.4244034203595306e-7
1.0110000000000001,-4.895093541834211,-6.940106746631598e-9
1.0210000000000008,-14.428604558509482,-2.880771466625725e-7
1.0310000000000006,-17.546517899720335,-4.056941848644289e-6
1.0410000000000004,-10.94447009073198,-7.653241118632137e-9
1.0510000000000002,-0.1305837097215183,-0.00007826899610083072
1.0610000000000008,-0.1331930256255971,-1.9641608782776676e-8
1.0710000000000006,-11.486327785804823,-1.2065873473218975e-6
1.0810000000000004,-11.365006762017249,-6.426507751002334e-9
1.0910000000000002,-10.957359743459909,-2.293190416757706e-6
1.1010000000000009,-16.246414211418987,-1.1805715330029922e-10
1.1110000000000007,-11.002191606346654,-3.0948892665339414e-7
1.1210000000000004,-11.093055093250346,-6.569341007051827e-7
1.1310000000000002,-10.988139378777191,3.65631163965449e-8
1.141,-10.915270771505451,-1.3325097260802076e-8
1.1510000000000007,-0.10971294241292207,-0.0000830847904093653
1.1610000000000005,-15.955042563864282,1.604392789284394e-6
1.1710000000000003,-11.202371414108693,-7.503020298868766e-8
1.181,-17.777910824459752,-4.3146497019661214e-10
1.1910000000000007,-11.274576859551013,-7.031540214722591e-9
1.2010000000000005,-11.545610747737161,-2.2796660971585194e-6
1.2110000000000003,-5.474058270128719,-3.048028235182454e-9
1.221,-11.075561415443397,-3.78629539695064e-9
1.2310000000000008,-8.743276427131933,-1.1607351077282792e-7
1.2410000000000005,-11.151202590190064,-1.2651045545376797e-9
1.2510000000000003,-10.959317181143751,-8.977733918837851e-10
1.2610000000000001,-11.181582324825742,-2.205193437962937e-9
1.2710000000000008,-11.085969492983835,-3.504028380558111e-8
1.2810000000000006,-11.120248811931516,-2.0447151464740984e-9
1.2910000000000004,-11.30973501703303,-5.923745451296528e-9
1.3010000000000002,-16.96779809484086,-1.1065741507885266e-8
1.3110000000000008,-11.277159437238577,-8.5101306017411e-9
1.3210000000000006,-11.363178826659945,-1.120446056827475e-9
1.3310000000000004,-0.1269520237002853,-1.7319325662045289e-6
1.3410000000000002,-22.165462263906235,-1.3567714975328963e-9
1.3510000000000009,28226.64491956277,-0.12923025086861217
1.3610000000000007,28493.25630803067,-0.0009627024442673449
1.3710000000000004,-10.892284029449142,-1.5574455877098104e-7
1.3810000000000002,50515.66506086722,-13174.71562643495
1.391,-6.416896272111496,-2.8148263993344554e-9
1.4010000000000007,-18.151332179704,-6.188195152017713e-8
1.4110000000000005,-5.284382148502934,-3.701269600131961e-10
1.4210000000000003,-5.350333440831168,-2.5559144849453423e-12
1.431,-11.226771556807327,-4.799447009041246e-10
1.4410000000000007,-0.1541085236800644,-0.0005409637650808619
1.4510000000000005,-11.61137804947303,-6.4139853477225136e-9
1.4610000000000003,8122.070227607843,9348.807434317996
1.471,-0.14626847734766799,-6.638397150210315e-8
1.4810000000000008,-11.506707752855638,-8.333922817575942e-10
1.4910000000000005,-11.551449213087963,-4.115392529154755e-11
1.5010000000000003,-11.521542665184894,-4.873375934866157e-10
1.5110000000000001,-5.883037989201451,-8.716900340954293e-8
1.5210000000000008,-0.16005016235710304,-0.000037703556590289796
1.5310000000000006,-11.65417197588371,3.6673946163082505e-7
1.5410000000000004,-0.1616075080445837,-1.2077311517808254e-6
1.5510000000000002,-11.806351192448833,-1.804151145333894e-10
1.5610000000000008,-11.836632205674,-9.081954210885016e-8
1.5710000000000006,-9.327416802455089,-1.6923997297096492e-9
1.5810000000000004,-0.17200650955883107,-2.0223516997177896e-8
1.5910000000000002,-11.901313007937098,-5.291788995505913e-7
1.6010000000000009,-11.931335663330177,-3.0086032027774123e-9
1.6110000000000007,-11.957308751367165,-6.218429526374159e-12
1.6210000000000004,10045.078214480534,-11697.723886624039
1.6310000000000002,13839.054724260863,-16235.06775466695
1.641000000000001,14900.535323048642,-17198.244733428353
1.6510000000000007,15822.870066989173,18917.60316109808
1.6610000000000005,16693.602285737,22387.432489889747
1.6710000000000003,16178.222221727861,19519.654405232875
1.681,15183.473749531846,18510.14133634717
1.6910000000000007,14955.787613818227,17786.860785728084
1.7010000000000005,11218.998136932123,13466.071311443597
1.7110000000000003,11270.31480026166,13518.147136407917
1.721,8971.3091514436,10308.274300596962
1.7310000000000008,8347.147895758417,9524.407404958378
1.7410000000000005,8089.576650908963,9183.187110348837
1.7510000000000003,7947.879600063465,8988.099285109207
1.7610000000000001,8610.831904514238,9841.335063364217
1.7710000000000008,9798.90761118608,11278.847976645857
1.7810000000000006,16655.14954657309,18534.44316412681
1.7910000000000004,24291.057605444046,7872.857531158167
1.8010000000000002,23127.77030146292,8275.63264641224
1.8110000000000008,22643.942536688282,8719.60200562019
1.8210000000000006,37934.20105305022,5.296442979599961e-9
1.8310000000000004,37967.29197991116,6.503466357268157e-10
1.8410000000000002,38080.939321779624,1.6117003955230948e-10
1.8510000000000009,38926.09774923012,-0.00003995422786918289
1.8610000000000007,38976.28368445061,-0.00017470768369567702
1.8710000000000004,22952.959174398704,9350.334376033623
1.8810000000000002,23251.98482882957,9306.907913886149
1.891000000000001,23561.958365352308,9212.817228990962
1.9010000000000007,23879.533086033476,9077.35278120129
1.9110000000000005,24201.825315626647,8908.37898445864
1.9210000000000003,40307.98902733752,-0.0014292200191833439
1.931,40724.04516499948,-0.09302453082860535
1.9410000000000007,40935.46590700178,0.09525039937725541
1.9510000000000005,21606.431426237967,10274.836493395325
1.9610000000000003,22044.880621390384,9886.448275258579
1.971,22529.09503177267,9555.505473967918
1.9810000000000008,23013.780391347173,9228.881480992462
1.9910000000000005,23489.001206079625,8859.475132856425
2.0010000000000003,10220.842490330706,11728.64478970641
2.011,10347.966690517118,11880.665349762294
2.021000000000001,10483.85621601368,12042.84524987678
2.0310000000000006,10629.388809355192,12216.054424707449
2.0410000000000004,10774.80006122288,12388.34108940371
2.051,10926.190575440678,12566.992477454678
2.061000000000001,7286.297072699233,7810.709073749329
2.0710000000000006,7371.07162084317,7911.938842458291
2.0810000000000004,7459.558318213286,8018.292417971735
2.091,7481.450321071239,8038.809031594654
2.101000000000001,11462.744102981113,13192.25222780296
2.1110000000000007,11466.348367085033,13195.385295837415
2.1210000000000004,11465.858801946604,13193.477397387926
2.1310000000000002,11471.53444861092,13198.602944539198
2.141000000000001,11491.107971138134,13220.003592678753
2.1510000000000007,24801.946239240293,9388.947872934279
2.1610000000000005,24681.50548400289,9866.294075588288
2.1710000000000003,24558.819711617507,10322.516556776074
2.181,24434.706744710365,10758.888863300846
2.1910000000000007,24309.864485936087,11176.592783941918
2.2010000000000005,24184.803516503594,11576.91068140893
2.2110000000000003,22401.99918015882,10894.456913164146
2.221,46833.45124906984,0.013465617675865665
2.2310000000000008,30567.835898331858,1782.3229502180122
2.2410000000000005,30053.511742115126,2043.5239283161086
2.2510000000000003,29688.383679666833,2293.2282581902778
2.261,29398.77762363416,2528.6861596526287
2.271000000000001,29153.436113799686,2754.8805135041002
2.2810000000000006,28940.815697702426,2970.0304270703855
2.2910000000000004,28753.35779851761,3174.2590723543444
2.301,28585.36763036475,3369.436147186144
2.311000000000001,28481.274602534173,3566.3618739860212
2.3210000000000006,28538.618245467016,3791.81094275746
2.3310000000000004,28594.634101489286,4012.2113831271995
2.341,28685.9723851134,-2996.013118509794
2.351000000000001,28878.620613706647,-2558.2402362670696
2.3610000000000007,29036.18954653844,-2119.928752481323
2.3710000000000004,29156.823437391715,-1682.768729134391
2.3810000000000002,29239.358016931044,-1249.0493634753138
2.391000000000001,29285.00688690075,-820.9476217303444
2.4010000000000007,29296.572451197935,-400.6166006323255
2.4110000000000005,29278.1507374566,9.980778174008684
2.4210000000000003,29234.34984636283,409.41871843950696
2.431,29170.167231069976,796.6667642441297
2.4410000000000007,29089.84323910776,1171.315608578869
2.4510000000000005,28997.562641467244,1532.8962966136205
2.4610000000000003,28896.372835892926,1881.517372729332
2.471,28789.413326012473,2216.0549324228723
2.4810000000000008,28677.85984516926,2539.3141681015304
2.4910000000000005,28563.7057638109,2850.5865741462717
2.5010000000000003,28448.381850048907,3150.153013158939
2.511,28333.10331289068,3438.9325714655433
2.521000000000001,28216.83086922519,3716.5459679066557
2.5310000000000006,28123.835515787083,3937.4973177350003
2.5410000000000004,28051.610366339886,4111.018896885893
2.551,27982.623340633047,4276.515835006323
2.561000000000001,27917.57987659086,4434.327984154883
2.5710000000000006,27854.887211229536,4584.3154874600505
2.5810000000000004,4497.9450442551915,4872.0287122346845
2.591,10782.964095066569,-0.3915655670205185
2.601000000000001,10816.178341938745,-0.7939285383847714
2.6110000000000007,10866.224979906792,-0.8194362315634429
2.6210000000000004,10901.938725922793,-0.20810070729288382
2.6310000000000002,10991.200534711636,-0.048271760829047924
2.641000000000001,11069.868941057686,-0.1824844811601708
2.6510000000000007,11133.027368962616,0.006072438386275983
2.6610000000000005,11153.011497084794,0.3936393960550252
2.6710000000000003,11170.406886086786,0.776485377604218
2.681,11163.67456458965,0.00020413256845334173
2.6910000000000007,11255.138632122378,0.053233171864605536
2.7010000000000005,11252.217397463291,6.496557059128111e-6
2.7110000000000003,11301.329691332781,0.8035721990453202
2.721,11380.042022527958,0.026962761570979286
2.7310000000000008,11333.31235716046,3.268481513329561e-8
2.7410000000000005,11473.742742510094,0.05311957121422474
2.7510000000000003,11521.805319580779,0.18449724951183194
2.761,11515.440732441928,0.8889809724675046
2.771000000000001,11567.231083799825,0.051803212378911695
2.7810000000000006,11608.055375164962,0.43049168708367036
2.7910000000000004,11609.266016077656,0.00012713779252657089
2.801,11671.567553277122,6.882283888933899e-6
2.811000000000001,11725.692819781332,0.014084047650992422
2.8210000000000006,11677.782384600025,-1.6889294635366472e-8
2.8310000000000004,11777.464762267391,0.21434609233699625
2.841,11760.57361986084,-9.080043028950984e-9
2.851000000000001,11861.049997607583,-0.05543893088592454
2.8610000000000007,11901.77051977697,-0.00709903110267055
2.8710000000000004,11976.533532815418,-0.4231682822907823
2.8810000000000002,6618.453630340816,7053.548588165477
2.891000000000001,6639.365972419262,7076.025826023405
2.9010000000000007,6657.783431900472,7096.074130247695
2.9110000000000005,6676.071616184235,7115.996216105348
2.9210000000000003,6743.765331267131,7184.004969358
2.931,6738.480529605313,7180.989287345276
2.9410000000000007,6753.978335983253,7198.195967403722
2.9510000000000005,10535.9352530002,11316.014905428883
2.9610000000000003,10552.836186932527,11330.161218186
2.971,10570.525391782729,11345.353229245768
2.9810000000000008,10585.034692579558,11356.49693521135
2.9910000000000005,10412.018164486242,11129.315036365828
3.0010000000000003,10424.244219293341,11138.061526748164
3.011,34175.388410845626,12728.202816504514
3.021000000000001,34069.00957981397,12869.875332075357
3.0310000000000006,33955.44423088993,13019.165748761146
3.0410000000000004,33833.812419628084,13176.878967250705
3.051,33703.62338449538,13343.095145038906
3.061000000000001,33564.16284661275,13518.163659839676
3.0710000000000006,33414.27415109925,13703.00233914356
3.0810000000000004,33253.49707589799,13897.333805135971
3.091,33080.460615745105,14102.12888023044
3.101000000000001,32894.52200433192,14317.122922121855
3.1110000000000007,32694.400843865333,14542.840112125816
3.1210000000000004,32478.773059408413,14779.6504642847
3.1310000000000002,32246.23823515812,15027.838533833024
3.141000000000001,44823.66968468751,32017.84416212285
3.1510000000000007,12628.80483543189,4512.319883011492
3.1610000000000005,12619.859960088594,4522.727734048942
3.1710000000000003,12610.819381394944,4533.1723788719
3.181,12601.68929623949,4543.634257599025
3.1910000000000007,12592.473865308215,4554.116643225838
3.2010000000000005,12583.184310187708,4564.58571113745
3.2110000000000003,12573.821357931067,4575.0533335350265
3.221,12564.400656652635,4585.475801127518
3.2310000000000008,12554.931959392812,4595.831750878926
3.2410000000000005,12545.424678573738,4606.095316939698
3.2510000000000003,12535.879476116888,4616.278623589649
3.261,12526.296936710998,4626.391394485811
3.271000000000001,12516.702815135068,4636.353478401228
3.2810000000000006,12507.110619024952,4646.136693719751
3.2910000000000004,12497.512174511003,4655.768678092717
3.301,30250.603477655608,-2616.1182751314564
3.311000000000001,30257.330948637635,-2626.8463293798927
3.3210000000000006,30284.690476475633,-2639.6578662020665
3.3310000000000004,30315.220862972863,-2653.9131952211014
3.341,30339.75476077647,-2667.507883417074
3.351000000000001,10796.191868082358,-11411.674725935518
3.3610000000000007,10852.517719352034,-11473.940824366857
3.3710000000000004,-0.4858894070508232,8.66808559360435e-8
3.3810000000000002,-0.486083035483115,0.000011293365029991709
3.391000000000001,-0.4950417390834091,0.00035474160290107476
3.4010000000000007,-15.214495331434287,-1.4197374544046067e-8
3.4110000000000005,-7.743442387727744,-9.700159001715419e-9
3.4210000000000003,10780.296767064709,-11371.104710075839
3.431000000000001,10640.311229896453,-11210.086102464444
3.4410000000000007,10691.122163443692,-11265.021684165959
3.4510000000000005,-15.220342009466332,-2.122059600920678e-9
3.4610000000000003,-15.338573561247124,-6.338243635830751e-12
3.471,-15.288942372025225,-5.620289110001329e-11
3.4810000000000008,-15.336600597756005,3.5923367958365414e-8
3.4910000000000005,-0.4895954515647763,0.00017835956158399134
3.5010000000000003,-23.447876136509116,-1.9364696399054277e-10
3.511,-15.329294249800746,9.81023878784236e-7
3.521,12097.674517704789,-12901.584244283438
3.5309999999999997,2066.7151246616554,-2225.602201841803
3.5410000000000013,11158.556346516662,11770.104542937986
3.551000000000001,-0.484635705712433,2.8033869604307733e-6
3.561000000000001,-15.28684407575321,-7.774423079249728e-9
3.5710000000000006,-15.329772515699407,1.116214764354941e-16
3.5810000000000004,12227.217066443975,-13026.205946153208
3.591,-0.5029240034385828,0.0007337149676693436
3.601,-0.5028461988909827,0.0007167659379421763
3.6109999999999998,-15.316462182639357,2.0520219252736533e-7
3.6210000000000013,-0.4838674245521955,2.1767022015266478e-8
3.631000000000001,2307.495719857521,-2485.5583515618832
3.641000000000001,6102.118940173146,-6612.370369422904
3.6510000000000007,-0.48369967142882825,3.5373409883120806e-7
3.6610000000000005,-0.4836610788570542,1.3839053471475421e-6
3.6710000000000003,-15.31712154616205,-6.450187713207019e-13
3.681,-0.4835022360006288,7.073006105434681e-7
3.691,-0.4839789707523335,0.000022138532567408024
3.7009999999999996,-15.312847368989395,-1.8433749073716898e-9
3.711000000000001,-0.4833460487186126,6.942190466449359e-7
3.721000000000001,-23.306718311438544,-5.2718398322358595e-8
3.7310000000000008,-47.23535073854812,-5.485454620791188e-8
3.7410000000000005,14710.43999133007,-5292.408133129322
3.7510000000000003,-0.4830888128322444,8.724197916142324e-8
3.761,-15.313577991662648,-1.007001054538058e-9
3.771,-15.312582522688531,7.65373995407262e-8
3.7809999999999997,-15.30913560232028,-3.2140776501817703e-9
3.7910000000000013,7045.2639616323795,-7617.653595671292
3.801000000000001,7126.301961498687,-7702.560302999561
3.811000000000001,-0.4826732843791272,2.191766912068388e-8
3.8210000000000006,-0.4825163034573652,8.615194282125203e-8
3.8310000000000004,-23.227149260809263,-5.90064059240933e-8
3.841,-0.48240039222440007,8.79340382934132e-8
3.851,-0.48262847981701823,0.000010998049741987542
3.8609999999999998,12207.948186823456,12880.669702061876
3.8710000000000013,-15.3044635622784,1.0358091961547995e-7
3.881000000000001,7117.41493048073,-7699.374856240754
3.891000000000001,-38.66805201670776,-2.263395821071555e-10
3.9010000000000007,-0.857606195855785,0.014570788384186073
3.9110000000000005,-0.8575034001826034,0.01455113668606823
3.9210000000000003,-0.8573989135616782,0.014531450692975869
3.931,-0.8572927855104172,0.014511084739843569
3.941,-0.8571853758192739,0.014490747417141962
3.9509999999999996,-0.8570767385454698,0.014470456679918382
3.961000000000001,-0.8569665900430661,0.014450269487960746
3.971000000000001,-0.8568551303783895,0.014429996424108749
3.9810000000000008,-0.8567424818917638,0.014409836299504111
3.9910000000000005,-0.8566285250752038,0.014389431588113424
4.001,-0.8565132805000324,0.014369263518147442
4.011,-0.856396952346217,0.01434902160503574
4.021,-0.8562793697456347,0.014328767591851116
4.031,-0.8561604967277039,0.014308578985616032
4.041000000000001,-0.8560405742281872,0.014288358157987797
4.051000000000001,-0.8559194715864055,0.014268281969479404
4.061000000000001,-0.8557972799580235,0.014248051423777528
4.071000000000001,-0.8556738820899842,0.014227818479930193
4.081,-0.8555495685757167,0.014207682982426906
4.091,-0.8554239781729962,0.014187511490873102
4.101,-0.8552974856439768,0.014167382262093596
4.111,-0.8551699521695548,0.014147238504198724
4.121000000000001,-0.8550413589254968,0.014127029482335962
4.131000000000001,-0.854911784555133,0.014106951947044009
4.141000000000001,-0.8547811769557615,0.014086786813177137
4.151000000000001,-0.8546496537577745,0.014066748182205224
4.1610000000000005,-0.8545171969885501,0.014046660584080984
4.171,-0.8543837287402934,0.014026491423122428
4.181,-15.318111077098347,-6.629095189218284e-9
4.191,-23.21067633195583,-9.476870666172367e-10
4.201000000000001,-23.13197754391427,-5.764315507827571e-7
4.211000000000001,13851.724644724369,-14676.896365231038
4.221000000000001,-0.4837111438700867,2.758702910649166e-6
4.231000000000001,-51.90036282627932,-2.731413851830688e-9
4.2410000000000005,-15.318686061261518,-1.110556010350639e-9
4.251,-15.317835470921008,-6.814220060801308e-9
4.261,-0.49243563777099225,0.00036314055319960285
4.271,12446.561248136795,-13083.819978903282
4.281,-34.50609901207968,1.610005890586038e-8
4.291000000000001,5987.74666950692,-6471.199589036822
4.301000000000001,-0.483363329713615,4.2850492177584985e-8
4.311000000000001,12510.052175258146,-13150.262161808054
4.321000000000001,-15.315290895721844,-8.532602505556245e-10
4.331,-10.193566709032341,-2.139223749748649e-9
4.341,12623.726129962113,-13269.87879995361
4.351,16266.14002541263,-6765.102543977062
4.361,-0.48311390611894156,3.4910313947024297e-7
4.371000000000001,-23.1417866884046,-9.841363080948572e-9
4.381000000000001,-51.54288204142436,-5.4650570763598514e-8
4.391000000000001,12691.86176812511,-13341.274444794004
4.401000000000001,16151.78320972821,-7130.041385414866
4.4110000000000005,-15.308201789630383,1.9324872001018984e-7
4.421,-23.20975876962425,-3.6378561802170274e-9
4.431,17127.98267302839,-16637.08764716974
4.441,-0.4827238882830461,4.411312330027096e-8
4.451000000000001,-7.673061685058101,-4.321875350001695e-9
4.461000000000001,11282.680725895092,-11928.640551697923
4.471000000000001,-15.308862073007695,-1.8555303849327985e-9
4.481000000000001,-23.41529462213935,-1.0910116525138605e-7
4.4910000000000005,-15.304765148707684,-9.008199386046844e-9